Constituintes Autorizados,CAS,Especificações,Função,Alegações autorizadas e requisitos para uso da alegação,Requisitos de Rotulagem Complementar e outros,Outras Informações
" Associação de Bifidobacterium longum subsp. longum BB536,Bifidobacterium longum subsp. infantis M-63 e Bifidobacterium breve M-16V",,"Para este constituinte foram aprovadas as especificações do fabricante: Morinaga Milk Industry CO., LTD","Fonte de Bifidobacterium longum subsp. longum BB536,
Bifidobacterium longum subsp. infantis M-63 e Bifidobacterium breve M-16V""","1)  A associação Bifidobacterium longum subsp. longum BB536 , Bifidobacterium longum subsp. infantis M-63 e Bifidobacterium breve M16V pode contribuir com a saúde do trato gastrointestinal.
Requisitos: A alegação é restrita aos suplementos alimentares cuja quantidade mínima de Bifidobacterium longum subsp. longum BB536 , Bifidobacterium longum subsp. infantis M-63 e Bifidobacterium breve M16V atenda aos valores mínimos estabelecidos no Anexo III da IN 28/2018.","A advertência ""Este produto não deve ser consumido por crianças abaixo de 4 anos, adultos, gestantes, lactantes, pessoas imunocomprometidas ou pessoas acometidas de condição de saúde debilitante grave"" deve constar na rotulagem do produto",
 Extrato Aquoso do Cogumelo de Shiitake (Lentinula edodes),,Para este constituinte foram aprovadas as especificações do fabricante: Amino UP Chemical Company - Japão,Fonte de α-glucana,Não foi aprovada alegação de propriedade funcional nem de saúde para o ingrediente,"A advertência “Este produto não deve ser consumido por gestantes, lactantes e crianças.” deve constar na rotulagem do produto.",
 LACTOBACILLUS PLANTARUM DR7,,"Para este constituinte foram aprovadas as especificações do fabricante: Lactosan GmbH & Co. KG. Kapfenberg, Austria.",Fonte de Lactobacillus plantarum DR7,1) Alegação: O Lactobacillus plantarum DR 7 pode auxiliar na redução de sensações de estresse e ansiedade em adultos saudáveis.,"A advertência ""Este produto não deve ser consumido por gestantes, lactantes e
crianças.” deve constar na rotulagem do produto.",Aprovado pela Resolução RE Nº  1002 de 31/03/2022 - Autorizado apenas para os peticionantes até a inclusão na IN 28/2018 e suas atualizações.
 Óleo de amêndoa de baru,,Para este constituinte foram aprovadas as especificações do fabricante: Soul Indústria e Comércio Ltda. Palmelo – GO., Fonte de lipídeos,Não autorizada alegação de propriedade funcional e/ou saúde para esse ingrediente.,,
2'-Fucosil-lactose obtido por fermentação microbiana com Escherichia coli K12 (DH1) MAP1001d,,Para este constituinte foram aprovadas as especificações do fabricante:  Glycom,Fonte de fibras alimentares,Não foi aprovada alegação de propriedade funcional nem de saúde para o ingrediente,"As advertências ""Este produto não deve ser consumido por crianças abaixo de 4 anos."" e ""Os suplementos não devem ser utilizados se forem consumidos no mesmo dia outros alimentos com adição de 2-fucosillactose."" devem constar na rotulagem do produto.",
2'-Fucosil-lactose obtido por fermentação microbiana com Escherichia coli K12 (DH1) SCR6,,Para este constituinte foram aprovadas as especificações do fabricante:  Glycom,Fonte de fibras alimentares,Não foi aprovada alegação de propriedade funcional nem de saúde para o ingrediente,"As advertências ""Este produto não deve ser consumido por crianças abaixo de 4 anos."" e ""Os suplementos não devem ser utilizados se forem consumidos no mesmo dia outros alimentos com adição de 2-fucosillactose."" devem constar na rotulagem do produto.",
Acerola em pó,,Para este constituinte foram aprovadas as especificações do fabricante: ADM do Brasil Ltda,Fonte de vitamina C,Não foi aprovada alegação de propriedade funcional nem de saúde para o ingrediente,,
Acerola em pó,,"Para este constituinte foram aprovadas as especificações dos fabricantes: 1) DIANA NATURALS CHICLE SPA (Diana Food). Buin, Chile. 2)  Duas Rodas Industrial Ltda. Jaraguá do Sul, Santa Catarina.",Fonte de vitamina C,"1) Alegação: A vitamina C auxilia na absorção de ferro dos alimentos. Requisitos: As alegações são restritas aos suplementos alimentares cuja quantidade de vitamina C atenda aos valores mínimos estabelecidos na IN 28/2018 e suas atualizações.
2) Alegação: A vitamina C é um antioxidante que auxilia na proteção dos danos causados pelos radicais livres. Requisitos: As alegações são restritas aos suplementos alimentares cuja quantidade de vitamina C atenda aos valores mínimos estabelecidos na IN 28/2018 e suas atualizações.
3) Alegação: A vitamina C auxilia no funcionamento do sistema imune. Requisitos: As alegações são restritas aos suplementos alimentares cuja quantidade de vitamina C atenda aos valores mínimos estabelecidos na IN 28/2018 e suas atualizações.
4) Alegação: A vitamina C auxilia na formação do colágeno. Requisitos: As alegações são restritas aos suplementos alimentares cuja quantidade de vitamina C atenda aos valores mínimos estabelecidos na IN 28/2018 e suas atualizações.
5) Alegação: A vitamina C auxilia na regeneração da forma reduzida da vitamina E. Requisitos: As alegações são restritas aos suplementos alimentares cuja quantidade de vitamina C atenda aos valores mínimos estabelecidos na IN 28/2018 e suas atualizações.
6) Alegação: A vitamina C auxilia no metabolismo energético. Requisitos: As alegações são restritas aos suplementos alimentares cuja quantidade de vitamina C atenda aos valores mínimos estabelecidos na IN 28/2018 e suas atualizações.
7) Alegação: A vitamina C auxilia no metabolismo de proteínas e gorduras. Requisitos: As alegações são restritas aos suplementos alimentares cuja quantidade de vitamina C atenda aos valores mínimos estabelecidos na IN 28/2018 e suas atualizações.
8) Alegação: Fonte de vitamina C. Requisitos: As alegações são restritas aos suplementos alimentares cuja quantidade de vitamina C atenda aos valores mínimos estabelecidos na IN 28/2018 e suas atualizações.
9) Alegação: Alto conteúdo/Rico em/Alto teor de vitamina C. Requisitos: A alegação é restrita aos suplementos alimentares cuja quantidade de vitamina C corresponda ao dobro dos valores mínimos estabelecidos na IN 28/2018 e suas atualizações, desde que não ultrapasse o limite máximo estabelecido na IN 28/2018 e suas atualizações.",,
Acetato de cálcio,62-54-4,"The EFSA Journal (2009) 1088, 1-25

FCC 

17th JECFA (1973), FNP 4 (1978), FNP 52 (1992), FAO JECFA MONOGRAPHS 1 (2006)

EUROPEAN PHARMACOPOEIA 9.0",Fonte de Cálcio,"1) Alegação: O cálcio auxilia na formação e manutenção de ossos e dentes. Requisito: As alegações são restritas aos suplementos alimentares cuja quantidade de cálcio atenda aos valores mínimos estabelecidos na IN 28/2018 e suas atualizações.
2) Alegação: O cálcio auxilia na coagulação do sangue. Requisito: As alegações são restritas aos suplementos alimentares cuja quantidade de cálcio atenda aos valores mínimos estabelecidos na IN 28/2018 e suas atualizações.
3) Alegação: O cálcio auxilia no funcionamento muscular. Requisito: As alegações são restritas aos suplementos alimentares cuja quantidade de cálcio atenda aos valores mínimos estabelecidos na IN 28/2018 e suas atualizações.
4) Alegação: O cálcio auxilia no funcionamento neuromuscular. Requisito: As alegações são restritas aos suplementos alimentares cuja quantidade de cálcio atenda aos valores mínimos estabelecidos na IN 28/2018 e suas atualizações.
5) Alegação: O cálcio auxilia no processo de divisão celular. Requisito: As alegações são restritas aos suplementos alimentares cuja quantidade de cálcio atenda aos valores mínimos estabelecidos na IN 28/2018 e suas atualizações.
6) Alegação: O cálcio auxilia no metabolismo energético. Requisito: As alegações são restritas aos suplementos alimentares cuja quantidade de cálcio atenda aos valores mínimos estabelecidos na IN 28/2018 e suas atualizações.
7) Alegação: Fonte de cálcio. Requisito: As alegações são restritas aos suplementos alimentares cuja quantidade de cálcio atenda aos valores mínimos estabelecidos na IN 28/2018 e suas atualizações.
8) Realagação: Alto conteúdo/Rico em/Alto teor de cálcio. Requisitos:
A alegação é restrita aos suplementos alimentares cuja quantidade de cálcio corresponda ao dobro dos valores mínimos estabelecidos na IN 28/2018 e suas atualizações, desde que não ultrapasse o limite máximo estabelecido.",Não há requisitos adicionais,
Acetato de dextroalfatocoferol/Acetato de D-alfa-tocoferol,58-95-7,"FCC 

EFSA Journal 2016;14(3):4412",Fonte de Vitamina E,"1) Alegação: A vitamina E é um antioxidante que auxilia na proteção dos danos causados pelos radicais livres. Requisitos: A alegação é restrita aos suplementos alimentares cuja quantidade de vitamina E atenda aos valores mínimos estabelecidos na IN 28/2018 e suas atualizações.
2) Alegação: Fonte de vitamina E. Requisitos: A alegação é restrita aos suplementos alimentares cuja quantidade de vitamina E atenda aos valores mínimos estabelecidos na IN 28/2018 e suas atualizações
3) Alegação: Alto conteúdo/Rico em/Alto teor de vitamina E. Requisitos: A alegação é restrita aos suplementos alimentares cuja quantidade de vitamina E corresponda ao dobro dos valores mínimos estabelecidos na IN 28/2018 e suas atualizações, desde que não ultrapasse o limite máximo estabelecido na IN 28/2018 e suas atualizações.",Não há requisitos adicionais,
Acetato de DL-alfa-tocoferol/Acetato de racealfatocoferol/Acetato de DL-alfatocoferila,7695-91-2,"EFSA Journal 2016;14(3):4412

European pharmacopoeia 9.0",Fonte de Vitamina E,"1) Alegação: A vitamina E é um antioxidante que auxilia na proteção dos danos causados pelos radicais livres. Requisitos: A alegação é restrita aos suplementos alimentares cuja quantidade de vitamina E atenda aos valores mínimos estabelecidos na IN 28/2018 e suas atualizações.
2) Alegação: Fonte de vitamina E. Requisitos: A alegação é restrita aos suplementos alimentares cuja quantidade de vitamina E atenda aos valores mínimos estabelecidos na IN 28/2018 e suas atualizações
3) Alegação: Alto conteúdo/Rico em/Alto teor de vitamina E. Requisitos: A alegação é restrita aos suplementos alimentares cuja quantidade de vitamina E corresponda ao dobro dos valores mínimos estabelecidos na IN 28/2018 e suas atualizações, desde que não ultrapasse o limite máximo estabelecido na IN 28/2018 e suas atualizações.",Não há requisitos adicionais,
Acetato de L-lisina,57282-49-2,"European pharmacopoeia 9.0 

 USP-NF",Fonte do aminoácido Lisina,Não autorizada alegação de propriedade funcional e/ou saúde para esse ingrediente.,"A advertência ""Este produto não deve ser consumido por gestantes, lactantes e crianças"" deve constar na rotulagem do produto.",
Acetato de magnésio,142-72-3,,Fonte de Magnésio,"1) Alegação:O magnésio auxilia na formação de ossos e dentes. Requisitos:  As alegações são restritas aos suplementos alimentares cuja quantidade de magnésio atenda aos valores mínimos estabelecidos na IN 28/2018 e suas atualizações.
2) Alegação: O magnésio auxilia no metabolismo energético. Requisitos:  As alegações são restritas aos suplementos alimentares cuja quantidade de magnésio atenda aos valores mínimos estabelecidos na IN 28/2018 e suas atualizações
3) Alegação: O magnésio auxilia no metabolismo de proteínas, carboidratos e gorduras. Requisitos:  As alegações são restritas aos suplementos alimentares cuja quantidade de magnésio atenda aos valores mínimos estabelecidos na IN 28/2018 e suas atualizações.
4) Alegação: O magnésio auxilia no equilíbrio dos eletrólitos. Requisitos:  As alegações são restritas aos suplementos alimentares cuja quantidade de magnésio atenda aos valores mínimos estabelecidos na IN 28/2018 e suas atualizações.
5) Alegação:  O magnésio auxilia no funcionamento muscular. Requisitos: As alegações são restritas aos suplementos alimentares cuja quantidade de magnésio atenda aos valores mínimos estabelecidos na IN 28/2018 e suas atualizações.
6) Alegação: O magnésio auxilia no funcionamento neuromuscular. Requisitos: As alegações são restritas aos suplementos alimentares cuja quantidade de magnésio atenda aos valores mínimos estabelecidos na IN 28/2018 e suas atualizações.
7) Alegação: O magnésio auxilia no processo de divisão celular. Requisitos: As alegações são restritas aos suplementos alimentares cuja quantidade de magnésio atenda aos valores mínimos estabelecidos na IN 28/2018 e suas atualizações.
8) Alegação: Fonte de magnésio. Requisitos: As alegações são restritas aos suplementos alimentares cuja quantidade de magnésio atenda aos valores mínimos estabelecidos na IN 28/2018 e suas atualizações.
9) Alegação: Alto conteúdo/Rico em/Alto teor de magnésio. Requisitos: A alegação é restrita aos suplementos alimentares cuja quantidade de magnésio corresponda ao dobro dos valores mínimos estabelecidos na IN 28/2018 e suas atualizações, desde que não ultrapasse o limite máximo estabelecido na IN 28/2018 e suas atualizações.",Não há requisitos adicionais,
Acetato de retinol/Acetato de retinila,127-47-9,"European pharmacopoeia 9.0 

1511 JP XVII",Fonte de Vitamina A,"1) Alegação: A vitamina A auxilia na visão. Requisitos: As alegações são restritas aos suplementos alimentares cuja quantidade de vitamina A atenda aos valores mínimos estabelecidos na IN 28/2018 e suas atualizações..
2) Alegação: A vitamina A auxilia no funcionamento do sistema imune. Requisitos: As alegações são restritas aos suplementos alimentares cuja quantidade de vitamina A atenda aos valores mínimos estabelecidos na IN 28/2018 e suas atualizações.
3) Alegação: A vitamina A auxilia no metabolismo do ferro. Requisitos: As alegações são restritas aos suplementos alimentares cuja quantidade de vitamina A atenda aos valores mínimos estabelecidos na IN 28/2018 e suas atualizações.
4) Alegação: A vitamina A contribui para a manutenção da pele. Requisitos: As alegações são restritas aos suplementos alimentares cuja quantidade de vitamina A atenda aos valores mínimos estabelecidos na IN 28/2018 e suas atualizações.
5) Alegação: A vitamina A auxilia na manutenção de mucosas.  Requisitos: As alegações são restritas aos suplementos alimentares cuja quantidade de vitamina A atenda aos valores mínimos estabelecidos na IN 28/2018 e suas atualizações
6) Alegação: A vitamina A auxilia no processo de diferenciação celular. Requisitos: As alegações são restritas aos suplementos alimentares cuja quantidade de vitamina A atenda aos valores mínimos estabelecidos na IN 28/2018 e suas atualizações.
7) Alegação: Fonte de vitamina A. Requisitos: As alegações são restritas aos suplementos alimentares cuja quantidade de vitamina A atenda aos valores mínimos estabelecidos na IN 28/2018 e suas atualizações.
8) Alegação: Alto conteúdo/Rico em/Alto teor de vitamina A. Requisitos: A alegação é restrita aos suplementos alimentares cuja quantidade de vitamina A corresponda ao dobro dos valores mínimos estabelecidos na IN 28/2018 e suas atualizações., desde que não ultrapasse o limite máximo estabelecido na IN 28/2018 e suas atualizações.",Não há requisitos adicionais,
Acetato de zinco,557-34-6,USP-NF,Fonte de Zinco,"1) Alegação: O zinco é um antioxidante que auxilia na proteção dos danos causados pelos radicais livres. Requisitos: As alegações são restritas aos suplementos alimentares cuja quantidade de zinco atenda aos valores mínimos estabelecidos na IN 28/2018 e suas atualizações.
2) Alegação: O zinco auxilia na visão. Requisitos: As alegações são restritas aos suplementos alimentares cuja quantidade de zinco atenda aos valores mínimos estabelecidos na IN 28/2018 e suas atualizações.
3) Alegação: O zinco auxilia no metabolismo da vitamina A. Requisitos: As alegações são restritas aos suplementos alimentares cuja quantidade de zinco atenda aos valores mínimos estabelecidos na IN 28/2018 e suas atualizações
4) Alegação: O zinco contribui para a manutenção do cabelo, da pele e das unhas. Requisitos: As alegações são restritas aos suplementos alimentares cuja quantidade de zinco atenda aos valores mínimos estabelecidos na IN 28/2018 e suas atualizações
5) Alegação: O zinco auxilia no metabolismo de proteínas, carboidratos e gorduras. Requisitos: As alegações são restritas aos suplementos alimentares cuja quantidade de zinco atenda aos valores mínimos estabelecidos na IN 28/2018 e suas atualizações
6) Alegação: O zinco auxilia na síntese de proteínas. Requisitos: As alegações são restritas aos suplementos alimentares cuja quantidade de zinco atenda aos valores mínimos estabelecidos na IN 28/2018 e suas atualizações.
7) Alegação: O zinco auxilia no processo de divisão celular. Requisitos: As alegações são restritas aos suplementos alimentares cuja quantidade de zinco atenda aos valores mínimos estabelecidos na IN 28/2018 e suas atualizações
8) Alegação: O zinco auxilia na manutenção de ossos. Requisitos: As alegações são restritas aos suplementos alimentares cuja quantidade de zinco atenda aos valores mínimos estabelecidos na IN 28/2018 e suas atualizações
9) Alegação: O zinco auxilia no funcionamento do sistema imune. Requisitos: As alegações são restritas aos suplementos alimentares cuja quantidade de zinco atenda aos valores mínimos estabelecidos na IN 28/2018 e suas atualizações
10) Alegação: Fonte de zinco.Requisitos: As alegações são restritas aos suplementos alimentares cuja quantidade de zinco atenda aos valores mínimos estabelecidos na IN 28/2018 e suas atualizações
11) Alegação: Alto conteúdo/Rico em/Alto teor de zinco. Requisitos: A alegação é restrita aos suplementos alimentares cuja quantidade de zinco corresponda ao dobro dos valores mínimos estabelecidos na IN 28/2018 e suas atualizações, desde que não ultrapasse o limite máximo estabelecido na IN 28/2018 e suas atualizações.",Não há requisitos adicionais,
Acetato de zinco diidratado,5970-45-6,"European pharmacopoeia 9.0

USP-NF

FCC 

EFSA Journal 2015;13(4):4058",Fonte de Zinco,"1) Alegação: O zinco é um antioxidante que auxilia na proteção dos danos causados pelos radicais livres. Requisitos: As alegações são restritas aos suplementos alimentares cuja quantidade de zinco atenda aos valores mínimos estabelecidos na IN 28/2018 e suas atualizações.
2) Alegação: O zinco auxilia na visão. Requisitos: As alegações são restritas aos suplementos alimentares cuja quantidade de zinco atenda aos valores mínimos estabelecidos na IN 28/2018 e suas atualizações.
3) Alegação: O zinco auxilia no metabolismo da vitamina A. Requisitos: As alegações são restritas aos suplementos alimentares cuja quantidade de zinco atenda aos valores mínimos estabelecidos na IN 28/2018 e suas atualizações
4) Alegação: O zinco contribui para a manutenção do cabelo, da pele e das unhas. Requisitos: As alegações são restritas aos suplementos alimentares cuja quantidade de zinco atenda aos valores mínimos estabelecidos na IN 28/2018 e suas atualizações
5) Alegação: O zinco auxilia no metabolismo de proteínas, carboidratos e gorduras. Requisitos: As alegações são restritas aos suplementos alimentares cuja quantidade de zinco atenda aos valores mínimos estabelecidos na IN 28/2018 e suas atualizações
6) Alegação: O zinco auxilia na síntese de proteínas. Requisitos: As alegações são restritas aos suplementos alimentares cuja quantidade de zinco atenda aos valores mínimos estabelecidos na IN 28/2018 e suas atualizações.
7) Alegação: O zinco auxilia no processo de divisão celular. Requisitos: As alegações são restritas aos suplementos alimentares cuja quantidade de zinco atenda aos valores mínimos estabelecidos na IN 28/2018 e suas atualizações
8) Alegação: O zinco auxilia na manutenção de ossos. Requisitos: As alegações são restritas aos suplementos alimentares cuja quantidade de zinco atenda aos valores mínimos estabelecidos na IN 28/2018 e suas atualizações
9) Alegação: O zinco auxilia no funcionamento do sistema imune. Requisitos: As alegações são restritas aos suplementos alimentares cuja quantidade de zinco atenda aos valores mínimos estabelecidos na IN 28/2018 e suas atualizações
10) Alegação: Fonte de zinco.Requisitos: As alegações são restritas aos suplementos alimentares cuja quantidade de zinco atenda aos valores mínimos estabelecidos na IN 28/2018 e suas atualizações
11) Alegação: Alto conteúdo/Rico em/Alto teor de zinco. Requisitos: A alegação é restrita aos suplementos alimentares cuja quantidade de zinco corresponda ao dobro dos valores mínimos estabelecidos na IN 28/2018 e suas atualizações, desde que não ultrapasse o limite máximo estabelecido na IN 28/2018 e suas atualizações.",Não há requisitos adicionais,
Acetilcisteína/N-Acetil L-Cisteína,616-91-1,"European pharmacopoeia 9.0 

USP-NF",Fonte do aminoácido L-Cisteína,Não autorizada alegação de propriedade funcional e/ou saúde para esse ingrediente.,"A advertência ""Este produto não deve ser consumido por gestantes, lactantes e crianças"" deve constar na rotulagem do produto.",
Acetiltaurato de magnésio,75350-40-2,"The EFSA Journal (2009) 947, 1-30",Fonte de Magnésio,"1) Alegação:O magnésio auxilia na formação de ossos e dentes. Requisitos:  As alegações são restritas aos suplementos alimentares cuja quantidade de magnésio atenda aos valores mínimos estabelecidos na IN 28/2018 e suas atualizações.
2) Alegação: O magnésio auxilia no metabolismo energético. Requisitos:  As alegações são restritas aos suplementos alimentares cuja quantidade de magnésio atenda aos valores mínimos estabelecidos na IN 28/2018 e suas atualizações
3) Alegação: O magnésio auxilia no metabolismo de proteínas, carboidratos e gorduras. Requisitos:  As alegações são restritas aos suplementos alimentares cuja quantidade de magnésio atenda aos valores mínimos estabelecidos na IN 28/2018 e suas atualizações.
4) Alegação: O magnésio auxilia no equilíbrio dos eletrólitos. Requisitos:  As alegações são restritas aos suplementos alimentares cuja quantidade de magnésio atenda aos valores mínimos estabelecidos na IN 28/2018 e suas atualizações.
5) Alegação:  O magnésio auxilia no funcionamento muscular. Requisitos: As alegações são restritas aos suplementos alimentares cuja quantidade de magnésio atenda aos valores mínimos estabelecidos na IN 28/2018 e suas atualizações.
6) Alegação: O magnésio auxilia no funcionamento neuromuscular. Requisitos: As alegações são restritas aos suplementos alimentares cuja quantidade de magnésio atenda aos valores mínimos estabelecidos na IN 28/2018 e suas atualizações.
7) Alegação: O magnésio auxilia no processo de divisão celular. Requisitos: As alegações são restritas aos suplementos alimentares cuja quantidade de magnésio atenda aos valores mínimos estabelecidos na IN 28/2018 e suas atualizações.
8) Alegação: Fonte de magnésio. Requisitos: As alegações são restritas aos suplementos alimentares cuja quantidade de magnésio atenda aos valores mínimos estabelecidos na IN 28/2018 e suas atualizações.
9) Alegação: Alto conteúdo/Rico em/Alto teor de magnésio. Requisitos: A alegação é restrita aos suplementos alimentares cuja quantidade de magnésio corresponda ao dobro dos valores mínimos estabelecidos na IN 28/2018 e suas atualizações, desde que não ultrapasse o limite máximo estabelecido na IN 28/2018 e suas atualizações.",Não há requisitos adicionais,
Ácido alfa-linolênico n-3 obtido de Chlorella vulgaris,,"Para esse constituinte foram aprovadas as especificações do fabricante: Genesis Co. Pty Ltd, NSW Australia.",Fonte de Ácido alfa-linolênico n-3,Não foi aprovada alegação de propriedade funcional nem de saúde para o ingrediente,,
Ácido ascórbico/Ácido L-ascórbico,50-81-7,"European pharmacopoeia 9.0 

USP-NF

FCC 

Prepared at the 17th JECFA (1973), published in FNP 4 (1978) and in FNP 52 (1992). Metals and arsenic specifications revised at the 61st JECFA (2003). A group ADI ‘not specified’ was established for ascorbic acid and its Ca, K and Na salts at the 25th JECFA (1981).",Fonte de vitamina C,"1) Alegação: A vitamina C auxilia na absorção de ferro dos alimentos. Requisitos: As alegações são restritas aos suplementos alimentares cuja quantidade de vitamina C atenda aos valores mínimos estabelecidos na IN 28/2018 e suas atualizações.
2) Alegação: A vitamina C é um antioxidante que auxilia na proteção dos danos causados pelos radicais livres. Requisitos: As alegações são restritas aos suplementos alimentares cuja quantidade de vitamina C atenda aos valores mínimos estabelecidos na IN 28/2018 e suas atualizações.
3) Alegação: A vitamina C auxilia no funcionamento do sistema imune. Requisitos: As alegações são restritas aos suplementos alimentares cuja quantidade de vitamina C atenda aos valores mínimos estabelecidos na IN 28/2018 e suas atualizações.
4) Alegação: A vitamina C auxilia na formação do colágeno. Requisitos: As alegações são restritas aos suplementos alimentares cuja quantidade de vitamina C atenda aos valores mínimos estabelecidos na IN 28/2018 e suas atualizações.
5) Alegação: A vitamina C auxilia na regeneração da forma reduzida da vitamina E. Requisitos: As alegações são restritas aos suplementos alimentares cuja quantidade de vitamina C atenda aos valores mínimos estabelecidos na IN 28/2018 e suas atualizações.
6) Alegação: A vitamina C auxilia no metabolismo energético. Requisitos: As alegações são restritas aos suplementos alimentares cuja quantidade de vitamina C atenda aos valores mínimos estabelecidos na IN 28/2018 e suas atualizações.
7) Alegação: A vitamina C auxilia no metabolismo de proteínas e gorduras. Requisitos: As alegações são restritas aos suplementos alimentares cuja quantidade de vitamina C atenda aos valores mínimos estabelecidos na IN 28/2018 e suas atualizações.
8) Alegação: Fonte de vitamina C. Requisitos: As alegações são restritas aos suplementos alimentares cuja quantidade de vitamina C atenda aos valores mínimos estabelecidos na IN 28/2018 e suas atualizações.
9) Alegação: Alto conteúdo/Rico em/Alto teor de vitamina C. Requisitos: A alegação é restrita aos suplementos alimentares cuja quantidade de vitamina C corresponda ao dobro dos valores mínimos estabelecidos na IN 28/2018 e suas atualizações, desde que não ultrapasse o limite máximo estabelecido na IN 28/2018 e suas atualizações.",Não há requisitos adicionais,
"Ácido docosahexaenóico (DHA) e ácido eicosapentaenóico
(EPA) obtido de Lisinato de ômega-3",127964-03-8,"Para esse constituinte foram aprovadas as especificações do fabricante: Evonik Industries. Hanau, Alemanha","Fonte de EPA e DHA obtido de lisinato de ômega 
3",Alegação: O EPA e o DHA contribuem para o normal funcionamento do coração. A alegação é restrita aos suplementos alimentares que forneçam no mínimo 250 mg de EPA e DHA somados na recomendação diária de consumo.,"A advertência “Este produto não deve ser consumido por gestantes, lactantes e crianças.” deve constar na rotulagem do produto.",
"Ácido docosahexaenóico (DHA) e ácido eicosapentaenóico
(EPA) obtido de Lisinato de ômega-3",127964-03-8,"Para este constituinte foram aprovadas as especificações do fabricante: Evonik Rexim S.A.S, França.","Fonte de EPA e DHA obtido de lisinato de ômega 
3",Alegação: O EPA e o DHA contribuem para o normal funcionamento do coração. A alegação é restrita aos suplementos alimentares que forneçam no mínimo 250 mg de EPA e DHA somados na recomendação diária de consumo.,"A advertência “Este produto não deve ser consumido por gestantes, lactantes e crianças.” deve constar na rotulagem do produto.",
Ácido docosahexaenóico (DHA) obtido de óleo de alga Crypthecodinium cohn,,FCC,Fonte de DHA,"1) Alegação: Fonte de Omega 3. Requisitos: A alegação é restrita aos suplementos alimentares cuja quantidade de EPA e DHA atenda aos valores mínimos estabelecidos na IN 28/2018 e suas atualizações.
2) Alegação: Os ácidos graxos ômega 3 EPA e DHA auxiliam na redução dos triglicerídeos. Requisitos: A alegação é restrita aos suplementos alimentares que forneçam no mínimo 1.500 mg de EPA e DHA somados na recomendação diária de consumo. Não é permitida a alegação caso o suplemento alimentar possua associação de ingredientes fontes de fitoesterois com ingredientes fontes de ácidos graxos ômega 3.",Não há requisitos adicionais,
Ácido docosahexaenóico (DHA) obtido de óleo de alga Schizochytrium sp.,,"FCC 

 USP-NF",Fonte de DHA,"1) Alegação: Fonte de Omega 3. Requisitos: A alegação é restrita aos suplementos alimentares cuja quantidade de EPA e DHA atenda aos valores mínimos estabelecidos na IN 28/2018 e suas atualizações.
2) Alegação: Os ácidos graxos ômega 3 EPA e DHA auxiliam na redução dos triglicerídeos. Requisitos: A alegação é restrita aos suplementos alimentares que forneçam no mínimo 1.500 mg de EPA e DHA somados na recomendação diária de consumo. Não é permitida a alegação caso o suplemento alimentar possua associação de ingredientes fontes de fitoesterois com ingredientes fontes de ácidos graxos ômega 3.",Não há requisitos adicionais,
Ácido docosahexaenóico (DHA) obtido de óleo de alga Ulkenia sp.,,"FCC 

 USP-NF",Fonte de DHA,"1) Alegação: Fonte de Omega 3. Requisitos: A alegação é restrita aos suplementos alimentares cuja quantidade de EPA e DHA atenda aos valores mínimos estabelecidos na IN 28/2018 e suas atualizações.
2) Alegação: Os ácidos graxos ômega 3 EPA e DHA auxiliam na redução dos triglicerídeos. Requisitos: A alegação é restrita aos suplementos alimentares que forneçam no mínimo 1.500 mg de EPA e DHA somados na recomendação diária de consumo. Não é permitida a alegação caso o suplemento alimentar possua associação de ingredientes fontes de fitoesterois com ingredientes fontes de ácidos graxos ômega 3.",Não há requisitos adicionais,
Ácido docosahexaenóico (DHA) obtido de óleo de atum (Scombridae Thunnus),,Para este constituinte foram aprovadas as especificações dos fabricantes: Nu-Mega Ingredients Pty Ltd - Melbourne - Victoria - Austrália; BASF S/A – Ballerup – Dinamarca; BASF S/A – Brattvag – Noruega; FrieslanCampina – Kievit B.V. – Meppel – Holanda; BASF PersonalCareNutrition – Illertissen – Alemanha; BASF PersonalCareNutrition – Brattvag – Noruega; Polaris – Pleuven – França; Pronova Biopharma Norge AS – Sandefjord – Noruega.,Fonte de DHA,"1) Alegação: Fonte de Omega 3. Requisitos: A alegação é restrita aos suplementos alimentares cuja quantidade de EPA e DHA atenda aos valores mínimos estabelecidos na IN 28/2018 e suas atualizações.
2) Alegação: Os ácidos graxos ômega 3 EPA e DHA auxiliam na redução dos triglicerídeos. Requisitos: A alegação é restrita aos suplementos alimentares que forneçam no mínimo 1.500 mg de EPA e DHA somados na recomendação diária de consumo. Não é permitida a alegação caso o suplemento alimentar possua associação de ingredientes fontes de fitoesterois com ingredientes fontes de ácidos graxos ômega 3.",Não há requisitos adicionais,
Ácido eicosapentaenóico (EPA) obtido de óleo de alga Schizochytriumsp.,,Para este constituinte foram aprovadas as especificações do fabricante: Nu-Mega Ingredients Pty Ltd - Melbourne - Victoria - Austrália,Fonte de EPA,"1) Alegação: Fonte de Omega 3. Requisitos: A alegação é restrita aos suplementos alimentares cuja quantidade de EPA e DHA atenda aos valores mínimos estabelecidos na IN 28/2018 e suas atualizações.
2) Alegação: Os ácidos graxos ômega 3 EPA e DHA auxiliam na redução dos triglicerídeos. Requisitos: A alegação é restrita aos suplementos alimentares que forneçam no mínimo 1.500 mg de EPA e DHA somados na recomendação diária de consumo. Não é permitida a alegação caso o suplemento alimentar possua associação de ingredientes fontes de fitoesterois com ingredientes fontes de ácidos graxos ômega 3.",Não há requisitos adicionais,
Ácido fólico/Ácido N-pteroil-L-glutâmico,59-30-3,"European pharmacopoeia 9.0

FCC",Fonte de Ácido Fólico,"1) Alegação: O ácido fólico auxilia na formação do tubo neural do feto durante a gravidez. Requisitos: As alegações são restritas aos suplementos alimentares cuja quantidade de ácido fólico atenda aos valores mínimos estabelecidos na IN 28/2018 e suas atualizações. O termo ""vitamina B9"" pode ser usado em substituição ao termo ""ácido fólico"" nas alegações.
2) Alegação: O ácido fólico auxilia na síntese de aminoácidos.  Requisitos:  As alegações são restritas aos suplementos alimentares cuja quantidade de ácido fólico atenda aos valores mínimos estabelecidos na IN 28/2018 e suas atualizações. O termo ""vitamina B9"" pode ser usado em substituição ao termo ""ácido fólico"" nas alegações.
3) Alegação: O ácido fólico auxilia no processo de divisão celular. Requisitos: As alegações são restritas aos suplementos alimentares cuja quantidade de ácido fólico atenda aos valores mínimos estabelecidos na IN 28/2018 e suas atualizações. O termo ""vitamina B9"" pode ser usado em substituição ao termo ""ácido fólico"" nas alegações.
4) Alegação: O ácido fólico auxilia no funcionamento do sistema imune. Requisitos:  As alegações são restritas aos suplementos alimentares cuja quantidade de ácido fólico atenda aos valores mínimos estabelecidos na IN 28/2018 e suas atualizações. O termo ""vitamina B9"" pode ser usado em substituição ao termo ""ácido fólico"" nas alegações.
5) Alegação: O ácido fólico auxilia no metabolismo da homocisteína.
Requisitos:  As alegações são restritas aos suplementos alimentares cuja quantidade de ácido fólico atenda aos valores mínimos estabelecidos na IN 28/2018 e suas atualizações. O termo ""vitamina B9"" pode ser usado em substituição ao termo ""ácido fólico"" nas alegações.
6) Alegação: O ácido fólico auxilia na formação das células vermelhas do sangue. Requisitos:  As alegações são restritas aos suplementos alimentares cuja quantidade de ácido fólico atenda aos valores mínimos estabelecidos na IN 28/2018 e suas atualizações. O termo ""vitamina B9"" pode ser usado em substituição ao termo ""ácido fólico"" nas alegações.
7) Alegação: Fonte de ácido fólico. Requisitos:  As alegações são restritas aos suplementos alimentares cuja quantidade de ácido fólico atenda aos valores mínimos estabelecidos na IN 28/2018 e suas atualizações. O termo ""vitamina B9"" pode ser usado em substituição ao termo ""ácido fólico"" nas alegações.
8) Alegação: Alto conteúdo/Rico em/Alto teor de ácido fólico. Requisitos:   A alegação é restrita aos suplementos alimentares cuja quantidade de ácido fólico corresponda ao dobro dos valores mínimos estabelecidos na IN 28/2018 e suas atualizações, desde que não ultrapasse o limite máximo estabelecido na IN 28/2018. O termo ""vitamina B9"" pode ser usado em substituição ao termo ""ácido fólico"" nas alegações.",Não há requisitos adicionais,
Ácido gama aminobutírico (GABA),,Para este ingrediente foram aprovadas as especificações do proprietário: Bloomage Biotechnology Corporation Limited.,Fonte de ácido gama aminobutírico (GABA),Não foi aprovada alegação de propriedade funcional nem de saúde para o ingrediente,"A advertência ""Este produto não deve ser consumido por gestantes, lactantes e crianças."" deve constar na rotulagem do produto.",
Ácido L-aspártico,56-84-8,USP-NF,Fonte do aminoácido Aspartato,Não autorizada alegação de propriedade funcional e/ou saúde para esse ingrediente.,"A advertência ""Este produto não deve ser consumido por gestantes, lactantes e crianças"" deve constar na rotulagem do produto.",
Ácido L-glutâmico,"	
56-86-0",USP-NF,Fonte do aminoácido Ácido L-Glutâmico,Não autorizada alegação de propriedade funcional e/ou saúde para esse ingrediente.,"A advertência ""Este produto não deve ser consumido por gestantes, lactantes e crianças"" deve constar na rotulagem do produto.",
Ácido linoleico,60-33-3,FCC,Fonte de Ácido Linoleico,Não autorizada alegação de propriedade funcional e/ou saúde para esse ingrediente.,Não há requisitos adicionais,
Ácido nicotínico,59-67-6,"European pharmacopoeia 9.0 

FCC",Fonte de Niacina,"1) Alegação: A niacina contribui para a manutenção da pele. Requisitos: A alegação é restrita aos suplementos alimentares cuja quantidade de niacina atenda aos valores mínimos estabelecidos na IN 28/2018 e suas atualizações. O termo ""vitamina B3"" pode ser usado em substituição ao termo ""niacina"" nas alegações.
2) Alegação: A niacina auxilia na manutenção de mucosas. Requisitos: A alegação é restrita aos suplementos alimentares cuja quantidade de niacina atenda aos valores mínimos estabelecidos na IN 28/2018 e suas atualizações. O termo ""vitamina B3"" pode ser usado em substituição ao termo ""niacina"" nas alegações.
3) Alegação: A niacina auxilia no metabolismo energético.  Requisitos: A alegação é restrita aos suplementos alimentares cuja quantidade de niacina atenda aos valores mínimos estabelecidos na IN 28/2018 e suas atualizações. O termo ""vitamina B3"" pode ser usado em substituição ao termo ""niacina"" nas alegações.
4) Alegação: A niacina auxilia no metabolismo de proteínas, carboidratos e gorduras.  Requisitos: A alegação é restrita aos suplementos alimentares cuja quantidade de niacina atenda aos valores mínimos estabelecidos na IN 28/2018 e suas atualizações. O termo ""vitamina B3"" pode ser usado em substituição ao termo ""niacina"" nas alegações.
5) Alegação: Fonte de niacina.  Requisitos: A alegação é restrita aos suplementos alimentares cuja quantidade de niacina atenda aos valores mínimos estabelecidos na IN 28/2018 e suas atualizações. O termo ""vitamina B3"" pode ser usado em substituição ao termo ""niacina"" nas alegações.
6) Alegação: Alto conteúdo/Rico em/Alto teor de niacina. Requisitos: A alegação é restrita aos suplementos alimentares cuja quantidade de niacina corresponda ao dobro dos valores mínimos estabelecidos na IN 28/2018 e suas atualizações, desde que não ultrapasse o limite máximo estabelecido na IN 28/2018. O termo ""vitamina B3"" pode ser usado em substituição ao termo ""niacina"" nas alegações.",Não há requisitos adicionais,
Ácido Ortosilícico estabilizado em cloreto de colina,10193-36-9 (ácido ortossilícico) e 67-48-1 (cloreto de colina),Para esse constituinte foram aprovadas as especificações do fabricante: Laboratories Magistra As Geneve - Genebra - Suíça,Fonte de Silício,Não autorizada alegação de propriedade funcional e/ou saúde para esse ingrediente.,"A advertência ""Este produto não deve ser consumido por gestantes, lactantes e crianças"" deve constar na rotulagem do produto.",
Ácido Ortosilícico estabilizado em maltodextrina,10193-36-9 (ácido ortossilícico) e 9050-36-6 (maltodextrina),Para esse constituinte foram aprovadas as especificações do fabricante: Orgono Products SL - Espanha.,Fonte de Silício,Não autorizada alegação de propriedade funcional e/ou saúde para esse ingrediente.,"A advertência “Este produto não deve ser consumido por gestantes, lactantes e crianças.” deve constar na rotulagem do produto.",
Ácido selenioso,7783-00-8,"USP-NF

The EFSA Journal (2009) 1009, 1-17",Fonte de Selênio,"1) Alegação: O selênio é um antioxidante que auxilia na proteção dos danos causados pelos radicais livres. Requisitos: As alegações são restritas aos suplementos alimentares cuja quantidade de selênio atenda aos valores mínimos estabelecidos na IN 28/2018 e suas atualizações
2) Alegação: O selênio auxilia no funcionamento do sistema imune. Requisitos: As alegações são restritas aos suplementos alimentares cuja quantidade de selênio atenda aos valores mínimos estabelecidos na IN 28/2018 e suas atualizações.
3) Alegação: Fonte de selênio. Requisitos: As alegações são restritas aos suplementos alimentares cuja quantidade de selênio atenda aos valores mínimos estabelecidos na IN 28/2018 e suas atualizações.
4) Alegação: Alto conteúdo/Rico em/Alto teor de selênio. Requisitos: A alegação é restrita aos suplementos alimentares cuja quantidade de selênio corresponda ao dobro dos valores mínimos estabelecidos na IN 28/2018 e suas atualizações., desde que não ultrapasse o limite máximo estabelecido na IN 28/2018 e suas atualizações.",Não há requisitos adicionais,
Açúcar invertido,8013-17-0,FCC,Fonte de carboidrato,"1) Alegação: Os carboidratos auxiliam na recuperação da função muscular normal após exercícios extenuantes. Requisitos: A alegação é restrita aos suplementos alimentares cuja:
a) quantidade de carboidratos metabolizáveis atenda aos valores mínimos estabelecidos na IN 28/2018 e suas atualizações; e
b) informação sobre o consumo na dose de 4 g/kg de peso corpóreo, nas primeiras 4 a 6 horas após o exercício extenuante, conste na rotulagem do produto.
 2) Alegação: Auxilia a manutenção do equilíbrio de fluidos e eletrólitos e no desempenho de exercícios físicos de resistência. Restrições: A alegação é restrita aos suplementos alimentares que:
a) forneçam carboidratos como principal fonte de energia;
b) contenham no mínimo 80 kcal/L e no máximo 350 kcal/L;
c) contenham no mínimo 75% da energia derivada de carboidratos metabolizáveis;
d) contenham no mínimo 20 mmol/L (460 mg/L) de sódio (na forma de Na+) e máximo 50 mmol/L (1150 mg/L) de sódio (na forma de Na+); e
e) apresentem osmolalidade entre 200 e 330 mOsml/kg de água. 
3) Alegação: Isotônico: Requisitos: A alegação é restrita aos suplementos alimentares que:
a) forneçam carboidratos como principal fonte de energia;
b) contenham no mínimo 80 kcal/L e no máximo 350 kcal/L;
c) contenham no mínimo 75% da energia derivada de carboidratos metabolizáveis;
d) contenham no mínimo 20 mmol/L (460 mg/L) de sódio (na forma de Na+) e máximo 50 mmol/L (1150 mg/L) de sódio (na forma de Na+); e  e) apresentem osmolalidade entre 270 e 330 mOsml/kg de água.",Não há requisitos adicionais,
Ágar,9002-18-0,"FCC 

 49th JECFA (1997), FNP 52 Add 5, 44th JECFA (1995),  FNP 52 Add 3 (1995), FAO JECFA MONOGRAPHS 1 (2006)

USP-NF",Fonte de fibras alimentares,"1) Alegação: As fibras alimentares auxiliam no funcionamento do intestino.
Requisitos: As alegações são restritas aos suplementos alimentares cuja quantidade de fibras alimentares atenda aos valores mínimos estabelecidos na IN 28/2018 e suas atualizações.
2) Alegação: Fonte de fibras. Requisitos: As alegações são restritas aos suplementos alimentares cuja quantidade de fibras alimentares atenda aos valores mínimos estabelecidos na IN 28/2018 e suas atualizações.",Não há requisitos adicionais,
Alfa-ciclodextrina,10016-20-3,"FCC

USP-NF",Fonte de fibras alimentares,"1) Alegação: As fibras alimentares auxiliam no funcionamento do intestino.
Requisitos: As alegações são restritas aos suplementos alimentares cuja quantidade de fibras alimentares atenda aos valores mínimos estabelecidos na IN 28/2018 e suas atualizações.
2) Alegação: Fonte de fibras. Requisitos: As alegações são restritas aos suplementos alimentares cuja quantidade de fibras alimentares atenda aos valores mínimos estabelecidos na IN 28/2018 e suas atualizações.",Não há requisitos adicionais,
ALFA-GALACTOSIDASE DE ASPERGILLUS NIGER,9025-35-8,"Para esse constituinte foram aprovadas as especificações do fabricante: Amano Enzyme Inc. Nagoya, Japão",Fonte de enzima Alfa-galactosidase de Aspergillus niger,"""A alfa-galactosidase auxilia na digestão de galactoligossacarídeos não digeríveis."" A alegação é restrita aos suplementos alimentares cuja quantidade de alfa-galactosidase atenda aos valores mínimos estabelecidos no Anexo III desta Instrução Normativa.","As advertências “Este produto não deve ser consumido por gestantes, lactantes e crianças.” e ""A dose deve ser ajustada às necessidades individuais de suplementação de alfa-galactosidase e ao consumo de alimentos contendo galactooligossacarídeos."" devem constar na rotulagem do produto.",
ALGA CHONDRUS CRISPUS INVERNAL,,Para esse constituinte foram aprovadas as especificações do fabricante: Exsymol - Mônaco,Fonte de L-citrulinilarginina,Não autorizada alegação de propriedade funcional e/ou saúde para esse ingrediente.,"A advertência ""Contém citrulina""; “Este produto não deve ser consumido por gestantes, lactantes e crianças.” deve constar na rotulagem do produto.",
Alga Euglena gracillis,,"Para esse constituinte foram aprovadas as especificações do fabricante: Kemin Foods, L.C. - USA",Fonte de Beta-glucana de alga Euglena gracilis,Não autorizada alegação de propriedade funcional e/ou saúde para esse ingrediente.,,
Alho em pó (Allium sativumL.),,"Página 430 - FARMACOPEA 

 USP-NF",Fonte de Alicina,Não autorizada alegação de propriedade funcional e/ou saúde para esse ingrediente.,"A advertência ""Este produto não deve ser consumido por gestantes, lactantes e crianças"" deve constar na rotulagem do produto.",
Amido de milho (Zea mays),,USP-NF,Fonte de carboidrato,"1) Alegação: Os carboidratos auxiliam na recuperação da função muscular normal após exercícios extenuantes. Requisitos: A alegação é restrita aos suplementos alimentares cuja:
a) quantidade de carboidratos metabolizáveis atenda aos valores mínimos estabelecidos na IN 28/2018 e suas atualizações; e
b) informação sobre o consumo na dose de 4 g/kg de peso corpóreo, nas primeiras 4 a 6 horas após o exercício extenuante, conste na rotulagem do produto.
 2) Alegação: Auxilia a manutenção do equilíbrio de fluidos e eletrólitos e no desempenho de exercícios físicos de resistência. Restrições: A alegação é restrita aos suplementos alimentares que:
a) forneçam carboidratos como principal fonte de energia;
b) contenham no mínimo 80 kcal/L e no máximo 350 kcal/L;
c) contenham no mínimo 75% da energia derivada de carboidratos metabolizáveis;
d) contenham no mínimo 20 mmol/L (460 mg/L) de sódio (na forma de Na+) e máximo 50 mmol/L (1150 mg/L) de sódio (na forma de Na+); e
e) apresentem osmolalidade entre 200 e 330 mOsml/kg de água. 
3) Alegação: Isotônico: Requisitos: A alegação é restrita aos suplementos alimentares que:
a) forneçam carboidratos como principal fonte de energia;
b) contenham no mínimo 80 kcal/L e no máximo 350 kcal/L;
c) contenham no mínimo 75% da energia derivada de carboidratos metabolizáveis;
d) contenham no mínimo 20 mmol/L (460 mg/L) de sódio (na forma de Na+) e máximo 50 mmol/L (1150 mg/L) de sódio (na forma de Na+); e   e) apresentem osmolalidade entre 270 e 330 mOsml/kg de água.",Não há requisitos adicionais,
"Amido fosfatado de batata (Solanum tuberosum),",,Pharmacopeial Forum: Volume No. 35(3) Page 689,Fonte de fibras alimentares,"1) Alegação: As fibras alimentares auxiliam no funcionamento do intestino.
Requisitos: As alegações são restritas aos suplementos alimentares cuja quantidade de fibras alimentares atenda aos valores mínimos estabelecidos na IN 28/2018 e suas atualizações.
2) Alegação: Fonte de fibras. Requisitos: As alegações são restritas aos suplementos alimentares cuja quantidade de fibras alimentares atenda aos valores mínimos estabelecidos na IN 28/2018 e suas atualizações.",Não há requisitos adicionais,
Amido modificado,,FCC,Fonte de carboidrato,"1) Alegação: Os carboidratos auxiliam na recuperação da função muscular normal após exercícios extenuantes. Requisitos: A alegação é restrita aos suplementos alimentares cuja:
a) quantidade de carboidratos metabolizáveis atenda aos valores mínimos estabelecidos na IN 28/2018 e suas atualizações; e
b) informação sobre o consumo na dose de 4 g/kg de peso corpóreo, nas primeiras 4 a 6 horas após o exercício extenuante, conste na rotulagem do produto.
 2) Alegação: Auxilia a manutenção do equilíbrio de fluidos e eletrólitos e no desempenho de exercícios físicos de resistência. Restrições: A alegação é restrita aos suplementos alimentares que:
a) forneçam carboidratos como principal fonte de energia;
b) contenham no mínimo 80 kcal/L e no máximo 350 kcal/L;
c) contenham no mínimo 75% da energia derivada de carboidratos metabolizáveis;
d) contenham no mínimo 20 mmol/L (460 mg/L) de sódio (na forma de Na+) e máximo 50 mmol/L (1150 mg/L) de sódio (na forma de Na+); e
e) apresentem osmolalidade entre 200 e 330 mOsml/kg de água. 
3) Alegação: Isotônico: Requisitos: A alegação é restrita aos suplementos alimentares que:
a) forneçam carboidratos como principal fonte de energia;
b) contenham no mínimo 80 kcal/L e no máximo 350 kcal/L;
c) contenham no mínimo 75% da energia derivada de carboidratos metabolizáveis;
d) contenham no mínimo 20 mmol/L (460 mg/L) de sódio (na forma de Na+) e máximo 50 mmol/L (1150 mg/L) de sódio (na forma de Na+); e   e) apresentem osmolalidade entre 270 e 330 mOsml/kg de água.",Não há requisitos adicionais,
Amido resistente de milho,,Para este constituinte foram aprovadas as especificações do fabricante: Tate & Lyle - EUA.,Fonte de fibras alimentares,"1) Alegação: As fibras alimentares auxiliam no funcionamento do intestino.
Requisitos: As alegações são restritas aos suplementos alimentares cuja quantidade de fibras alimentares atenda aos valores mínimos estabelecidos na IN 28/2018 e suas atualizações.
2) Alegação: Fonte de fibras. Requisitos: As alegações são restritas aos suplementos alimentares cuja quantidade de fibras alimentares atenda aos valores mínimos estabelecidos na IN 28/2018 e suas atualizações.",Não há requisitos adicionais,
Amido resistente de milho,,Para este constituinte foram aprovadas as especificações do fabricante: Tate & Lyle - EUA.,Fonte de fibras alimentares,"1) Alegação: O amido de milho resistente auxilia na absorção de cálcio dos alimentos e na sua retenção nos ossos. O seu consumo deve estar associado a uma dieta balanceada e a um estilo de vida saudável.
Requisitos: Os suplementos alimentares que ostentarem esta alegação de propriedade funcional deverão fornecer minimamente 10g/dia (dose mínima na qual foram observadas correlações positivas entre o consumo do ingrediente e o desfecho da alegação) de fibra proveniente de amido de milho resistente.",Não há requisitos adicionais,
Amido resistente de milho com alto teor de amilose,,Para este constituinte foram aprovadas as especificações do fabricante: National Starch & Chemical Industrial Ltda - Jundiaí - SP.,Fonte de fibras alimentares,"1) Alegação: As fibras alimentares auxiliam no funcionamento do intestino.
Requisitos: As alegações são restritas aos suplementos alimentares cuja quantidade de fibras alimentares atenda aos valores mínimos estabelecidos na IN 28/2018 e suas atualizações.
2) Alegação: Fonte de fibras. Requisitos: As alegações são restritas aos suplementos alimentares cuja quantidade de fibras alimentares atenda aos valores mínimos estabelecidos na IN 28/2018 e suas atualizações.",Não há requisitos adicionais,
Amidos,,FCC,Fonte de carboidrato,"1) Alegação: Os carboidratos auxiliam na recuperação da função muscular normal após exercícios extenuantes. Requisitos: A alegação é restrita aos suplementos alimentares cuja:
a) quantidade de carboidratos metabolizáveis atenda aos valores mínimos estabelecidos na IN 28/2018 e suas atualizações; e
b) informação sobre o consumo na dose de 4 g/kg de peso corpóreo, nas primeiras 4 a 6 horas após o exercício extenuante, conste na rotulagem do produto.
 2) Alegação: Auxilia a manutenção do equilíbrio de fluidos e eletrólitos e no desempenho de exercícios físicos de resistência. Restrições: A alegação é restrita aos suplementos alimentares que:
a) forneçam carboidratos como principal fonte de energia;
b) contenham no mínimo 80 kcal/L e no máximo 350 kcal/L;
c) contenham no mínimo 75% da energia derivada de carboidratos metabolizáveis;
d) contenham no mínimo 20 mmol/L (460 mg/L) de sódio (na forma de Na+) e máximo 50 mmol/L (1150 mg/L) de sódio (na forma de Na+); e
e) apresentem osmolalidade entre 200 e 330 mOsml/kg de água. 
3) Alegação: Isotônico: Requisitos: A alegação é restrita aos suplementos alimentares que:
a) forneçam carboidratos como principal fonte de energia;
b) contenham no mínimo 80 kcal/L e no máximo 350 kcal/L;
c) contenham no mínimo 75% da energia derivada de carboidratos metabolizáveis;
d) contenham no mínimo 20 mmol/L (460 mg/L) de sódio (na forma de Na+) e máximo 50 mmol/L (1150 mg/L) de sódio (na forma de Na+); e   e) apresentem osmolalidade entre 270 e 330 mOsml/kg de água.",Não há requisitos adicionais,
Arabinogalactana,9036-66-2,FCC,Fonte de Arabinogalactana,Não autorizada alegação de propriedade funcional e/ou saúde para esse ingrediente.,,
Arabinogalactana,9036-66-2,FCC,Fonte de fibras alimentares,"1) Alegação: As fibras alimentares auxiliam no funcionamento do intestino.
Requisitos: As alegações são restritas aos suplementos alimentares cuja quantidade de fibras alimentares atenda aos valores mínimos estabelecidos na IN 28/2018 e suas atualizações.
2) Alegação: Fonte de fibras. Requisitos: As alegações são restritas aos suplementos alimentares cuja quantidade de fibras alimentares atenda aos valores mínimos estabelecidos na IN 28/2018 e suas atualizações.",Não há requisitos adicionais,
Ascorbato de cálcio/L-ascorbato de cálcio,5743-27-1,"USP-NF

FCC

 25th JECFA (1981), FNP 19 (1981),FNP 52 (1992), FAO JECFA MONOGRAPS 1 (2006)",Fonte de vitamina C,"1) Alegação: A vitamina C auxilia na absorção de ferro dos alimentos. Requisitos: As alegações são restritas aos suplementos alimentares cuja quantidade de vitamina C atenda aos valores mínimos estabelecidos na IN 28/2018 e suas atualizações.
2) Alegação: A vitamina C é um antioxidante que auxilia na proteção dos danos causados pelos radicais livres. Requisitos: As alegações são restritas aos suplementos alimentares cuja quantidade de vitamina C atenda aos valores mínimos estabelecidos na IN 28/2018 e suas atualizações.
3) Alegação: A vitamina C auxilia no funcionamento do sistema imune. Requisitos: As alegações são restritas aos suplementos alimentares cuja quantidade de vitamina C atenda aos valores mínimos estabelecidos na IN 28/2018 e suas atualizações.
4) Alegação: A vitamina C auxilia na formação do colágeno. Requisitos: As alegações são restritas aos suplementos alimentares cuja quantidade de vitamina C atenda aos valores mínimos estabelecidos na IN 28/2018 e suas atualizações.
5) Alegação: A vitamina C auxilia na regeneração da forma reduzida da vitamina E. Requisitos: As alegações são restritas aos suplementos alimentares cuja quantidade de vitamina C atenda aos valores mínimos estabelecidos na IN 28/2018 e suas atualizações.
6) Alegação: A vitamina C auxilia no metabolismo energético. Requisitos: As alegações são restritas aos suplementos alimentares cuja quantidade de vitamina C atenda aos valores mínimos estabelecidos na IN 28/2018 e suas atualizações.
7) Alegação: A vitamina C auxilia no metabolismo de proteínas e gorduras. Requisitos: As alegações são restritas aos suplementos alimentares cuja quantidade de vitamina C atenda aos valores mínimos estabelecidos na IN 28/2018 e suas atualizações.
8) Alegação: Fonte de vitamina C. Requisitos: As alegações são restritas aos suplementos alimentares cuja quantidade de vitamina C atenda aos valores mínimos estabelecidos na IN 28/2018 e suas atualizações.
9) Alegação: Alto conteúdo/Rico em/Alto teor de vitamina C. Requisitos: A alegação é restrita aos suplementos alimentares cuja quantidade de vitamina C corresponda ao dobro dos valores mínimos estabelecidos na IN 28/2018 e suas atualizações, desde que não ultrapasse o limite máximo estabelecido na IN 28/2018 e suas atualizações.",Não há requisitos adicionais,
Ascorbato de magnésio,15431-40-0,"The EFSA Journal (2009) 994, 1-22",Fonte de Magnésio,"1) Alegação:O magnésio auxilia na formação de ossos e dentes. Requisitos:  As alegações são restritas aos suplementos alimentares cuja quantidade de magnésio atenda aos valores mínimos estabelecidos na IN 28/2018 e suas atualizações.
2) Alegação: O magnésio auxilia no metabolismo energético. Requisitos:  As alegações são restritas aos suplementos alimentares cuja quantidade de magnésio atenda aos valores mínimos estabelecidos na IN 28/2018 e suas atualizações
3) Alegação: O magnésio auxilia no metabolismo de proteínas, carboidratos e gorduras. Requisitos:  As alegações são restritas aos suplementos alimentares cuja quantidade de magnésio atenda aos valores mínimos estabelecidos na IN 28/2018 e suas atualizações.
4) Alegação: O magnésio auxilia no equilíbrio dos eletrólitos. Requisitos:  As alegações são restritas aos suplementos alimentares cuja quantidade de magnésio atenda aos valores mínimos estabelecidos na IN 28/2018 e suas atualizações.
5) Alegação:  O magnésio auxilia no funcionamento muscular. Requisitos: As alegações são restritas aos suplementos alimentares cuja quantidade de magnésio atenda aos valores mínimos estabelecidos na IN 28/2018 e suas atualizações.
6) Alegação: O magnésio auxilia no funcionamento neuromuscular. Requisitos: As alegações são restritas aos suplementos alimentares cuja quantidade de magnésio atenda aos valores mínimos estabelecidos na IN 28/2018 e suas atualizações.
7) Alegação: O magnésio auxilia no processo de divisão celular. Requisitos: As alegações são restritas aos suplementos alimentares cuja quantidade de magnésio atenda aos valores mínimos estabelecidos na IN 28/2018 e suas atualizações.
8) Alegação: Fonte de magnésio. Requisitos: As alegações são restritas aos suplementos alimentares cuja quantidade de magnésio atenda aos valores mínimos estabelecidos na IN 28/2018 e suas atualizações.
9) Alegação: Alto conteúdo/Rico em/Alto teor de magnésio. Requisitos: A alegação é restrita aos suplementos alimentares cuja quantidade de magnésio corresponda ao dobro dos valores mínimos estabelecidos na IN 28/2018 e suas atualizações, desde que não ultrapasse o limite máximo estabelecido na IN 28/2018 e suas atualizações.",Não há requisitos adicionais,
Ascorbato de manganês,16351-10-3,"The EFSA Journal (2009) 1114, 1-23",Fonte de Manganês,"1) Alegação: O manganês é um antioxidante que auxilia na proteção dos danos causados pelos radicais livres. Requisitos: As alegações são restritas aos suplementos alimentares cuja quantidade de manganês atenda aos valores mínimos estabelecidos na IN 28/2018 e suas atualizações
2) Alegação: O manganês auxilia na formação de ossos.  Requisitos: As alegações são restritas aos suplementos alimentares cuja quantidade de manganês atenda aos valores mínimos estabelecidos na IN 28/2018 e suas atualizações
3) Alegação: O manganês auxilia no metabolismo energético.  Requisitos: As alegações são restritas aos suplementos alimentares cuja quantidade de manganês atenda aos valores mínimos estabelecidos na IN 28/2018 e suas atualizações
4) Alegação:  O manganês auxilia na manutenção dos tecidos conectivos. Requisitos: As alegações são restritas aos suplementos alimentares cuja quantidade de manganês atenda aos valores mínimos estabelecidos na IN 28/2018 e suas atualizações
5) Alegação: Fonte de manganês.  Requisitos: As alegações são restritas aos suplementos alimentares cuja quantidade de manganês atenda aos valores mínimos estabelecidos na IN 28/2018 e suas atualizações
6) Alegação:  Alto conteúdo/Rico em/Alto teor de manganês. Requisitos: A alegação é restrita aos suplementos alimentares cuja quantidade de manganês corresponda ao dobro dos valores mínimos estabelecidos na IN 28/2018 e suas atualizações, desde que não ultrapasse o limite máximo estabelecido na IN 28/2018 e suas atualizações.",Não há requisitos adicionais,
Ascorbato de sódio/L-ascorbato de sódio,134-03-2,"European pharmacopoeia 9.0 

USP-NF

 Prepared at the 17th JECFA (1973), published in FNP 4 (1978) and in FNP 52 (1992). Metals and arsenic specifications revised at the 61st JECFA (2003). A group ADI ‘not specified’ was established for ascorbic acid and its Ca, K and Na salts at the 25th JECFA (1981) 

 FCC",Fonte de vitamina C,"1) Alegação: A vitamina C auxilia na absorção de ferro dos alimentos. Requisitos: As alegações são restritas aos suplementos alimentares cuja quantidade de vitamina C atenda aos valores mínimos estabelecidos na IN 28/2018 e suas atualizações.
2) Alegação: A vitamina C é um antioxidante que auxilia na proteção dos danos causados pelos radicais livres. Requisitos: As alegações são restritas aos suplementos alimentares cuja quantidade de vitamina C atenda aos valores mínimos estabelecidos na IN 28/2018 e suas atualizações.
3) Alegação: A vitamina C auxilia no funcionamento do sistema imune. Requisitos: As alegações são restritas aos suplementos alimentares cuja quantidade de vitamina C atenda aos valores mínimos estabelecidos na IN 28/2018 e suas atualizações.
4) Alegação: A vitamina C auxilia na formação do colágeno. Requisitos: As alegações são restritas aos suplementos alimentares cuja quantidade de vitamina C atenda aos valores mínimos estabelecidos na IN 28/2018 e suas atualizações.
5) Alegação: A vitamina C auxilia na regeneração da forma reduzida da vitamina E. Requisitos: As alegações são restritas aos suplementos alimentares cuja quantidade de vitamina C atenda aos valores mínimos estabelecidos na IN 28/2018 e suas atualizações.
6) Alegação: A vitamina C auxilia no metabolismo energético. Requisitos: As alegações são restritas aos suplementos alimentares cuja quantidade de vitamina C atenda aos valores mínimos estabelecidos na IN 28/2018 e suas atualizações.
7) Alegação: A vitamina C auxilia no metabolismo de proteínas e gorduras. Requisitos: As alegações são restritas aos suplementos alimentares cuja quantidade de vitamina C atenda aos valores mínimos estabelecidos na IN 28/2018 e suas atualizações.
8) Alegação: Fonte de vitamina C. Requisitos: As alegações são restritas aos suplementos alimentares cuja quantidade de vitamina C atenda aos valores mínimos estabelecidos na IN 28/2018 e suas atualizações.
9) Alegação: Alto conteúdo/Rico em/Alto teor de vitamina C. Requisitos: A alegação é restrita aos suplementos alimentares cuja quantidade de vitamina C corresponda ao dobro dos valores mínimos estabelecidos na IN 28/2018 e suas atualizações, desde que não ultrapasse o limite máximo estabelecido na IN 28/2018 e suas atualizações.",Não há requisitos adicionais,
Ascorbato de zinco,151728-40-4,"The EFSA Journal (2009) 994, 1-22",Fonte de Zinco,"1) Alegação: O zinco é um antioxidante que auxilia na proteção dos danos causados pelos radicais livres. Requisitos: As alegações são restritas aos suplementos alimentares cuja quantidade de zinco atenda aos valores mínimos estabelecidos na IN 28/2018 e suas atualizações.
2) Alegação: O zinco auxilia na visão. Requisitos: As alegações são restritas aos suplementos alimentares cuja quantidade de zinco atenda aos valores mínimos estabelecidos na IN 28/2018 e suas atualizações.
3) Alegação: O zinco auxilia no metabolismo da vitamina A. Requisitos: As alegações são restritas aos suplementos alimentares cuja quantidade de zinco atenda aos valores mínimos estabelecidos na IN 28/2018 e suas atualizações
4) Alegação: O zinco contribui para a manutenção do cabelo, da pele e das unhas. Requisitos: As alegações são restritas aos suplementos alimentares cuja quantidade de zinco atenda aos valores mínimos estabelecidos na IN 28/2018 e suas atualizações
5) Alegação: O zinco auxilia no metabolismo de proteínas, carboidratos e gorduras. Requisitos: As alegações são restritas aos suplementos alimentares cuja quantidade de zinco atenda aos valores mínimos estabelecidos na IN 28/2018 e suas atualizações
6) Alegação: O zinco auxilia na síntese de proteínas. Requisitos: As alegações são restritas aos suplementos alimentares cuja quantidade de zinco atenda aos valores mínimos estabelecidos na IN 28/2018 e suas atualizações.
7) Alegação: O zinco auxilia no processo de divisão celular. Requisitos: As alegações são restritas aos suplementos alimentares cuja quantidade de zinco atenda aos valores mínimos estabelecidos na IN 28/2018 e suas atualizações
8) Alegação: O zinco auxilia na manutenção de ossos. Requisitos: As alegações são restritas aos suplementos alimentares cuja quantidade de zinco atenda aos valores mínimos estabelecidos na IN 28/2018 e suas atualizações
9) Alegação: O zinco auxilia no funcionamento do sistema imune. Requisitos: As alegações são restritas aos suplementos alimentares cuja quantidade de zinco atenda aos valores mínimos estabelecidos na IN 28/2018 e suas atualizações
10) Alegação: Fonte de zinco.Requisitos: As alegações são restritas aos suplementos alimentares cuja quantidade de zinco atenda aos valores mínimos estabelecidos na IN 28/2018 e suas atualizações
11) Alegação: Alto conteúdo/Rico em/Alto teor de zinco. Requisitos: A alegação é restrita aos suplementos alimentares cuja quantidade de zinco corresponda ao dobro dos valores mínimos estabelecidos na IN 28/2018 e suas atualizações, desde que não ultrapasse o limite máximo estabelecido na IN 28/2018 e suas atualizações.",Não há requisitos adicionais,
Aspartato de cobre,,"The EFSA Journal (2008) 883, 1-23",Fonte de Cobre,"1) Alegação:  O cobre auxilia no funcionamento do sistema imune. Requisitos:  As alegações são restritas aos suplementos alimentares cuja quantidade de cobre atenda aos valores mínimos estabelecidos na IN 28/2018 e suas atualizações.
2) Alegação: O cobre auxilia no metabolismo energético . Requisitos:  As alegações são restritas aos suplementos alimentares cuja quantidade de cobre atenda aos valores mínimos estabelecidos na IN 28/2018 e suas atualizações.
3) Alegação: O cobre contribui para a pigmentação de cabelo e pele. Requisitos:  As alegações são restritas aos suplementos alimentares cuja quantidade de cobre atenda aos valores mínimos estabelecidos na IN 28/2018 e suas atualizações.
4) Alegação: O cobre auxilia no transporte de ferro no organismo. Requisitos:  As alegações são restritas aos suplementos alimentares cuja quantidade de cobre atenda aos valores mínimos estabelecidos na IN 28/2018 e suas atualizações.
5) Alegação: O cobre é um antioxidante que auxilia na proteção dos danos causados pelos radicais livres. Requisitos:  As alegações são restritas aos suplementos alimentares cuja quantidade de cobre atenda aos valores mínimos estabelecidos na IN 28/2018 e suas atualizações.
6) Alegação:  O cobre auxilia na manutenção dos tecidos conjuntivos. Requisitos:  As alegações são restritas aos suplementos alimentares cuja quantidade de cobre atenda aos valores mínimos estabelecidos na IN 28/2018 e suas atualizações.
7) Alegação: Fonte de cobre. Requisitos:  As alegações são restritas aos suplementos alimentares cuja quantidade de cobre atenda aos valores mínimos estabelecidos na IN 28/2018 e suas atualizações.
8) Alegação:  Alto conteúdo/Rico em/Alto teor de cobre. Requisitos: A alegação é restrita aos suplementos alimentares cuja quantidade de cobre corresponda ao dobro dos valores mínimos estabelecidos na IN 28/2018 e suas atualizações, desde que não ultrapasse o limite máximo estabelecido na IN 28/2018 e suas atualizações.",Não há requisitos adicionais,
Aspartato de manganês,,"The EFSA Journal (2009) 1114, 1-23",Fonte de Manganês,"1) Alegação: O manganês é um antioxidante que auxilia na proteção dos danos causados pelos radicais livres. Requisitos: As alegações são restritas aos suplementos alimentares cuja quantidade de manganês atenda aos valores mínimos estabelecidos na IN 28/2018 e suas atualizações
2) Alegação: O manganês auxilia na formação de ossos.  Requisitos: As alegações são restritas aos suplementos alimentares cuja quantidade de manganês atenda aos valores mínimos estabelecidos na IN 28/2018 e suas atualizações
3) Alegação: O manganês auxilia no metabolismo energético.  Requisitos: As alegações são restritas aos suplementos alimentares cuja quantidade de manganês atenda aos valores mínimos estabelecidos na IN 28/2018 e suas atualizações
4) Alegação:  O manganês auxilia na manutenção dos tecidos conectivos. Requisitos: As alegações são restritas aos suplementos alimentares cuja quantidade de manganês atenda aos valores mínimos estabelecidos na IN 28/2018 e suas atualizações
5) Alegação: Fonte de manganês.  Requisitos: As alegações são restritas aos suplementos alimentares cuja quantidade de manganês atenda aos valores mínimos estabelecidos na IN 28/2018 e suas atualizações
6) Alegação:  Alto conteúdo/Rico em/Alto teor de manganês. Requisitos: A alegação é restrita aos suplementos alimentares cuja quantidade de manganês corresponda ao dobro dos valores mínimos estabelecidos na IN 28/2018 e suas atualizações, desde que não ultrapasse o limite máximo estabelecido na IN 28/2018 e suas atualizações.",Não há requisitos adicionais,
Aspartato de zinco,"19045-00-2

36393-20-1","The EFSA Journal (2008) 883, 1-23",Fonte de Zinco,"1) Alegação: O zinco é um antioxidante que auxilia na proteção dos danos causados pelos radicais livres. Requisitos: As alegações são restritas aos suplementos alimentares cuja quantidade de zinco atenda aos valores mínimos estabelecidos na IN 28/2018 e suas atualizações.
2) Alegação: O zinco auxilia na visão. Requisitos: As alegações são restritas aos suplementos alimentares cuja quantidade de zinco atenda aos valores mínimos estabelecidos na IN 28/2018 e suas atualizações.
3) Alegação: O zinco auxilia no metabolismo da vitamina A. Requisitos: As alegações são restritas aos suplementos alimentares cuja quantidade de zinco atenda aos valores mínimos estabelecidos na IN 28/2018 e suas atualizações
4) Alegação: O zinco contribui para a manutenção do cabelo, da pele e das unhas. Requisitos: As alegações são restritas aos suplementos alimentares cuja quantidade de zinco atenda aos valores mínimos estabelecidos na IN 28/2018 e suas atualizações
5) Alegação: O zinco auxilia no metabolismo de proteínas, carboidratos e gorduras. Requisitos: As alegações são restritas aos suplementos alimentares cuja quantidade de zinco atenda aos valores mínimos estabelecidos na IN 28/2018 e suas atualizações
6) Alegação: O zinco auxilia na síntese de proteínas. Requisitos: As alegações são restritas aos suplementos alimentares cuja quantidade de zinco atenda aos valores mínimos estabelecidos na IN 28/2018 e suas atualizações.
7) Alegação: O zinco auxilia no processo de divisão celular. Requisitos: As alegações são restritas aos suplementos alimentares cuja quantidade de zinco atenda aos valores mínimos estabelecidos na IN 28/2018 e suas atualizações
8) Alegação: O zinco auxilia na manutenção de ossos. Requisitos: As alegações são restritas aos suplementos alimentares cuja quantidade de zinco atenda aos valores mínimos estabelecidos na IN 28/2018 e suas atualizações
9) Alegação: O zinco auxilia no funcionamento do sistema imune. Requisitos: As alegações são restritas aos suplementos alimentares cuja quantidade de zinco atenda aos valores mínimos estabelecidos na IN 28/2018 e suas atualizações
10) Alegação: Fonte de zinco.Requisitos: As alegações são restritas aos suplementos alimentares cuja quantidade de zinco atenda aos valores mínimos estabelecidos na IN 28/2018 e suas atualizações
11) Alegação: Alto conteúdo/Rico em/Alto teor de zinco. Requisitos: A alegação é restrita aos suplementos alimentares cuja quantidade de zinco corresponda ao dobro dos valores mínimos estabelecidos na IN 28/2018 e suas atualizações, desde que não ultrapasse o limite máximo estabelecido na IN 28/2018 e suas atualizações.",Não há requisitos adicionais,
"Associação de Bifidobacterium animalis subespécie lactis HN019 (ATCC SD5674), Lactobacillus acidophilus NCFM (ATCC SD5221), Lactobacillus rhamnosus HN001 /Lacticaseibacillus rhamnosus HN001 (ATCC SD5675) e Lactobacillus paracasei LPC-37 /Lacticaseibacillus paracasei LPC-37  (ATCC SD5275)",,Para esse constituinte foram aprovadas as especificações do fabricante: Farmoquímica S/A - Rio de Janeiro - RJ,"Fonte de Bifidobacterium animalis subespécie lactis HN019 (ATCC SD5674), Lactobacillus acidophilus NCFM (ATCC SD5221), Lactobacillus rhamnosus HN001 /Lacticaseibacillus rhamnosus HN001 (ATCC SD5675) e Lactobacillus paracasei LPC-37 /Lacticaseibacillus paracasei LPC-37 (ATCC SD5275)","“O probiótico contendo a associação das linhagens Bifidobacterium lactis HN019 (ATCC SD 5674), Lactobacillus acidophilus NCFM (ATCC SD 5221), Lactobacillus rhamnosus HN001 (ATCC SD 5675) e Lactobacillus paracasei LPC-37 (ATCC SD 5275) contribui com a saúde do trato gastrointestinal”.","A advertência “Este produto não deve ser consumido por gestantes, lactantes, lactentes, crianças, pessoas imunocomprometidas ou pessoas acometidas de condição de saúde debilitante grave.” deve constar na rotulagem do produto.",
"Associação de Bifidobacterium animalis subsp. lactis HN019 (ATCC SD5674), Lactobacillus acidophilus NCFM (ATCC SD5221), Lactobacillus rhamnosus HN001 (ATCC SD5675), Lactobacillus paracasei Lpc-37 (ATCC SD5275) e Fruto-oligossacarídeos (FOS)",,,"Fonte de Bifidobacterium animalis subsp. lactis HN019 (ATCC SD5674), Lactobacillus acidophilus NCFM (ATCC SD5221), Lactobacillus rhamnosus HN001 (ATCC SD5675), Lactobacillus paracasei Lpc-37 (ATCC SD5275) e Fruto-oligossacarídeos (FOS)","Alegação: A associação de Bifidobacterium animalis subsp. lactis HN019 (ATCC SD5674), Lactobacillus acidophilus NCFM (ATCC SD5221), Lactobacillus rhamnosus HN001 (ATCC SD5675), Lactobacillus paracasei Lpc-37 (ATCC SD5275) e Fruto-oligossacarídeos (FOS) pode contribuir com a saúde do trato gastrointestinal. A alegação é restrita aos suplementos alimentares cuja quantidade mínima de Bifidobacterium animalis subsp. lactis HN019 (ATCC SD5674), Lactobacillus acidophilus NCFM (ATCC SD5221), Lactobacillus rhamnosus HN001 (ATCC SD5675), Lactobacillus paracasei Lpc-37 (ATCC SD5275) e Fruto-oligossacarídeos (FOS) fornecida na recomendação diária de consumo do produto atenda aos valores mínimos estabelecidos no Anexo III desta Instrução Normativa.","A advertência ""Este produto não deve ser consumido por gestantes, lactantes, lactentes, crianças de até 3 anos de idade, pessoas imunocomprometidas ou pessoas acometidas de condição de saúde debilitante grave."" deve constar na rotulagem do produto.",
"Associação de Bifidobacterium lactis BI-07 (ATCC SD5220), de Lactobacillus acidophilus NCFM (ATCC SD5221), de Bifidobacterium lactis BI-04 (ATCC SD5219) e de Lactobacillus paracasei Lpc-37/Lacticaseibacillus paracasei LPC-37 (ATCC SD5275)",,Para esse constituinte foram aprovadas as especificações do fabricante: Danisco - Madison - EUA e Danisco - Rochester - EUA.,"Fonte de Bifidobacterium lactis BI-07 (ATCC SD5220), de Lactobacillus acidophilus NCFM (ATCC SD5221), de Bifidobacterium lactis BI-04 (ATCC SD5219) e de Lactobacillus paracasei Lpc-37 /Lacticaseibacillus paracasei LPC-37 (ATCC SD5275)","Alegação: A associação de Bifidobacterium lactis BI-07 (ATCC SD5220), Lactobacillus acidophilus NCFM (ATCC SD5221), Bifidobacterium lactis BI-04 (ATCC SD5219) e Lactobacillus paracasei Lpc-37 (ATCC SD5275) pode contribuir com a saúde do trato gastrointestinal. Requisito: A alegação é restrita aos suplementos alimentares cuja quantidade mínima de  Bifidobacterium lactis BI-07 (ATCC SD5220), Lactobacillus acidophilus NCFM (ATCC SD5221), Bifidobacterium lactis BI-04 (ATCC SD5219) e Lactobacillus paracasei Lpc-37 (ATCC SD5275) atenda aos valores mínimos estabelecidos na IN 28/2018 e suas atualizações.","A advertência “Este produto não deve ser consumido por gestantes, lactantes, lactentes, crianças, pessoas imunocomprometidas ou pessoas acometidas de condição de saúde debilitante grave.” deve constar na rotulagem do produto.",
"Associação de Lactobacillus acidophilus La-14 (ATCC SD5212), Lactobacillus rhamnosus HN001 (ATCC SD5675) e lactoferrina bovina",,Para a associação deLactobacillus acidophilus La-14 (ATCC SD5212) e Lactobacillus rhamnosus HN001 (ATCC SD5675) foram aprovadas as especificações do fabricante: Danisco (EUA),"Fonte de Lactobacillus acidophilus La-14 (ATCC SD5212), Lactobacillus rhamnosus HN001 (ATCC SD5675) e lactoferrina bovina","1) Alegação: A associação deLactobacillus acidophilusLa-14 (ATCC SD5212) e Lactobacillus rhamnosusHN001 (ATCC SD5675) com lactoferrina bovina pode contribuir com a saúde vaginal.
Requisitos: A alegação é restrita aos suplementos alimentares cuja quantidade mínima de Lactobacillus acidophilus La-14 (ATCC SD5212), Lactobacillus rhamnosus HN001 (ATCC SD5675) e lactoferrina atenda aos valores mínimos estabelecidos no Anexo III da IN 28/2018.","A advertência “Este produto não deve ser consumido por gestantes, lactantes, lactentes, crianças, pessoas imunocomprometidas ou pessoas acometidas de condição de saúde debilitante grave.” deve constar na rotulagem do produto.",
Associação de Lactobacillus helveticus R0052 (CNCM I-1722) e de Bifidobacterium longum R0175 (CNCM I-3470),,Para esse cconstituinte foram aprovadas as especificações do fabricante: Lallemand Health Solutions Inc - Montreal - Quebec - Canadá.,Fonte de Lactobacillus helveticus R0052 (CNCM I-1722) e de Bifidobacterium longum R0175 (CNCM I-3470),Alegação 1: A associação de Lactobacillus helveticus R0052 (CNCM I-1722) e de Bifidobacterium longum R0175 (CNCM I-3470) podem auxiliar na redução de sensações de ansiedade em pessoas saudáveis. Alegação 2: A associação de Lactobacillus helveticus R0052 (CNCM I-1722) e de Bifidobacterium longum R0175 (CNCM I-3470) ajudam a reduzir complicações gastrointestinais como dor abdominal e náusea/vômito devido ao estresse leve a moderado em pessoas saudáveis. Requisito: A alegação é restrita aos suplementos alimentares cuja quantidade mínima de Lactobacillus helveticus R0052 (CNCM I-1722) e de Bifidobacterium longum R0175 (CNCM I-3470) atenda aos valores mínimos estabelecidos na IN 28/2018 e suas atualizações.,"A advertência “Este produto não deve ser consumido por gestantes, lactantes, lactentes, crianças, pessoas imunocomprometidas ou pessoas acometidas de condição de saúde debilitante grave.” deve constar na rotulagem do produto.",
"Associação de Lactobacillus plantarum (CECT 7484), Lactobacillus plantarum (CECT 7485) e Pediococcus acidilactici (CECT 7483)",,Para este ingrediente foram aprovadas as especificações do proprietário: AB-BIOTICS S.A.,fonte de probiótico em suplementos alimentares,"1) Alegação: A associação de Lactobacillus plantarum (CECT 7484), Lactobacillus plantarum (CECT 7485) e Pediococcus acidilactici (CECT 7483) pode contribuir com a saúde do trato gastrointestinal. Requisitos: A alegação é restrita aos suplementos alimentares cuja quantidade mínima de Lactobacillus plantarum (CECT 7484), Lactobacillus plantarum (CECT 7485) e Pediococcus acidilactici (CECT 7483) fornecida na recomendação diária de consumo do produto atenda aos valores mínimos estabelecidos na Instrução Normativa nº 28/2018.
2) Alegação: A associação de Lactobacillus plantarum (CECT 7484), Lactobacillus plantarum (CECT 7485) e Pediococcus acidilactici (CECT 7483) pode contribuir para a redução do desconforto intestinal em adultos. Requisitos: A alegação é restrita aos suplementos alimentares cuja quantidade mínima de Lactobacillus plantarum (CECT 7484), Lactobacillus plantarum (CECT 7485) e Pediococcus acidilactici (CECT 7483) fornecida na recomendação diária de consumo do produto atenda aos valores mínimos estabelecidos na Instrução Normativa nº 28/2018.","
A advertência ""Este produto não deve ser consumido por gestantes, lactantes, lactentes, crianças, pessoas imunocomprometidas ou pessoas acometidas de condição de saúde debilitante grave."" deve constar na rotulagem do produto.",
Associação de Lactobacillus rhamnosus 19070-2 (DSM 26357) e Lactobacillus reuteri DSM 12246 (CBS 145621),,"Para este constituinte foram aprovadas as especificações do fabricante: Centro Sperimentale del
Late – Endereço: Strada per Merlino 3 – Zelo Buon Persico, Lodi 26839 – Itália e Lallemand SAS – Endereço: 4 Chemin du Bord de l’Eau, Saint Simon 15130 -
França.",Fonte de Lactobacillus rhamnosus 19070-2 (DSM 26357) e de Lactobacillus reuteri DSM 12246 (CBS 145621),1) Alegação: A associação de Lactobacillus rhamnosus 19070-2 e Lactobacillus reuteri DSM 12246 pode contribuir com a saúde do trato gastrointestinal. Requisitos: A alegação é restrita aos suplementos alimentares cuja quantidade mínima de Lactobacillus rhamnosus 19070-2 e Lactobacillus reuteri DSM 12246 fornecida na recomendação diária de consumo do produto atenda aos valores mínimos estabelecidos no Anexo III desta Instrução Normativa.,"A advertência ""Este produto não deve ser consumido por adultos, gestantes, lactantes, pessoas imunocomprometidas ou pessoas acometidas de condição de saúde debilitante grave"" deve constar na rotulagem do produto.",
Associação de Lactobacillus rhamnosus GR-1 (DSM33426) e Limosillactobacillus reuteri RC-14 (DSM33016),,Fabricante: Chr. Hansen A/S (Denmark),fonte de probiótico em suplementos alimentares,"A associação deLactobacillus rhamnosusGR-1 (DSM33426) eLimosilactobacillus reuteriRC-14 (DSM33016) pode contribuir com a saúde vaginal.
A alegação é restrita aos suplementos alimentares cuja quantidade mínima deLactobacillus rhamnosusGR-1 (DSM33426) e deLimosilactobacillus reuteriRC-14 (DSM33016) atenda aos valores mínimos estabelecidos no Anexo III da IN Nº 336, DE 28 DE NOVEMBRO DE 2024.","A advertência ""Este produto não deve ser consumido por gestantes, lactantes, lactentes, crianças, pessoas imunocomprometidas ou pessoas acometidas de condição de saúde debilitante grave."" deve constar na rotulagem do produto.",
Associação de Lactobacillus rhamnosus R0011/Lacticaseibacillus rhamnosus R0011 (CNCM I-1720) e de Lactobacillus helveticus R0052 (CNCM I-1722),,Para esse cconstituinte foram aprovadas as especificações do fabricante: Lallemand Health Solutions Inc - Montreal - Quebec - Canadá.,Fonte de Lactobacillus rhamnosus R0011 /Lacticaseibacillus rhamnosus R0011 (CNCM I-1720) e de Lactobacillus helveticus R0052 (CNCM I-1722),Alegação: A associação de Lactobacillus rhamnosus R0011 (CNCM I- 1720) e de Lactobacillus  helveticus R0052 (CNCM I- 1722) podem contribuir com a saúde do trato gastrointestinal. Requisito: A alegação é restrita aos suplementos alimentares em cápsulas ou sachês cuja  quantidade mínima de Lactobacillus rhamnosus R0011 (CNCM I-1720) e de Lactobacillus helveticus R0052 (CNCM I-1722) atenda aos valores mínimos estabelecidos na IN 28/2018 e suas atualizações.,"A advertência “Este produto não deve ser consumido por gestantes, lactantes, lactentes e crianças de até 3 anos de idade, pessoas imunocomprometidas ou pessoas acometidas de condição de saúde debilitante grave.” deve constar na rotulagem do produto.",
Associação de Limosilactobacillus reuteri (Lactobacillus reuteri) (DSM 17938) e Limosilactobacillus reuteri (Lactobacillus reuteri) (ATCC PTA 6475),,"Para este ingrediente foram aprovadas as especificações do proprietário: BioGaia AB, Escocolmo, Suécia.",Fonte de de Limosilactobacillus reuteri (Lactobacillus reuteri) (DSM 17938) e Limosilactobacillus reuteri (Lactobacillus reuteri) (ATCC PTA 6475),Alegação: A associação de Limosilactobacillus reuteri (Lactobacillus reuteri) (DSM 17938) e Limosilactobacillus reuteri (Lactobacillus reuteri) (ATCC PTA 6475) pode contribuir com a saúde do trato gastrointestinal. A alegação é restrita aos suplementos alimentares cuja quantidade mínima de Limosilactobacillus reuteri (Lactobacillus reuteri) (DSM 17938) e Limosilactobacillus reuteri (Lactobacillus reuteri) (ATCC PTA 6475) atenda aos valores mínimos estabelecidos no Anexo III desta Instrução Normativa.,"A advertência “Este produto não deve ser consumido por gestantes, lactantes, lactentes, crianças, pessoas imunocomprometidas ou acometidas de condição de saúde debilitante grave.” deve constar na rotulagem do produto.",
Associação de Pediococcus pentosaceus (CECT 8330) e Bifidobacterium longum (CECT 7894),,Para esse constituinte foram aprovadas as especificações do fabricante: Lactosan GmbH & Co. KG - Austria,Fonte de Bifidobacterium longum e Pediococcus pentosaceus,"Alegação: ""A associação de Pediococcus pentosaceus (CECT 8330) e Bifidobacterium longum (CECT 7894) pode
contribuir com a saúde do trato gastrointestinal."" Requisito: A alegação é restrita aos suplementos alimentares cuja quantidade mínima de Pediococcus pentosaceus (CECT 8330) e de Bifidobacterium longum (CECT 7894) atenda aos valores mínimos estabelecidos no Anexo III desta Instrução Normativa.","A advertência ""Este produto não deve ser consumido por gestantes, lactantes, crianças, pessoas imunocomprometidas ou pessoas acometidas de condição de saúde debilitante grave."" deve constar na rotulagem do produto.",
Azeite de oliva (Olea europaea),8001-25-0,"CODEX STAN 33-1981
USP 7426 Oleyl / Official Monographs NF 34","Fonte de Lipídeos
Fonte de Ácido linoleico n-6
Ácido  alfa-linolênico n-3",Não autorizada alegação de propriedade funcional e/ou saúde para esse ingrediente.,Não há requisitos adicionais,
"Bacillus Clausii O/C (CNCM-I-276), SIN (CNCM-I-275), N/R (CNCM-I-274), T (CNCM-I-273)",,Para esse constituinte foram aprovadas as especificações do fabricante: Sanofi S.p.A. - Itália.,"Fonte de Bacillus Clausii O/C (CNCM-I-276), SIN (CNCM-I-275), N/R (CNCM-I-274), T (CNCM-I-273)","Alegação: “O Bacillus clausii O/C (CNCM-I276), SIN (CNCM-I-275), N/R (CNCM-I-274), T (CNCM-I-273) pode contribuir com a saúde do trato gastrointestinal.” Requisito: A alegação é restrita aos suplementos
alimentares cuja quantidade mínima de Bacillus clausii O/C (CNCM-I-276), SIN (CNCM-I-275), N/R (CNCM-I-274), T (CNCM-I-273) atenda aos valores mínimos estabelecidos no Anexo III desta Instrução Normativa.","A advertência “Este produto não deve ser consumido por gestantes, lactantes, pessoas imunocomprometidas ou pessoas acometidas de condição de saúde debilitante grave.” deve constar na rotulagem do produto.",
BACILLUS CLAUSII UBBC-07,,"Para este constituinte foram aprovadas as especificações do fabricante:  Unique Biotech Limited. Hyderabad, Índia.",Fonte de Bacillus clausii UBBC-07,1) Alegação: O Bacillus clausii UBBC-07 pode contribuir com a saúde gastrointestinal. Requisitos: A alegação é restrita aos suplementos alimentares cuja quantidade mínima de Bacillus clausii UBBC-07 atenda aos valores mínimos estabelecidos no Anexo III da Instrução Normativa - IN nº 318 de 19/09/2024.,"A advertência ""Este produto não deve ser consumido por gestantes, lactantes e crianças. Pessoas com enfermidades e/ou sob o uso de medicamentos, consulte seu médico"" deve constar na rotulagem do produto.",
Bacillus coagulans GBI-30 6086 (ATCC 7050),,FCC,Fonte de Bacillus coagulans GBI-30 6086,"Alegação: ""O Bacillus coagulans GBI-30 6086 (ATCC 7050) pode contribuir com a saúde do trato gastrointestinal."" Requisito: A alegação é restrita aos suplementos alimentares cuja quantidade mínima de Bacillus coagulans GBI-30 6086 (ATCC 7050) atenda aos valores mínimos estabelecidos no Anexo III desta Instrução Normativa.","A advertência ""O produto contendo a(s) linhagem(ns) probiótica(s) não deve ser utilizado ou por pessoas imunocomprometidas (seja por uma condição de doença ou pelo uso de medicação imunossupressora) ou por pessoas acometidas de condição de saúde debilitante grave.” deve constar na rotulagem do produto.",
Bacillus coagulans SNZ 1969 (MTCC 5724; BCCM LMG S-27484; ATCC 3560),,"Para este ingrediente foram aprovadas as especificações do proprietário-fabricante Sanzyme Biologics Pvt., Ltd., localizado em Hyderabad, Índia.",fonte de probiótico em suplementos alimentares,O Bacillus coagulans SNZ 1969 (MTCC 5724; BCCM LMG S-27484; ATCC 3560) pode contribuir com a saúde do trato gastrointestinal. Requisitos: A alegação é restrita aos suplementos alimentares cuja quantidade mínima de Bacillus coagulans SNZ 1969 (MTCC 5724; BCCM LMG S-27484; ATCC 3560) fornecida na recomendação diária de consumo do produto atenda aos valores mínimos estabelecidos na Instrução Normativa nº 28/2018.,"
A advertência ""Este produto não deve ser consumido por gestantes, lactantes, lactentes, crianças até três anos de idade, pessoas imunocomprometidas ou pessoas acometidas de condição de saúde debilitante grave."" deve constar na rotulagem do produto.",
Bacillus subtilis HU58 (NCIMB 30283),,"Para esse constituinte foram aprovadas as especificações do fabricante: Synergia Life Sciences Pvt. Ltd. (Grupo Viridis). Maharashtra, India.",Fonte de Bacillus subtilis HU58 (NCIMB 30283),"Alegação: ""O Bacillus subtilis HU58 (NCIMB 30283) pode contribuir com a saúde do trato gastrointestinal."" Requisito: A alegação é restrita aos suplementos alimentares cuja quantidade mínima de Bacillus subtilis HU58 (NCIMB 30283) atenda aos valores mínimos estabelecidos no Anexo III desta Instrução Normativa.","A advertência “Este produto não deve ser consumido por gestantes, lactantes e crianças.” deve constar na rotulagem do produto.",
Bacillus subtilis subsp. inaquosorum DE111,,"Para este constituinte foram aprovadas as especificações do fabricante: Deerland Probiotic and Enzymes Inc, localizada em 2995 Cobb International Blv, Kennesaw,
Geórgia, EUA.",Fonte de probiótico,1) Alegação: O Bacillus subtilis subsp. inaquosorum DE111 pode contribuir com a saúde do trato gastrointestinal. Requisitos: A alegação é restrita aos suplementos alimentares cuja quantidade mínima de Bacillus subtilis subsp. inaquosorum DE111 fornecida na recomendação diária de consumo do produto atenda aos valores mínimos estabelecidos no Anexo III desta Instrução Normativa.,"A advertência ""Este produto não deve ser consumido por gestantes, lactantes, lactentes, crianças, pessoas imunocomprometidas ou pessoas acometidas de condição de saúde debilitante grave."" deve constar na rotulagem do produto.",
BANHA DE AVESTRUZ,,"Parâmetros Físico-Químicos
Umidade: Máx. 0,2%
Impurezas insolúveis: Máx. 0,05%
Índice de acidez: máx. 4,0 mg KOH/g
Índice de peróxidos: Máx. 15,0 meq/kg

Contaminantes
Arsênio: máx. 0,1 mg/kg
Chumbo: máx. 0,1 mg/kg
Cobre: máx. 0,4 mg/kg
Ferro: máx. 5,0 mg/kg

Perfil de ácidos graxos
Ácido láurico (C12:0): 0,0 - 1,82%
Ácido mirístico  (C14:0): 0,25% - 2,62%
Ácido palmítico (C16:0): 16,5% - 34,9%
Ácido palmitoleico (C16:1): 4,50% - 13,7%
Ácido esteárico  (C18:0): 5,34% - 11,8%
Ácido oleico (C18:1): 13,8% - 42,76%
Ácido linoleico (C18:2): 1,52% - 18,1%",Fonte de lipídeos,Não autorizada alegação de propriedade funcional e/ou saúde para esse ingrediente.,Não se aplica,
BANHA DE AVESTRUZ,,"STANDARD FOR EDIBLE FATS AND OILS
NOT COVERED BY INDIVIDUAL STANDARDS
CXS 19-1981

(foram consideradas as referências bibliográficas para o perfil de ácidos graxos e os limites de
contaminantes da RDC 722/22)",Fonte de lipídeos,Não foi aprovada alegação de propriedade funcional nem de saúde para o ingrediente,,"Aprovado Resolução-RE Nº 1.178, DE 05 DE ABRIL DE 2023 - Autorizado apenas para os peticionantes até a inclusão na IN 28/2018 e suas atualizações."
Baobá em pó (Adansonia digitata),,"1. Para este constituinte foram aprovadas as especificações do fabricante BFCS - Baobab Fruit Company Senegal S.a.r.l. - Thies - Senegal. 

2. Para este constituinte foi aprovada a seguinte especificação:
Descrição/Definição: Os frutos de baobá são colhidos de árvores da espécie Adansonia digitata. A polpa obtida do fruto é desidratada e moída para ser transformada em um pó de coloração branca.
Parâmetros físico-químicos
Umidade: mín. 4,5 % e máx. 13,7 %
Proteína: mín. 1,8 % e máx. 9,3 %
Gordura: máx. 1,6 %
Carboidratos totais: mín. 76,3 % e máx. 89,5 %
Açúcares (como glicose): mín. 15,2 % e máx. 36,5 %
Fibra alimentar: mín. 40 % e máx. 60 %
Cinzas: mín. 3,8 % e máx. 6,6 %
Sódio (mg/100 g): mín. 0,1 e máx. 25,2",Fonte de fibras alimentares,"1) Alegação: As fibras alimentares auxiliam no funcionamento do intestino.
Requisitos: As alegações são restritas aos suplementos alimentares cuja quantidade de fibras alimentares atenda aos valores mínimos estabelecidos na IN 28/2018 e suas atualizações.
2) Alegação: Fonte de fibras. Requisitos: As alegações são restritas aos suplementos alimentares cuja quantidade de fibras alimentares atenda aos valores mínimos estabelecidos na IN 28/2018 e suas atualizações.",Não há requisitos adicionais,
Beta-alanina,107-95-9, TRS 928-JECFA 63/98 COMPENDIUM ADDENDUM 12/FNP 52 Add 12/88 FAS 54-JECFA 63/435,Fonte do aminoácido Beta-alanina,Não autorizada alegação de propriedade funcional e/ou saúde para esse ingrediente.,"As advertências ""Este produto não deve ser consumido por gestantes, lactantes e crianças"" e  ""Quantidade diária máxima de 2 g com doses divididas de, no máximo, 300 mg, com intervalo de duas horas entre as doses."" devem constar na rotulagem do produto.",
Betacaroteno,7235-40-7,"European pharmacopoeia 9.0 

FCC 

Prepared at the 51st JECFA (1998), published in FNP 52 Add 6 (1998) superseding specifications prepared at the 44th JECFA (1995), published in FNP 52 Add 3 (1995). ADI ""acceptable"", provided the level of use does not exceed the level normally found in vegetables, established at the 41st JECFA in 1993. Metals and arsenic specifications revised at the 59th JECFA (2002).
 
Prepared at the 74thJECFA (2011) and published in FAO Monographs 11 (2011), superseding specifications prepared at the 31st JECFA (1987), published in the Combined Compendium of Food Additive Specifications, FAO JECFA Monographs 1 (2005). A group ADI of 0-5 mg/kg bw for beta carotene, synthetic and from Blakeslea trispora, was established at the 57th JECFA (2001). 

Prepared at the 61st JECFA (2003), published in FNP 52 Add 11 (2003), superseding specifications prepared at the 57th JECFA (2001), published in FNP 52 Add 9 (2001).   A group ADI with β -carotene (synthetic) of 0 - 5 mg/kg bw was established at the 57th JECFA (2001).",Fonte de Vitamina A,"1) Alegação: A vitamina A auxilia na visão. Requisitos: As alegações são restritas aos suplementos alimentares cuja quantidade de vitamina A atenda aos valores mínimos estabelecidos na IN 28/2018 e suas atualizações..
2) Alegação: A vitamina A auxilia no funcionamento do sistema imune. Requisitos: As alegações são restritas aos suplementos alimentares cuja quantidade de vitamina A atenda aos valores mínimos estabelecidos na IN 28/2018 e suas atualizações.
3) Alegação: A vitamina A auxilia no metabolismo do ferro. Requisitos: As alegações são restritas aos suplementos alimentares cuja quantidade de vitamina A atenda aos valores mínimos estabelecidos na IN 28/2018 e suas atualizações.
4) Alegação: A vitamina A contribui para a manutenção da pele. Requisitos: As alegações são restritas aos suplementos alimentares cuja quantidade de vitamina A atenda aos valores mínimos estabelecidos na IN 28/2018 e suas atualizações.
5) Alegação: A vitamina A auxilia na manutenção de mucosas.  Requisitos: As alegações são restritas aos suplementos alimentares cuja quantidade de vitamina A atenda aos valores mínimos estabelecidos na IN 28/2018 e suas atualizações
6) Alegação: A vitamina A auxilia no processo de diferenciação celular. Requisitos: As alegações são restritas aos suplementos alimentares cuja quantidade de vitamina A atenda aos valores mínimos estabelecidos na IN 28/2018 e suas atualizações.
7) Alegação: Fonte de vitamina A. Requisitos: As alegações são restritas aos suplementos alimentares cuja quantidade de vitamina A atenda aos valores mínimos estabelecidos na IN 28/2018 e suas atualizações.
8) Alegação: Alto conteúdo/Rico em/Alto teor de vitamina A. Requisitos: A alegação é restrita aos suplementos alimentares cuja quantidade de vitamina A corresponda ao dobro dos valores mínimos estabelecidos na IN 28/2018 e suas atualizações., desde que não ultrapasse o limite máximo estabelecido na IN 28/2018 e suas atualizações.",Não há requisitos adicionais,
Beta-glucana de Euglena gracillis,,"Para esse constituinte foram aprovadas as especificações do fabricante: Kemin Foods, L.C. - USA",Fonte de Beta-glucana de alga Euglena gracilis,Não autorizada alegação de propriedade funcional e/ou saúde para esse ingrediente.,,
Beta-glucana de farelo de aveia,,Para este constituinte foram aprovadas as especificações do fabricante: Tate & Lyle Sweden - Kimstad - Suécia.,Fonte de fibras alimentares,"1) Alegação: As fibras alimentares auxiliam no funcionamento do intestino.
Requisitos: As alegações são restritas aos suplementos alimentares cuja quantidade de fibras alimentares atenda aos valores mínimos estabelecidos na IN 28/2018 e suas atualizações.
2) Alegação: Fonte de fibras. Requisitos: As alegações são restritas aos suplementos alimentares cuja quantidade de fibras alimentares atenda aos valores mínimos estabelecidos na IN 28/2018 e suas atualizações.",Não há requisitos adicionais,
Beta-glucana de levedura (Saccharomyces cerevisiae),,"EFSA Journal 2011;9(5):2137 

FCC 

USP-NF",Fonte de fibras alimentares,"1) Alegação: As fibras alimentares auxiliam no funcionamento do intestino.
Requisitos: As alegações são restritas aos suplementos alimentares cuja quantidade de fibras alimentares atenda aos valores mínimos estabelecidos na IN 28/2018 e suas atualizações.
2) Alegação: Fonte de fibras. Requisitos: As alegações são restritas aos suplementos alimentares cuja quantidade de fibras alimentares atenda aos valores mínimos estabelecidos na IN 28/2018 e suas atualizações.",Não há requisitos adicionais,
Beta-glucana de levedura (Saccharomyces cerevisiae),,"The EFSA Journal 2011;9(5):2137 

FCC",Fonte de Beta-glucana,Não autorizada alegação de propriedade funcional e/ou saúde para esse ingrediente.,,
Bicarbonato de potássio/Hidrogênio carbonato de potássio,298-14-6,,Fonte de Potássio,Não autorizada alegação de propriedade funcional e/ou saúde para esse ingrediente.,Não há requisitos adicionais,
Bicarbonato de sódio,144-55-8,"USP-NF 

FCC",Fonte de Sódio,"1) Alegação: Não contém/Livre de/Zero (0 ou 0%) /Sem/Isento de sódio. Requisitos: A alegação é restrita aos suplementos alimentares cuja
recomendação diária do alimento pronto para consumo
forneça no máximo 5 mg de sódio
2) Alegação: Baixo em/Pouco/Baixo teor de/Leve em sódio. Requisitos: A alegação é restrita aos suplementos alimentares cuja
recomendação diária do alimento pronto para consumo
forneça no máximo 40 mg de sódio.",Não há requisitos adicionais,
Bifidobacterium animalis subsp. lactis (DSM 15954),,Para esse constituinte foram aprovadas as especificações dos fabricantes: Danisco USA Inc.,Fonte de Bifidobacterium animalis subsp. lactis (DSM 15954),"Alegação: ""O Bifidobacterium animalis subsp. lactis (DSM 15954) contribui com a saúde do trato gastrointestinal"". Requisitos: A alegação é restrita aos suplementos alimentares cuja quantidade mínima de Bifidobacterium animalis subsp. lactis (DSM 15954)atenda aos valores mínimos estabelecidos na IN 28/2018 e suas atualizações.","A advertência “Este produto não deve ser consumido por pessoas imunocomprometidas ou acometidas de condição de saúde debilitante grave."" devem constar na rotulagem do produto.",
Bifidobacterium animalis subsp. lactis BB12 (DSM 15954),,"Para esse constituinte foram aprovadas as especificações dos fabricantes: 
CHR Hansen - Dinamarca.",Fonte de Bifidobacterium animalis subsp. lactis BB12 (DSM 15954),"Alegação: ""O Bifidobacterium animalis subsp. lactis BB12(DSM 15954) contribui com a saúde do trato gastrointestinal"". Requisitos: A alegação é restrita aos suplementos alimentares cuja quantidade mínima de Bifidobacterium animalis subsp. lactis BB12  (DSM 15954)atenda aos valores mínimos estabelecidos na IN 28/2018 e suas atualizações.","A advertência “Este produto não deve ser consumido por pessoas imunocomprometidas ou acometidas de condição de saúde debilitante grave."" devem constar na rotulagem do produto.",
Bifidobacterium animalis subsp. lactis CCT 7858,,"Para este ingrediente foram aprovadas as especificações
do fabricante: Gabbia Biotecnologia e Desenvolvimento Ltda, Santa Catarina, Brasil.",Fonte de Bifidobacterium animalis subsp. lactis CCT 7858,1) Alegação: O Bifidobacterium animalis subsp. lactis CCT 7858 pode contribuir com a saúde do trato gastro intestinal. A alegação é restrita aos suplementos alimentares cuja quantidade mínima de Bifidobacterium animalis subsp. lactis CCT 7858 fornecida na recomendação diária de consumo do produto atenda aos valores mínimos estabelecidos no Anexo III desta Instrução Normativa.,"A advertência ""Este produto não deve ser consumido por gestantes, lactantes, lactentes, crianças, pessoas imunocomprometidas ou pessoas acometidas de condição de saúde debilitante grave."" deve constar na rotulagem do produto.",
Bifidobacterium animalis subsp. lactis HN019 (ATCC SD5674),,Para esse constituinte foram aprovadas as especificações do fabricante: Danisco A/S - EUA,Fonte de Bifidobacterium animalis subsp. lactis HN019 (ATCC SD5674),"1) Alegação: ""O Bifidobacterium animalis subsp. lactis HN019 (ATCC SD5674) pode contribuir com a saúde do trato gastrointestinal"". Requisitos: A alegação é restrita aos suplementos alimentares cuja quantidade mínima de Bifidobacterium animalis subsp. lactis HN019  (ATCC SD5674)atenda aos valores mínimos estabelecidos na IN 28/2018 e suas atualizações.
2) Alegação: ""O Bifidobacterium animalis subsp. lactis HN019 (ATCC SD5674) pode contribuir com a saúde da gengiva."". Requisitos: A alegação é restrita aos suplementos alimentares cuja quantidade mínima de Bifidobacterium animalis subsp. lactis HN019 (ATCC SD5674) fornecida na recomendação diária de consumo do produto atenda aos valores mínimos estabelecidos na IN 28/2018 e suas atualizações.","A advertência ""Este produto não deve ser consumido por gestantes, lactantes, lactentes, crianças, pessoas imunocomprometidas ou pessoas acometidas de condição de saúde debilitante grave."" deve constar na rotulagem do produto.",
Bifidobacterium animalis subsp. lactis LAFTI B94 (CBS-118529),,"Para este constituinte foram aprovadas as especificações do fabricante: Lallemand Health Solutions Inc. Québec, Canadá",Fonte de Bifidobacterium animalis subsp. lactis LAFTI B94 (CBS-118529),"“O Bifidobacterium animalis subsp. lactis LAFTI B94 contribui para a saúde do trato gastrointestinal”, ou “O Bifidobacterium animalis subsp. lactis LAFTI B94 em associação com inulina contribui para a saúde do trato gastrointestinal”.",A advertência “Este produto não deve ser consumido por pessoas imunocomprometidas ou pessoas acometidas de condição de saúde debilitante grave.” deve constar na rotulagem do produto.,
Bifidobacterium lactis (NCC 2818),,Para esse constituinte foram aprovadas as especificações do fabricante: Nestlé Suisse S.A. - Konolfingen - Suíça,Fonte de Bifidobacterium lactis (NCC 2818),Alegação: O Bifidobacterium lactis (NCC 2818) pode contribuir com a saúde do trato gastrointestinal. Requisito: A alegação é restrita aos suplementos alimentares cuja quantidade mínima de Bifidobacterium lactis (NCC 2818) atenda aos valores mínimos estabelecidos na IN 28 e suas atualizações.,"A advertência “Este produto não deve ser consumido por gestantes, lactantes, pessoas imunocomprometidas ou pessoas acometidas de condição de saúde debilitante grave.” deve constar na rotulagem do produto.",
"Bifidobacterium lactis HN019 (ATCC SD 5674), Lactobacillus acidophilus NCFM (ATCC SD
5221), Lactobacillus rhamnosus HN001 / Lacticaseibacillus rhamnosus HN001 (ATCC SD 5675), Lactobacillus paracasei Lpc-37 /
Lacticaseibacillus paracasei Lpc-37 (ATCC SD 5275) e Fruto-oligossacarídeos (FOS)",,"Para este constituinte foram aprovadas as especificações do fabricante: Bifidobacterium lactis HN019 (ATCC SD 5674): Danisco – EUA; Lactobacillus acidophilus NCFM (ATCC SD 5221):
Danisco – EUA; Lactobacillus rhamnosus HN001 / Lacticaseibacillus rhamnosus HN001 (ATCC SD 5675): Danisco – EUA;
Lactobacillus paracasei Lpc-37 / Lacticaseibacillus paracasei Lpc-37 (ATCC SD 5275): Danisco – EUA; Fruto-oligossacarídeos (FOS): FCC","Fonte de Bifidobacterium lactis HN019 (ATCC SD 5674), Lactobacillus acidophilus NCFM (ATCC SD
5221), Lactobacillus rhamnosus HN001 / Lacticaseibacillus rhamnosus HN001 (ATCC SD 5675), Lactobacillus paracasei Lpc-37 /
Lacticaseibacillus paracasei Lpc-37 (ATCC SD 5275) e Fruto-oligossacarídeos (FOS)","1) A associação de Bifidobacterium lactis HN019 (ATCC SD 5674), Lactobacillus acidophilus NCFM (ATCC SD 5221), Lactobacillus rhamnosus HN001 / Lacticaseibacillus rhamnosus HN001 (ATCC SD 5675),
Lactobacillus paracasei Lpc-37 / Lacticaseibacillus paracasei Lpc-37 (ATCC SD 5275) e fruto-oligossacarídeos (FOS) pode contribuir com a saúde do trato gastrointestina
Requisito: A alegação é restrita aos suplementos alimentares cuja quantidade mínima de Bifidobacterium lactis
HN019 (ATCC SD 5674), Lactobacillus acidophilus NCFM (ATCC SD 5221), Lactobacillus rhamnosus HN001 / Lacticaseibacillus rhamnosus HN001 (ATCC SD 5675), Lactobacillus paracasei Lpc-37 / Lacticaseibacillus paracasei Lpc-37 (ATCC SD 5275) e Fruto-oligossacarídeos (FOS) atenda aos valores mínimos estabelecidos no Anexo III da IN 28/2018.","A advertência ""Este produto não deve ser consumido por gestantes, lactantes, lactentes, crianças, pessoas imunocomprometidas ou pessoas acometidas de condição de saúde debilitante grave."" deve constar na
rotulagem do produto.","Aprovado pela RESOLUÇÃO-RE N° 4.577, DE 30 DE NOVEMBRO DE 2023 - Autorizado apenas para os peticionantes até a inclusão na IN 28/2018 e suas atualizações."
Bifidobacterium lactis NCC 2818,,"Para este constituinte foram aprovadas as especificações do fabricante: Nestlé Suisse S.A. - Nestlé-Strasse 1, CH Switzerland.",Fonte de probiótico,Não autorizada alegação de propriedade funcional e/ou saúde para esse ingrediente.,"A advertência ""Este produto não deve ser consumido por lactantes, pessoas imunocomprometidas ou pessoas acometidas de condição de saúde debilitante grave."" deve constar na rotulagem do produto.",
Bifidobacterium longum subsp. longum BB536,,"Morinaga Milk Industry CO., LTD",Fonte de Bifidobacterium longum subsp. longum BB536,1) Alegração: O Bifidobacterium longum subsp. longum BB536 pode contribuir para a saúde do trato gastrointestinal. Requisito: A alegação é restrita aos suplementos alimentares cuja quantidade mínima de Bifidobacterium longum subsp. longum BB536 fornecida na recomendação diária de consumo do produto atenda aos valores mínimos estabelecidos no Anexo III desta Instrução Normativa.,"A advertência “Este produto não deve ser consumido por gestantes, lactantes, pessoas imunocomprometidas ou pessoas acometidas de condição de saúde debilitante grave.” deve constar na rotulagem do produto.",
Bisglicinato de cálcio,56960-17-9,"The EFSA Journal (2008) 718, 1-26",Fonte de Cálcio,"1) Alegação: O cálcio auxilia na formação e manutenção de ossos e dentes. Requisito: As alegações são restritas aos suplementos alimentares cuja quantidade de cálcio atenda aos valores mínimos estabelecidos na IN 28/2018 e suas atualizações.
2) Alegação: O cálcio auxilia na coagulação do sangue. Requisito: As alegações são restritas aos suplementos alimentares cuja quantidade de cálcio atenda aos valores mínimos estabelecidos na IN 28/2018 e suas atualizações.
3) Alegação: O cálcio auxilia no funcionamento muscular. Requisito: As alegações são restritas aos suplementos alimentares cuja quantidade de cálcio atenda aos valores mínimos estabelecidos na IN 28/2018 e suas atualizações.
4) Alegação: O cálcio auxilia no funcionamento neuromuscular. Requisito: As alegações são restritas aos suplementos alimentares cuja quantidade de cálcio atenda aos valores mínimos estabelecidos na IN 28/2018 e suas atualizações.
5) Alegação: O cálcio auxilia no processo de divisão celular. Requisito: As alegações são restritas aos suplementos alimentares cuja quantidade de cálcio atenda aos valores mínimos estabelecidos na IN 28/2018 e suas atualizações.
6) Alegação: O cálcio auxilia no metabolismo energético. Requisito: As alegações são restritas aos suplementos alimentares cuja quantidade de cálcio atenda aos valores mínimos estabelecidos na IN 28/2018 e suas atualizações.
7) Alegação: Fonte de cálcio. Requisito: As alegações são restritas aos suplementos alimentares cuja quantidade de cálcio atenda aos valores mínimos estabelecidos na IN 28/2018 e suas atualizações.
8) Realagação: Alto conteúdo/Rico em/Alto teor de cálcio. Requisitos:
A alegação é restrita aos suplementos alimentares cuja quantidade de cálcio corresponda ao dobro dos valores mínimos estabelecidos na IN 28/2018 e suas atualizações, desde que não ultrapasse o limite máximo estabelecido.",Não há requisitos adicionais,
Bisglicinato de cobre,13479-54-4,"The EFSA Journal (2008) 718, 1-26",Fonte de Cobre,"1) Alegação:  O cobre auxilia no funcionamento do sistema imune. Requisitos:  As alegações são restritas aos suplementos alimentares cuja quantidade de cobre atenda aos valores mínimos estabelecidos na IN 28/2018 e suas atualizações.
2) Alegação: O cobre auxilia no metabolismo energético . Requisitos:  As alegações são restritas aos suplementos alimentares cuja quantidade de cobre atenda aos valores mínimos estabelecidos na IN 28/2018 e suas atualizações.
3) Alegação: O cobre contribui para a pigmentação de cabelo e pele. Requisitos:  As alegações são restritas aos suplementos alimentares cuja quantidade de cobre atenda aos valores mínimos estabelecidos na IN 28/2018 e suas atualizações.
4) Alegação: O cobre auxilia no transporte de ferro no organismo. Requisitos:  As alegações são restritas aos suplementos alimentares cuja quantidade de cobre atenda aos valores mínimos estabelecidos na IN 28/2018 e suas atualizações.
5) Alegação: O cobre é um antioxidante que auxilia na proteção dos danos causados pelos radicais livres. Requisitos:  As alegações são restritas aos suplementos alimentares cuja quantidade de cobre atenda aos valores mínimos estabelecidos na IN 28/2018 e suas atualizações.
6) Alegação:  O cobre auxilia na manutenção dos tecidos conjuntivos. Requisitos:  As alegações são restritas aos suplementos alimentares cuja quantidade de cobre atenda aos valores mínimos estabelecidos na IN 28/2018 e suas atualizações.
7) Alegação: Fonte de cobre. Requisitos:  As alegações são restritas aos suplementos alimentares cuja quantidade de cobre atenda aos valores mínimos estabelecidos na IN 28/2018 e suas atualizações.
8) Alegação:  Alto conteúdo/Rico em/Alto teor de cobre. Requisitos: A alegação é restrita aos suplementos alimentares cuja quantidade de cobre corresponda ao dobro dos valores mínimos estabelecidos na IN 28/2018 e suas atualizações, desde que não ultrapasse o limite máximo estabelecido na IN 28/2018 e suas atualizações.",Não há requisitos adicionais,
Bisglicinato de magnésio,14783-68-7,"The EFSA Journal (2008) 718, 1-26",Fonte de Magnésio,"1) Alegação:O magnésio auxilia na formação de ossos e dentes. Requisitos:  As alegações são restritas aos suplementos alimentares cuja quantidade de magnésio atenda aos valores mínimos estabelecidos na IN 28/2018 e suas atualizações.
2) Alegação: O magnésio auxilia no metabolismo energético. Requisitos:  As alegações são restritas aos suplementos alimentares cuja quantidade de magnésio atenda aos valores mínimos estabelecidos na IN 28/2018 e suas atualizações
3) Alegação: O magnésio auxilia no metabolismo de proteínas, carboidratos e gorduras. Requisitos:  As alegações são restritas aos suplementos alimentares cuja quantidade de magnésio atenda aos valores mínimos estabelecidos na IN 28/2018 e suas atualizações.
4) Alegação: O magnésio auxilia no equilíbrio dos eletrólitos. Requisitos:  As alegações são restritas aos suplementos alimentares cuja quantidade de magnésio atenda aos valores mínimos estabelecidos na IN 28/2018 e suas atualizações.
5) Alegação:  O magnésio auxilia no funcionamento muscular. Requisitos: As alegações são restritas aos suplementos alimentares cuja quantidade de magnésio atenda aos valores mínimos estabelecidos na IN 28/2018 e suas atualizações.
6) Alegação: O magnésio auxilia no funcionamento neuromuscular. Requisitos: As alegações são restritas aos suplementos alimentares cuja quantidade de magnésio atenda aos valores mínimos estabelecidos na IN 28/2018 e suas atualizações.
7) Alegação: O magnésio auxilia no processo de divisão celular. Requisitos: As alegações são restritas aos suplementos alimentares cuja quantidade de magnésio atenda aos valores mínimos estabelecidos na IN 28/2018 e suas atualizações.
8) Alegação: Fonte de magnésio. Requisitos: As alegações são restritas aos suplementos alimentares cuja quantidade de magnésio atenda aos valores mínimos estabelecidos na IN 28/2018 e suas atualizações.
9) Alegação: Alto conteúdo/Rico em/Alto teor de magnésio. Requisitos: A alegação é restrita aos suplementos alimentares cuja quantidade de magnésio corresponda ao dobro dos valores mínimos estabelecidos na IN 28/2018 e suas atualizações, desde que não ultrapasse o limite máximo estabelecido na IN 28/2018 e suas atualizações.",Não há requisitos adicionais,
Bisglicinato de manganês,14281-77-7,"The EFSA Journal (2009) 1114, 1-23",Fonte de Manganês,"1) Alegação: O manganês é um antioxidante que auxilia na proteção dos danos causados pelos radicais livres. Requisitos: As alegações são restritas aos suplementos alimentares cuja quantidade de manganês atenda aos valores mínimos estabelecidos na IN 28/2018 e suas atualizações
2) Alegação: O manganês auxilia na formação de ossos.  Requisitos: As alegações são restritas aos suplementos alimentares cuja quantidade de manganês atenda aos valores mínimos estabelecidos na IN 28/2018 e suas atualizações
3) Alegação: O manganês auxilia no metabolismo energético.  Requisitos: As alegações são restritas aos suplementos alimentares cuja quantidade de manganês atenda aos valores mínimos estabelecidos na IN 28/2018 e suas atualizações
4) Alegação:  O manganês auxilia na manutenção dos tecidos conectivos. Requisitos: As alegações são restritas aos suplementos alimentares cuja quantidade de manganês atenda aos valores mínimos estabelecidos na IN 28/2018 e suas atualizações
5) Alegação: Fonte de manganês.  Requisitos: As alegações são restritas aos suplementos alimentares cuja quantidade de manganês atenda aos valores mínimos estabelecidos na IN 28/2018 e suas atualizações
6) Alegação:  Alto conteúdo/Rico em/Alto teor de manganês. Requisitos: A alegação é restrita aos suplementos alimentares cuja quantidade de manganês corresponda ao dobro dos valores mínimos estabelecidos na IN 28/2018 e suas atualizações, desde que não ultrapasse o limite máximo estabelecido na IN 28/2018 e suas atualizações.",Não há requisitos adicionais,
Bisglicinato de zinco,14281-83-5,"The EFSA Journal (2008) 718, 1-26",Fonte de Zinco,"1) Alegação: O zinco é um antioxidante que auxilia na proteção dos danos causados pelos radicais livres. Requisitos: As alegações são restritas aos suplementos alimentares cuja quantidade de zinco atenda aos valores mínimos estabelecidos na IN 28/2018 e suas atualizações.
2) Alegação: O zinco auxilia na visão. Requisitos: As alegações são restritas aos suplementos alimentares cuja quantidade de zinco atenda aos valores mínimos estabelecidos na IN 28/2018 e suas atualizações.
3) Alegação: O zinco auxilia no metabolismo da vitamina A. Requisitos: As alegações são restritas aos suplementos alimentares cuja quantidade de zinco atenda aos valores mínimos estabelecidos na IN 28/2018 e suas atualizações
4) Alegação: O zinco contribui para a manutenção do cabelo, da pele e das unhas. Requisitos: As alegações são restritas aos suplementos alimentares cuja quantidade de zinco atenda aos valores mínimos estabelecidos na IN 28/2018 e suas atualizações
5) Alegação: O zinco auxilia no metabolismo de proteínas, carboidratos e gorduras. Requisitos: As alegações são restritas aos suplementos alimentares cuja quantidade de zinco atenda aos valores mínimos estabelecidos na IN 28/2018 e suas atualizações
6) Alegação: O zinco auxilia na síntese de proteínas. Requisitos: As alegações são restritas aos suplementos alimentares cuja quantidade de zinco atenda aos valores mínimos estabelecidos na IN 28/2018 e suas atualizações.
7) Alegação: O zinco auxilia no processo de divisão celular. Requisitos: As alegações são restritas aos suplementos alimentares cuja quantidade de zinco atenda aos valores mínimos estabelecidos na IN 28/2018 e suas atualizações
8) Alegação: O zinco auxilia na manutenção de ossos. Requisitos: As alegações são restritas aos suplementos alimentares cuja quantidade de zinco atenda aos valores mínimos estabelecidos na IN 28/2018 e suas atualizações
9) Alegação: O zinco auxilia no funcionamento do sistema imune. Requisitos: As alegações são restritas aos suplementos alimentares cuja quantidade de zinco atenda aos valores mínimos estabelecidos na IN 28/2018 e suas atualizações
10) Alegação: Fonte de zinco.Requisitos: As alegações são restritas aos suplementos alimentares cuja quantidade de zinco atenda aos valores mínimos estabelecidos na IN 28/2018 e suas atualizações
11) Alegação: Alto conteúdo/Rico em/Alto teor de zinco. Requisitos: A alegação é restrita aos suplementos alimentares cuja quantidade de zinco corresponda ao dobro dos valores mínimos estabelecidos na IN 28/2018 e suas atualizações, desde que não ultrapasse o limite máximo estabelecido na IN 28/2018 e suas atualizações.",Não há requisitos adicionais,
Bisglicinato ferroso,20150-34-9,"The EFSA Journal (2006) 299, 1-17 

FCC 

 61st JECFA (2003), FNP 52 Add 11 (2003), FAO JECFA MONOGRAPHS 1 (2006)",Fonte de Ferro,"1)Alegação: O ferro auxilia na formação das células vermelhas do sangue. Requisitos: As alegações são restritas aos suplementos alimentares cuja quantidade de ferro atenda aos valores mínimos estabelecidos na IN 28/2018 e suas atualizações.
2) Alegação: O ferro auxilia no metabolismo energético. Requisitos: As alegações são restritas aos suplementos alimentares cuja quantidade de ferro atenda aos valores mínimos estabelecidos na IN 28/2018 e suas atualizações.
3) Alegação: O ferro auxilia no transporte do oxigênio no organismo. Requisitos: As alegações são restritas aos suplementos alimentares cuja quantidade de ferro atenda aos valores mínimos estabelecidos na IN 28/2018 e suas atualizações.
4) Alegação: O ferro auxilia no processo de divisão celular. Requisitos: As alegações são restritas aos suplementos alimentares cuja quantidade de ferro atenda aos valores mínimos estabelecidos na IN 28/2018 e suas atualizações.
5) Alegação: O ferro auxilia no funcionamento do sistema imune. Requisitos: As alegações são restritas aos suplementos alimentares cuja quantidade de ferro atenda aos valores mínimos estabelecidos na IN 28/2018 e suas atualizações.
6) Alegação: Fonte de ferro. Requisitos: As alegações são restritas aos suplementos alimentares cuja quantidade de ferro atenda aos valores mínimos estabelecidos na IN 28/2018 e suas atualizações. 
7) Alegação: Alto conteúdo/Rico em/Alto teor de ferro. Requisitos: A alegação é restrita aos suplementos alimentares cuja quantidade de ferro corresponda ao dobro dos valores mínimos estabelecidos na IN 28/2018 e suas atualizações, desde que não ultrapasse o limite máximo estabelecido na IN 28/2018 e suas atualizações.",Não há requisitos adicionais,
Bitartarato de colina/Hidrogênio tartarato de colina,87-67-2, FCC,Fonte de Colina,"1)Alegação: Fonte de colina. Requisitos: A alegação é restrita aos suplementos alimentares cuja quantidade de colina atenda aos valores mínimos estabelecidos na IN 28/2018 e suas atualizações.
2) Alegação: A colina contribui para o metabolismo lipídico.Requisitos: A alegação é restrita aos suplementos alimentares cuja quantidade de colina atenda aos valores mínimos estabelecidos na IN 28/2018 e suas atualizações.
3) Alegação: A colina contribui para o metabolismo da homocisteína. Requisitos: A alegação é restrita aos suplementos alimentares cuja quantidade de colina atenda aos valores mínimos estabelecidos na IN 28/2018 e suas atualizações.
4) Alegação: Alto conteúdo/Rico em/Alto teor de colina. Requisitos: A alegação é restrita aos suplementos alimentares cuja quantidade de colina corresponda ao dobro dos valores mínimos estabelecidos na IN 28/2018 e suas atualizações, desde que não ultrapasse o limite máximo estabelecido na IN 28/2018 e suas atualizações.",Não há requisitos adicionais,
Café verde em pó,,Para esse constituinte foram aprovadas as especificações do fabricante: Sorocaps Indústria Farmacêutica Ltda - Sorocaba-SP,Fonte de Ácido Clorogênico,Não autorizada alegação de propriedade funcional e/ou saúde para esse ingrediente.,"A advertência “Este produto não deve ser consumido por gestantes, lactantes e crianças.” deve constar na rotulagem do produto.",
Café verde em pó,,Para esse constituinte foram aprovadas as especificações do fabricante: Sorocaps Indústria Farmacêutica Ltda - Sorocaba-SP,Fonte de Cafeína,Não autorizada alegação de propriedade funcional e/ou saúde para esse ingrediente.,"A advertência “Este produto não deve ser consumido por gestantes, lactantes e crianças.” deve constar na rotulagem do produto.",
Café verde moído,,Para esse constituinte foram aprovadas as especificações do fabricante: AQIA Química Industrial Ltda - Guarulhos-SP,Fonte de Ácido Clorogênico,Não autorizada alegação de propriedade funcional e/ou saúde para esse ingrediente.,"A advertência “Este produto não deve ser consumido por gestantes, lactantes e crianças.” deve constar na rotulagem do produto.",
"Cafeína/1,3,7-Trimethylxanthine",58-08-2,"FCC 

European pharmacopoeia 9.0 

USP-NF",Fonte de Cafeína,"1) Alegação:  A cafeína auxilia no aumento do estado de alerta e na melhora da concentração. Requisitos: A alegação é restrita aos suplementos alimentares cuja quantidade de cafeína atenda aos valores mínimos estabelecidos na IN 28/2018 e suas atualizações.
2) Alegação: A cafeína auxilia no aumento da capacidade de resistência e no desempenho de exercícios físicos de resistência. Requisitos: A alegação é restrita aos suplementos alimentares cuja quantidade recomendada de cafeína seja de 200 mg, consumida uma hora antes do exercício.","A advertência ""Este produto não deve ser consumido por gestantes, lactantes e crianças"" deve constar na rotulagem do produto.",
Calcidiol obtido de Saccharomyces cerevisiae,63283-36-3,"USP-NF

The EFSA Journal 2021;19(7):6660",Fonte de Vitamina D,"1)  Alegação: A vitamina D auxilia na formação de ossos e dentes. Requisitos: As alegações são restritas aos suplementos alimentares cuja quantidade de vitamina D atenda aos valores mínimos estabelecidos na IN 28/2018 e suas atualizações.
2) Alegação: A vitamina D auxilia na absorção de cálcio e fósforo. As alegações são restritas aos suplementos alimentares cuja quantidade de vitamina D atenda aos valores mínimos estabelecidos na IN 28/2018 e suas atualizações.
3) Alegação: A vitamina D auxilia no funcionamento do sistema imune. As alegações são restritas aos suplementos alimentares cuja quantidade de vitamina D atenda aos valores mínimos estabelecidos na IN 28/2018 e suas atualizações.
4) Alegação: A vitamina D auxilia no funcionamento muscular. As alegações são restritas aos suplementos alimentares cuja quantidade de vitamina D atenda aos valores mínimos estabelecidos na IN 28/2018 e suas atualizações.
5) Alegação: A vitamina D auxilia na manutenção de níveis de cálcio no sangue. As alegações são restritas aos suplementos alimentares cuja quantidade de vitamina D atenda aos valores mínimos estabelecidos na IN 28/2018 e suas atualizações.
6) Alegação: A vitamina D auxilia no processo de divisão celular. As alegações são restritas aos suplementos alimentares cuja quantidade de vitamina D atenda aos valores mínimos estabelecidos na IN 28/2018 e suas atualizações.
7) Alegação: Fonte de vitamina D. As alegações são restritas aos suplementos alimentares cuja quantidade de vitamina D atenda aos valores mínimos estabelecidos na IN 28/2018 e suas atualizações.
8) Alegação: Alto conteúdo/Rico em/Alto teor de vitamina D. Requisitos: A alegação é restrita aos suplementos alimentares cuja quantidade de vitamina D corresponda ao dobro dos valores mínimos estabelecidos na IN 28/2018 e suas atualizações, desde que não ultrapasse o limite máximo estabelecido na IN 28/2018 e suas atualizações.","A advertência ""Este produto não deve ser consumidor por crianças abaixo de 11 anos."" deve constar na rotulagem do produto.",
Cálcio derivado de Lithothamnion calcareum,,FCC,Fonte de Cálcio,"1) Alegação: O cálcio auxilia na formação e manutenção de ossos e dentes. Requisito: As alegações são restritas aos suplementos alimentares cuja quantidade de cálcio atenda aos valores mínimos estabelecidos na IN 28/2018 e suas atualizações.
2) Alegação: O cálcio auxilia na coagulação do sangue. Requisito: As alegações são restritas aos suplementos alimentares cuja quantidade de cálcio atenda aos valores mínimos estabelecidos na IN 28/2018 e suas atualizações.
3) Alegação: O cálcio auxilia no funcionamento muscular. Requisito: As alegações são restritas aos suplementos alimentares cuja quantidade de cálcio atenda aos valores mínimos estabelecidos na IN 28/2018 e suas atualizações.
4) Alegação: O cálcio auxilia no funcionamento neuromuscular. Requisito: As alegações são restritas aos suplementos alimentares cuja quantidade de cálcio atenda aos valores mínimos estabelecidos na IN 28/2018 e suas atualizações.
5) Alegação: O cálcio auxilia no processo de divisão celular. Requisito: As alegações são restritas aos suplementos alimentares cuja quantidade de cálcio atenda aos valores mínimos estabelecidos na IN 28/2018 e suas atualizações.
6) Alegação: O cálcio auxilia no metabolismo energético. Requisito: As alegações são restritas aos suplementos alimentares cuja quantidade de cálcio atenda aos valores mínimos estabelecidos na IN 28/2018 e suas atualizações.
7) Alegação: Fonte de cálcio. Requisito: As alegações são restritas aos suplementos alimentares cuja quantidade de cálcio atenda aos valores mínimos estabelecidos na IN 28/2018 e suas atualizações.
8) Realagação: Alto conteúdo/Rico em/Alto teor de cálcio. Requisitos:
A alegação é restrita aos suplementos alimentares cuja quantidade de cálcio corresponda ao dobro dos valores mínimos estabelecidos na IN 28/2018 e suas atualizações, desde que não ultrapasse o limite máximo estabelecido.",Não há requisitos adicionais,
Carbonato de cálcio,471-34-1,"FCC 

17th JECFA (1973), FNP 4 (1978), FNP 52 (1992), FAO JECFA MONOGRAPHS 1 (2006)

European pharmacopoeia 9.0",Fonte de Cálcio,"1) Alegação: O cálcio auxilia na formação e manutenção de ossos e dentes. Requisito: As alegações são restritas aos suplementos alimentares cuja quantidade de cálcio atenda aos valores mínimos estabelecidos na IN 28/2018 e suas atualizações.
2) Alegação: O cálcio auxilia na coagulação do sangue. Requisito: As alegações são restritas aos suplementos alimentares cuja quantidade de cálcio atenda aos valores mínimos estabelecidos na IN 28/2018 e suas atualizações.
3) Alegação: O cálcio auxilia no funcionamento muscular. Requisito: As alegações são restritas aos suplementos alimentares cuja quantidade de cálcio atenda aos valores mínimos estabelecidos na IN 28/2018 e suas atualizações.
4) Alegação: O cálcio auxilia no funcionamento neuromuscular. Requisito: As alegações são restritas aos suplementos alimentares cuja quantidade de cálcio atenda aos valores mínimos estabelecidos na IN 28/2018 e suas atualizações.
5) Alegação: O cálcio auxilia no processo de divisão celular. Requisito: As alegações são restritas aos suplementos alimentares cuja quantidade de cálcio atenda aos valores mínimos estabelecidos na IN 28/2018 e suas atualizações.
6) Alegação: O cálcio auxilia no metabolismo energético. Requisito: As alegações são restritas aos suplementos alimentares cuja quantidade de cálcio atenda aos valores mínimos estabelecidos na IN 28/2018 e suas atualizações.
7) Alegação: Fonte de cálcio. Requisito: As alegações são restritas aos suplementos alimentares cuja quantidade de cálcio atenda aos valores mínimos estabelecidos na IN 28/2018 e suas atualizações.
8) Realagação: Alto conteúdo/Rico em/Alto teor de cálcio. Requisitos:
A alegação é restrita aos suplementos alimentares cuja quantidade de cálcio corresponda ao dobro dos valores mínimos estabelecidos na IN 28/2018 e suas atualizações, desde que não ultrapasse o limite máximo estabelecido.",Não há requisitos adicionais,
Carbonato de cálcio da casca de ovo de galinha (Gallus gallus domesticus),,"Para esse ingrediente foram aprovadas as especificações do fabricante: ESM Technologies, localizado em 2213 Missouri Ave, Carthage, MO 64836, Estados Unidos.",Fonte de Cálcio,"1) Alegação: O cálcio auxilia na formação e manutenção de ossos e dentes. Requisito: As alegações são restritas aos suplementos alimentares cuja quantidade de cálcio atenda aos valores mínimos estabelecidos na IN 28/2018 e suas atualizações.
2) Alegação: O cálcio auxilia na coagulação do sangue. Requisito: As alegações são restritas aos suplementos alimentares cuja quantidade de cálcio atenda aos valores mínimos estabelecidos na IN 28/2018 e suas atualizações.
3) Alegação: O cálcio auxilia no funcionamento muscular. Requisito: As alegações são restritas aos suplementos alimentares cuja quantidade de cálcio atenda aos valores mínimos estabelecidos na IN 28/2018 e suas atualizações.
4) Alegação: O cálcio auxilia no funcionamento neuromuscular. Requisito: As alegações são restritas aos suplementos alimentares cuja quantidade de cálcio atenda aos valores mínimos estabelecidos na IN 28/2018 e suas atualizações.
5) Alegação: O cálcio auxilia no processo de divisão celular. Requisito: As alegações são restritas aos suplementos alimentares cuja quantidade de cálcio atenda aos valores mínimos estabelecidos na IN 28/2018 e suas atualizações.
6) Alegação: O cálcio auxilia no metabolismo energético. Requisito: As alegações são restritas aos suplementos alimentares cuja quantidade de cálcio atenda aos valores mínimos estabelecidos na IN 28/2018 e suas atualizações.
7) Alegação: Fonte de cálcio. Requisito: As alegações são restritas aos suplementos alimentares cuja quantidade de cálcio atenda aos valores mínimos estabelecidos na IN 28/2018 e suas atualizações.
8) Realagação: Alto conteúdo/Rico em/Alto teor de cálcio. Requisitos:
A alegação é restrita aos suplementos alimentares cuja quantidade de cálcio corresponda ao dobro dos valores mínimos estabelecidos na IN 28/2018 e suas atualizações, desde que não ultrapasse o limite máximo estabelecido.",Não há requisitos adicionais,
Carbonato de hidróxido de magnésio,12125-28-9,"27th JECFA (1983), FNP 28 (1983), FNP 52 (1992), FAO JECFA MONOGRAPHS 1 (2006)",Fonte de Magnésio,"1) Alegação:O magnésio auxilia na formação de ossos e dentes. Requisitos:  As alegações são restritas aos suplementos alimentares cuja quantidade de magnésio atenda aos valores mínimos estabelecidos na IN 28/2018 e suas atualizações.
2) Alegação: O magnésio auxilia no metabolismo energético. Requisitos:  As alegações são restritas aos suplementos alimentares cuja quantidade de magnésio atenda aos valores mínimos estabelecidos na IN 28/2018 e suas atualizações
3) Alegação: O magnésio auxilia no metabolismo de proteínas, carboidratos e gorduras. Requisitos:  As alegações são restritas aos suplementos alimentares cuja quantidade de magnésio atenda aos valores mínimos estabelecidos na IN 28/2018 e suas atualizações.
4) Alegação: O magnésio auxilia no equilíbrio dos eletrólitos. Requisitos:  As alegações são restritas aos suplementos alimentares cuja quantidade de magnésio atenda aos valores mínimos estabelecidos na IN 28/2018 e suas atualizações.
5) Alegação:  O magnésio auxilia no funcionamento muscular. Requisitos: As alegações são restritas aos suplementos alimentares cuja quantidade de magnésio atenda aos valores mínimos estabelecidos na IN 28/2018 e suas atualizações.
6) Alegação: O magnésio auxilia no funcionamento neuromuscular. Requisitos: As alegações são restritas aos suplementos alimentares cuja quantidade de magnésio atenda aos valores mínimos estabelecidos na IN 28/2018 e suas atualizações.
7) Alegação: O magnésio auxilia no processo de divisão celular. Requisitos: As alegações são restritas aos suplementos alimentares cuja quantidade de magnésio atenda aos valores mínimos estabelecidos na IN 28/2018 e suas atualizações.
8) Alegação: Fonte de magnésio. Requisitos: As alegações são restritas aos suplementos alimentares cuja quantidade de magnésio atenda aos valores mínimos estabelecidos na IN 28/2018 e suas atualizações.
9) Alegação: Alto conteúdo/Rico em/Alto teor de magnésio. Requisitos: A alegação é restrita aos suplementos alimentares cuja quantidade de magnésio corresponda ao dobro dos valores mínimos estabelecidos na IN 28/2018 e suas atualizações, desde que não ultrapasse o limite máximo estabelecido na IN 28/2018 e suas atualizações.",Não há requisitos adicionais,
Carbonato de magnésio,"546-93-0, 39409-82-0 e 23389-33-5","FCC 

USP-NF

17th JECFA (1973), FNP 4 (1978), FNP 52 (1992), FAO JECFA MONOGRAPHS 1 (2006)",Fonte de Magnésio,"1) Alegação:O magnésio auxilia na formação de ossos e dentes. Requisitos:  As alegações são restritas aos suplementos alimentares cuja quantidade de magnésio atenda aos valores mínimos estabelecidos na IN 28/2018 e suas atualizações.
2) Alegação: O magnésio auxilia no metabolismo energético. Requisitos:  As alegações são restritas aos suplementos alimentares cuja quantidade de magnésio atenda aos valores mínimos estabelecidos na IN 28/2018 e suas atualizações
3) Alegação: O magnésio auxilia no metabolismo de proteínas, carboidratos e gorduras. Requisitos:  As alegações são restritas aos suplementos alimentares cuja quantidade de magnésio atenda aos valores mínimos estabelecidos na IN 28/2018 e suas atualizações.
4) Alegação: O magnésio auxilia no equilíbrio dos eletrólitos. Requisitos:  As alegações são restritas aos suplementos alimentares cuja quantidade de magnésio atenda aos valores mínimos estabelecidos na IN 28/2018 e suas atualizações.
5) Alegação:  O magnésio auxilia no funcionamento muscular. Requisitos: As alegações são restritas aos suplementos alimentares cuja quantidade de magnésio atenda aos valores mínimos estabelecidos na IN 28/2018 e suas atualizações.
6) Alegação: O magnésio auxilia no funcionamento neuromuscular. Requisitos: As alegações são restritas aos suplementos alimentares cuja quantidade de magnésio atenda aos valores mínimos estabelecidos na IN 28/2018 e suas atualizações.
7) Alegação: O magnésio auxilia no processo de divisão celular. Requisitos: As alegações são restritas aos suplementos alimentares cuja quantidade de magnésio atenda aos valores mínimos estabelecidos na IN 28/2018 e suas atualizações.
8) Alegação: Fonte de magnésio. Requisitos: As alegações são restritas aos suplementos alimentares cuja quantidade de magnésio atenda aos valores mínimos estabelecidos na IN 28/2018 e suas atualizações.
9) Alegação: Alto conteúdo/Rico em/Alto teor de magnésio. Requisitos: A alegação é restrita aos suplementos alimentares cuja quantidade de magnésio corresponda ao dobro dos valores mínimos estabelecidos na IN 28/2018 e suas atualizações, desde que não ultrapasse o limite máximo estabelecido na IN 28/2018 e suas atualizações.",Não há requisitos adicionais,
Carbonato de potássio,584-08-7,,Fonte de Potássio,Não autorizada alegação de propriedade funcional e/ou saúde para esse ingrediente.,Não há requisitos adicionais,
Carbonato de sódio,497-19-8,FCC,Fonte de Sódio,"1) Alegação: Não contém/Livre de/Zero (0 ou 0%) /Sem/Isento de sódio. Requisitos: A alegação é restrita aos suplementos alimentares cuja
recomendação diária do alimento pronto para consumo
forneça no máximo 5 mg de sódio
2) Alegação: Baixo em/Pouco/Baixo teor de/Leve em sódio. Requisitos: A alegação é restrita aos suplementos alimentares cuja
recomendação diária do alimento pronto para consumo
forneça no máximo 40 mg de sódio.",Não há requisitos adicionais,
Carbonato de zinco,5263-02-5.,USP-NF,Fonte de Zinco,"1) Alegação: O zinco é um antioxidante que auxilia na proteção dos danos causados pelos radicais livres. Requisitos: As alegações são restritas aos suplementos alimentares cuja quantidade de zinco atenda aos valores mínimos estabelecidos na IN 28/2018 e suas atualizações.
2) Alegação: O zinco auxilia na visão. Requisitos: As alegações são restritas aos suplementos alimentares cuja quantidade de zinco atenda aos valores mínimos estabelecidos na IN 28/2018 e suas atualizações.
3) Alegação: O zinco auxilia no metabolismo da vitamina A. Requisitos: As alegações são restritas aos suplementos alimentares cuja quantidade de zinco atenda aos valores mínimos estabelecidos na IN 28/2018 e suas atualizações
4) Alegação: O zinco contribui para a manutenção do cabelo, da pele e das unhas. Requisitos: As alegações são restritas aos suplementos alimentares cuja quantidade de zinco atenda aos valores mínimos estabelecidos na IN 28/2018 e suas atualizações
5) Alegação: O zinco auxilia no metabolismo de proteínas, carboidratos e gorduras. Requisitos: As alegações são restritas aos suplementos alimentares cuja quantidade de zinco atenda aos valores mínimos estabelecidos na IN 28/2018 e suas atualizações
6) Alegação: O zinco auxilia na síntese de proteínas. Requisitos: As alegações são restritas aos suplementos alimentares cuja quantidade de zinco atenda aos valores mínimos estabelecidos na IN 28/2018 e suas atualizações.
7) Alegação: O zinco auxilia no processo de divisão celular. Requisitos: As alegações são restritas aos suplementos alimentares cuja quantidade de zinco atenda aos valores mínimos estabelecidos na IN 28/2018 e suas atualizações
8) Alegação: O zinco auxilia na manutenção de ossos. Requisitos: As alegações são restritas aos suplementos alimentares cuja quantidade de zinco atenda aos valores mínimos estabelecidos na IN 28/2018 e suas atualizações
9) Alegação: O zinco auxilia no funcionamento do sistema imune. Requisitos: As alegações são restritas aos suplementos alimentares cuja quantidade de zinco atenda aos valores mínimos estabelecidos na IN 28/2018 e suas atualizações
10) Alegação: Fonte de zinco.Requisitos: As alegações são restritas aos suplementos alimentares cuja quantidade de zinco atenda aos valores mínimos estabelecidos na IN 28/2018 e suas atualizações
11) Alegação: Alto conteúdo/Rico em/Alto teor de zinco. Requisitos: A alegação é restrita aos suplementos alimentares cuja quantidade de zinco corresponda ao dobro dos valores mínimos estabelecidos na IN 28/2018 e suas atualizações, desde que não ultrapasse o limite máximo estabelecido na IN 28/2018 e suas atualizações.",Não há requisitos adicionais,
Caseína,,"Para estes constituintes, aplicam-se somente as especificações estabelecidas na Portaria nº 146, de 7 de março de 1996, que aprova os regulamentos técnicos de identidade e qualidade de produtos lácteos, e suas atualizações.",Fonte de proteínas,"1) Alegação: Fonte de proteínas. Requisitos: A alegação é restrita aos suplementos alimentares cuja: a) quantidade de proteína atenda aos valores mínimos estabelecidos na IN 28/2018 e suas atualizações; e b) quantidade de aminoácidos essenciais por grama de proteína do produto atenda aos valores mínimos estabelecidos para a proteína de referência, conforme IN 28/2018 e suas atualizações.
2) Alegação: As proteínas auxiliam na formação dos músculos e ossos. Requisitos: A alegação é restrita aos suplementos alimentares cuja: a) quantidade de proteína atenda aos valores mínimos estabelecidos na IN 28/2018 e suas atualizações; e b) quantidade de aminoácidos essenciais por grama de proteína do produto atenda aos valores mínimos estabelecidos para a proteína de referência, conforme IN 28/2018 e suas atualizações.
3) Alegação: Alto conteúdo/Rico em/Alto teor de proteínas. Requisitos: A alegação é restrita aos suplementos alimentares cuja: a) quantidade de proteína corresponda ao dobro dos valores mínimos estabelecidos na IN 28/2018 e suas atualizações; e b) quantidade de aminoácidos essenciais por grama de proteína do produto atenda aos valores mínimos estabelecidos para a proteína de referência, conforme IN 28/2018 e suas atualizações.",Não há requisitos adicionais,
Caseína hidrolisada,,"Para estes constituintes, aplicam-se somente as especificações estabelecidas na Portaria nº 146, de 7 de março de 1996, que aprova os regulamentos técnicos de identidade e qualidade de produtos lácteos, e suas atualizações.",Fonte de proteínas,"1) Alegação: Fonte de proteínas. Requisitos: A alegação é restrita aos suplementos alimentares cuja: a) quantidade de proteína atenda aos valores mínimos estabelecidos na IN 28/2018 e suas atualizações; e b) quantidade de aminoácidos essenciais por grama de proteína do produto atenda aos valores mínimos estabelecidos para a proteína de referência, conforme IN 28/2018 e suas atualizações.
2) Alegação: As proteínas auxiliam na formação dos músculos e ossos. Requisitos: A alegação é restrita aos suplementos alimentares cuja: a) quantidade de proteína atenda aos valores mínimos estabelecidos na IN 28/2018 e suas atualizações; e b) quantidade de aminoácidos essenciais por grama de proteína do produto atenda aos valores mínimos estabelecidos para a proteína de referência, conforme IN 28/2018 e suas atualizações.
3) Alegação: Alto conteúdo/Rico em/Alto teor de proteínas. Requisitos: A alegação é restrita aos suplementos alimentares cuja: a) quantidade de proteína corresponda ao dobro dos valores mínimos estabelecidos na IN 28/2018 e suas atualizações; e b) quantidade de aminoácidos essenciais por grama de proteína do produto atenda aos valores mínimos estabelecidos para a proteína de referência, conforme IN 28/2018 e suas atualizações.",Não há requisitos adicionais,
Caseínas e caseinatos,9000-71-9,FCC,Fonte de proteínas,"1) Alegação: Fonte de proteínas. Requisitos: A alegação é restrita aos suplementos alimentares cuja: a) quantidade de proteína atenda aos valores mínimos estabelecidos na IN 28/2018 e suas atualizações; e b) quantidade de aminoácidos essenciais por grama de proteína do produto atenda aos valores mínimos estabelecidos para a proteína de referência, conforme IN 28/2018 e suas atualizações.
2) Alegação: As proteínas auxiliam na formação dos músculos e ossos. Requisitos: A alegação é restrita aos suplementos alimentares cuja: a) quantidade de proteína atenda aos valores mínimos estabelecidos na IN 28/2018 e suas atualizações; e b) quantidade de aminoácidos essenciais por grama de proteína do produto atenda aos valores mínimos estabelecidos para a proteína de referência, conforme IN 28/2018 e suas atualizações.
3) Alegação: Alto conteúdo/Rico em/Alto teor de proteínas. Requisitos: A alegação é restrita aos suplementos alimentares cuja: a) quantidade de proteína corresponda ao dobro dos valores mínimos estabelecidos na IN 28/2018 e suas atualizações; e b) quantidade de aminoácidos essenciais por grama de proteína do produto atenda aos valores mínimos estabelecidos para a proteína de referência, conforme IN 28/2018 e suas atualizações.",Não há requisitos adicionais,
Caseinato de cálcio,9005-43-0,"Para estes constituintes, aplicam-se somente as especificações estabelecidas na Portaria nº 146, de 7 de março de 1996, que aprova os regulamentos técnicos de identidade e qualidade de produtos lácteos, e suas atualizações.",Fonte de proteínas,"1) Alegação: Fonte de proteínas. Requisitos: A alegação é restrita aos suplementos alimentares cuja: a) quantidade de proteína atenda aos valores mínimos estabelecidos na IN 28/2018 e suas atualizações; e b) quantidade de aminoácidos essenciais por grama de proteína do produto atenda aos valores mínimos estabelecidos para a proteína de referência, conforme IN 28/2018 e suas atualizações.
2) Alegação: As proteínas auxiliam na formação dos músculos e ossos. Requisitos: A alegação é restrita aos suplementos alimentares cuja: a) quantidade de proteína atenda aos valores mínimos estabelecidos na IN 28/2018 e suas atualizações; e b) quantidade de aminoácidos essenciais por grama de proteína do produto atenda aos valores mínimos estabelecidos para a proteína de referência, conforme IN 28/2018 e suas atualizações.
3) Alegação: Alto conteúdo/Rico em/Alto teor de proteínas. Requisitos: A alegação é restrita aos suplementos alimentares cuja: a) quantidade de proteína corresponda ao dobro dos valores mínimos estabelecidos na IN 28/2018 e suas atualizações; e b) quantidade de aminoácidos essenciais por grama de proteína do produto atenda aos valores mínimos estabelecidos para a proteína de referência, conforme IN 28/2018 e suas atualizações.",Não há requisitos adicionais,
Caseinato de sódio,9005-46-3,"13th JECFA (1970), NMRS 48B (1971) E FNP 52 (1992), FAO JECFA MONOGRAPHS 1 (2006)",Fonte de proteínas,"1) Alegação: Fonte de proteínas. Requisitos: A alegação é restrita aos suplementos alimentares cuja: a) quantidade de proteína atenda aos valores mínimos estabelecidos na IN 28/2018 e suas atualizações; e b) quantidade de aminoácidos essenciais por grama de proteína do produto atenda aos valores mínimos estabelecidos para a proteína de referência, conforme IN 28/2018 e suas atualizações.
2) Alegação: As proteínas auxiliam na formação dos músculos e ossos. Requisitos: A alegação é restrita aos suplementos alimentares cuja: a) quantidade de proteína atenda aos valores mínimos estabelecidos na IN 28/2018 e suas atualizações; e b) quantidade de aminoácidos essenciais por grama de proteína do produto atenda aos valores mínimos estabelecidos para a proteína de referência, conforme IN 28/2018 e suas atualizações.
3) Alegação: Alto conteúdo/Rico em/Alto teor de proteínas. Requisitos: A alegação é restrita aos suplementos alimentares cuja: a) quantidade de proteína corresponda ao dobro dos valores mínimos estabelecidos na IN 28/2018 e suas atualizações; e b) quantidade de aminoácidos essenciais por grama de proteína do produto atenda aos valores mínimos estabelecidos para a proteína de referência, conforme IN 28/2018 e suas atualizações.",Não há requisitos adicionais,
Caseinatos,,"Para estes constituintes, aplicam-se somente as especificações estabelecidas na Portaria nº 146, de 7 de março de 1996, que aprova os regulamentos técnicos de identidade e qualidade de produtos lácteos, e suas atualizações.",Fonte de proteínas,"1) Alegação: Fonte de proteínas. Requisitos: A alegação é restrita aos suplementos alimentares cuja: a) quantidade de proteína atenda aos valores mínimos estabelecidos na IN 28/2018 e suas atualizações; e b) quantidade de aminoácidos essenciais por grama de proteína do produto atenda aos valores mínimos estabelecidos para a proteína de referência, conforme IN 28/2018 e suas atualizações.
2) Alegação: As proteínas auxiliam na formação dos músculos e ossos. Requisitos: A alegação é restrita aos suplementos alimentares cuja: a) quantidade de proteína atenda aos valores mínimos estabelecidos na IN 28/2018 e suas atualizações; e b) quantidade de aminoácidos essenciais por grama de proteína do produto atenda aos valores mínimos estabelecidos para a proteína de referência, conforme IN 28/2018 e suas atualizações.
3) Alegação: Alto conteúdo/Rico em/Alto teor de proteínas. Requisitos: A alegação é restrita aos suplementos alimentares cuja: a) quantidade de proteína corresponda ao dobro dos valores mínimos estabelecidos na IN 28/2018 e suas atualizações; e b) quantidade de aminoácidos essenciais por grama de proteína do produto atenda aos valores mínimos estabelecidos para a proteína de referência, conforme IN 28/2018 e suas atualizações.",Não há requisitos adicionais,
Celulose,9004-34-6,FCC,Fonte de fibras alimentares,"1) Alegação: As fibras alimentares auxiliam no funcionamento do intestino.
Requisitos: As alegações são restritas aos suplementos alimentares cuja quantidade de fibras alimentares atenda aos valores mínimos estabelecidos na IN 28/2018 e suas atualizações.
2) Alegação: Fonte de fibras. Requisitos: As alegações são restritas aos suplementos alimentares cuja quantidade de fibras alimentares atenda aos valores mínimos estabelecidos na IN 28/2018 e suas atualizações.",Não há requisitos adicionais,
Celulose microcristalina,9004-34-6,"USP-NF 

FCC",Fonte de fibras alimentares,"1) Alegação: As fibras alimentares auxiliam no funcionamento do intestino.
Requisitos: As alegações são restritas aos suplementos alimentares cuja quantidade de fibras alimentares atenda aos valores mínimos estabelecidos na IN 28/2018 e suas atualizações.
2) Alegação: Fonte de fibras. Requisitos: As alegações são restritas aos suplementos alimentares cuja quantidade de fibras alimentares atenda aos valores mínimos estabelecidos na IN 28/2018 e suas atualizações.",Não há requisitos adicionais,
Chia moída (Salvia hispanica L.),,"Para este constituinte foram aprovadas as especificações do fabricante Glanbia Nutritionals Inc, localizada em Sioux Falls, Dakota do Sul, Estados Unidos.",Fonte de fibras alimentares,"1) Alegação: As fibras alimentares auxiliam no funcionamento do intestino.
Requisitos: As alegações são restritas aos suplementos alimentares cuja quantidade de fibras alimentares atenda aos valores mínimos estabelecidos na IN 28/2018 e suas atualizações.
2) Alegação: Fonte de fibras. Requisitos: As alegações são restritas aos suplementos alimentares cuja quantidade de fibras alimentares atenda aos valores mínimos estabelecidos na IN 28/2018 e suas atualizações.",Não há requisitos adicionais,
Chlorella pyrenoidosa (C. sorokiniana) em pó,,"Para este ingrediente foram aprovadas as especificações do proprietário: Taiwan Chlorella Manufacturing Co., localizado em: Taipei ,Taiwan",Fonte de Vitamina A,Não foi aprovada alegação de propriedade funcional nem de saúde para o ingrediente,"A advertência ""Este produto não deve ser consumido por gestantes, lactantes e crianças."" deve constar na rotulagem do produto.",
Chlorella sorokiniana em pó,,"Para este constituinte foram aprovadas as especificações do fabricante: Chlorella Industry Co., Ltd. - Fukuoka, , Japão",Fonte de Vitamina B 12,Não autorizada alegação de propriedade funcional e/ou saúde para esse ingrediente.,"A advertência ""Este produto não deve ser consumido por gestantes, lactantes e crianças."" deve constar na rotulagem do produto.",
Cianocobalamina,68-19-9,"European pharmacopoeia 9.0 

FCC 

USP-NF",Fonte de vitamina B12,"1) Alegação: A vitamina B12 auxilia na formação de células vermelhas do sangue. Requisitos: As alegações são restritas aos suplementos alimentares cuja quantidade de vitamina B12 atenda aos valores mínimos estabelecidos na IN 28/2018 e suas atualizações. O termo ""cianocobalamina"" pode ser usado em substituição ao termo ""vitamina B12"" nas alegações
2) Alegação:  A vitamina B12 auxilia no funcionamento do sistema imune. Requisitos: As alegações são restritas aos suplementos alimentares cuja quantidade de vitamina B12 atenda aos valores mínimos estabelecidos na IN 28/2018 e suas atualizações. O termo ""cianocobalamina"" pode ser usado em substituição ao termo ""vitamina B12"" nas alegações.
3) Alegação: A vitamina B12 auxilia no metabolismo energético. Requisitos: As alegações são restritas aos suplementos alimentares cuja quantidade de vitamina B12 atenda aos valores mínimos estabelecidos na IN 28/2018 e suas atualizações. O termo ""cianocobalamina"" pode ser usado em substituição ao termo ""vitamina B12"" nas alegações
4) Alegação: A vitamina B12 auxilia no metabolismo dos carboidratos, proteínas e gorduras. Requisitos: As alegações são restritas aos suplementos alimentares cuja quantidade de vitamina B12 atenda aos valores mínimos estabelecidos na IN 28/2018 e suas atualizações. O termo ""cianocobalamina"" pode ser usado em substituição ao termo ""vitamina B12"" nas alegações
5) Alegação: A vitamina B12 auxilia no metabolismo da homocisteína. Requisitos: As alegações são restritas aos suplementos alimentares cuja quantidade de vitamina B12 atenda aos valores mínimos estabelecidos na IN 28/2018 e suas atualizações. O termo ""cianocobalamina"" pode ser usado em substituição ao termo ""vitamina B12"" nas alegações.
6) Alegação: A vitamina B12 auxilia no processo de divisão celular. Requisitos: As alegações são restritas aos suplementos alimentares cuja quantidade de vitamina B12 atenda aos valores mínimos estabelecidos na IN 28/2018 e suas atualizações. O termo ""cianocobalamina"" pode ser usado em substituição ao termo ""vitamina B12"" nas alegações
7) Alegação: Fonte de vitamina B12. Requisitos: As alegações são restritas aos suplementos alimentares cuja quantidade de vitamina B12 atenda aos valores mínimos estabelecidos na IN 28/2018 e suas atualizações. O termo ""cianocobalamina"" pode ser usado em substituição ao termo ""vitamina B12"" nas alegações
8) Alegação: Alto conteúdo/Rico em/Alto teor de vitamina B12. Requisitos: A alegação é restrita aos suplementos alimentares cuja quantidade de vitamina B12 corresponda ao dobro dos valores mínimos estabelecidos na IN 28/2018 e suas atualizações, desde que não ultrapasse o limite máximo estabelecido na IN 28/2018. O termo ""cianocobalamina"" pode ser usado em substituição ao termo ""vitamina B12"" nas alegações. 
9) Alegação: A vitamina B12 auxilia na função normal do sistema nervoso. Requisitos: As alegações são restritas aos suplementos alimentares cuja quantidade de vitamina B12 atenda aos valores mínimos estabelecidos na IN 28/2018 e suas atualizações. O termo ""cianocobalamina"" pode ser usado em substituição ao termo ""vitamina B12"" nas alegações.",Não há requisitos adicionais,
Citrato de cálcio tetraidratado,5785-44-4,"FCC 

USP-NF

 19th JECFA (1975), NMRS 55B (1976), FNP 52 (1992), FAO JECFA MONOGRAPHS 4 (2007)",Fonte de Cálcio,"1) Alegação: O cálcio auxilia na formação e manutenção de ossos e dentes. Requisito: As alegações são restritas aos suplementos alimentares cuja quantidade de cálcio atenda aos valores mínimos estabelecidos na IN 28/2018 e suas atualizações.
2) Alegação: O cálcio auxilia na coagulação do sangue. Requisito: As alegações são restritas aos suplementos alimentares cuja quantidade de cálcio atenda aos valores mínimos estabelecidos na IN 28/2018 e suas atualizações.
3) Alegação: O cálcio auxilia no funcionamento muscular. Requisito: As alegações são restritas aos suplementos alimentares cuja quantidade de cálcio atenda aos valores mínimos estabelecidos na IN 28/2018 e suas atualizações.
4) Alegação: O cálcio auxilia no funcionamento neuromuscular. Requisito: As alegações são restritas aos suplementos alimentares cuja quantidade de cálcio atenda aos valores mínimos estabelecidos na IN 28/2018 e suas atualizações.
5) Alegação: O cálcio auxilia no processo de divisão celular. Requisito: As alegações são restritas aos suplementos alimentares cuja quantidade de cálcio atenda aos valores mínimos estabelecidos na IN 28/2018 e suas atualizações.
6) Alegação: O cálcio auxilia no metabolismo energético. Requisito: As alegações são restritas aos suplementos alimentares cuja quantidade de cálcio atenda aos valores mínimos estabelecidos na IN 28/2018 e suas atualizações.
7) Alegação: Fonte de cálcio. Requisito: As alegações são restritas aos suplementos alimentares cuja quantidade de cálcio atenda aos valores mínimos estabelecidos na IN 28/2018 e suas atualizações.
8) Realagação: Alto conteúdo/Rico em/Alto teor de cálcio. Requisitos:
A alegação é restrita aos suplementos alimentares cuja quantidade de cálcio corresponda ao dobro dos valores mínimos estabelecidos na IN 28/2018 e suas atualizações, desde que não ultrapasse o limite máximo estabelecido.",Não há requisitos adicionais,
Citrato de cálcio/Dicitrato tricálcico,813-94-5,"FCC 

USP-NF

 19th JECFA (1975), NMRS 55B (1976), FNP 52 (1992), FAO JECFA MONOGRAPHS 4 (2007)",Fonte de Cálcio,"1) Alegação: O cálcio auxilia na formação e manutenção de ossos e dentes. Requisito: As alegações são restritas aos suplementos alimentares cuja quantidade de cálcio atenda aos valores mínimos estabelecidos na IN 28/2018 e suas atualizações.
2) Alegação: O cálcio auxilia na coagulação do sangue. Requisito: As alegações são restritas aos suplementos alimentares cuja quantidade de cálcio atenda aos valores mínimos estabelecidos na IN 28/2018 e suas atualizações.
3) Alegação: O cálcio auxilia no funcionamento muscular. Requisito: As alegações são restritas aos suplementos alimentares cuja quantidade de cálcio atenda aos valores mínimos estabelecidos na IN 28/2018 e suas atualizações.
4) Alegação: O cálcio auxilia no funcionamento neuromuscular. Requisito: As alegações são restritas aos suplementos alimentares cuja quantidade de cálcio atenda aos valores mínimos estabelecidos na IN 28/2018 e suas atualizações.
5) Alegação: O cálcio auxilia no processo de divisão celular. Requisito: As alegações são restritas aos suplementos alimentares cuja quantidade de cálcio atenda aos valores mínimos estabelecidos na IN 28/2018 e suas atualizações.
6) Alegação: O cálcio auxilia no metabolismo energético. Requisito: As alegações são restritas aos suplementos alimentares cuja quantidade de cálcio atenda aos valores mínimos estabelecidos na IN 28/2018 e suas atualizações.
7) Alegação: Fonte de cálcio. Requisito: As alegações são restritas aos suplementos alimentares cuja quantidade de cálcio atenda aos valores mínimos estabelecidos na IN 28/2018 e suas atualizações.
8) Realagação: Alto conteúdo/Rico em/Alto teor de cálcio. Requisitos:
A alegação é restrita aos suplementos alimentares cuja quantidade de cálcio corresponda ao dobro dos valores mínimos estabelecidos na IN 28/2018 e suas atualizações, desde que não ultrapasse o limite máximo estabelecido.",Não há requisitos adicionais,
Citrato de manganês (II),10024-66-5,FCC,Fonte de Manganês,"1) Alegação: O manganês é um antioxidante que auxilia na proteção dos danos causados pelos radicais livres. Requisitos: As alegações são restritas aos suplementos alimentares cuja quantidade de manganês atenda aos valores mínimos estabelecidos na IN 28/2018 e suas atualizações
2) Alegação: O manganês auxilia na formação de ossos.  Requisitos: As alegações são restritas aos suplementos alimentares cuja quantidade de manganês atenda aos valores mínimos estabelecidos na IN 28/2018 e suas atualizações
3) Alegação: O manganês auxilia no metabolismo energético.  Requisitos: As alegações são restritas aos suplementos alimentares cuja quantidade de manganês atenda aos valores mínimos estabelecidos na IN 28/2018 e suas atualizações
4) Alegação:  O manganês auxilia na manutenção dos tecidos conectivos. Requisitos: As alegações são restritas aos suplementos alimentares cuja quantidade de manganês atenda aos valores mínimos estabelecidos na IN 28/2018 e suas atualizações
5) Alegação: Fonte de manganês.  Requisitos: As alegações são restritas aos suplementos alimentares cuja quantidade de manganês atenda aos valores mínimos estabelecidos na IN 28/2018 e suas atualizações
6) Alegação:  Alto conteúdo/Rico em/Alto teor de manganês. Requisitos: A alegação é restrita aos suplementos alimentares cuja quantidade de manganês corresponda ao dobro dos valores mínimos estabelecidos na IN 28/2018 e suas atualizações, desde que não ultrapasse o limite máximo estabelecido na IN 28/2018 e suas atualizações.",Não há requisitos adicionais,
Citrato de potássio /Citrato tripotássico,866-84-2,"
USP-NF",Fonte de Potássio,Não autorizada alegação de propriedade funcional e/ou saúde para esse ingrediente.,Não há requisitos adicionais,
Citrato de sódio,68-04-2,FCC,Fonte de Sódio,"1) Alegação: Não contém/Livre de/Zero (0 ou 0%) /Sem/Isento de sódio. Requisitos: A alegação é restrita aos suplementos alimentares cuja
recomendação diária do alimento pronto para consumo
forneça no máximo 5 mg de sódio
2) Alegação: Baixo em/Pouco/Baixo teor de/Leve em sódio. Requisitos: A alegação é restrita aos suplementos alimentares cuja
recomendação diária do alimento pronto para consumo
forneça no máximo 40 mg de sódio.",Não há requisitos adicionais,
Citrato de zinco,546-46-3,USP-NF,Fonte de Zinco,"1) Alegação: O zinco é um antioxidante que auxilia na proteção dos danos causados pelos radicais livres. Requisitos: As alegações são restritas aos suplementos alimentares cuja quantidade de zinco atenda aos valores mínimos estabelecidos na IN 28/2018 e suas atualizações.
2) Alegação: O zinco auxilia na visão. Requisitos: As alegações são restritas aos suplementos alimentares cuja quantidade de zinco atenda aos valores mínimos estabelecidos na IN 28/2018 e suas atualizações.
3) Alegação: O zinco auxilia no metabolismo da vitamina A. Requisitos: As alegações são restritas aos suplementos alimentares cuja quantidade de zinco atenda aos valores mínimos estabelecidos na IN 28/2018 e suas atualizações
4) Alegação: O zinco contribui para a manutenção do cabelo, da pele e das unhas. Requisitos: As alegações são restritas aos suplementos alimentares cuja quantidade de zinco atenda aos valores mínimos estabelecidos na IN 28/2018 e suas atualizações
5) Alegação: O zinco auxilia no metabolismo de proteínas, carboidratos e gorduras. Requisitos: As alegações são restritas aos suplementos alimentares cuja quantidade de zinco atenda aos valores mínimos estabelecidos na IN 28/2018 e suas atualizações
6) Alegação: O zinco auxilia na síntese de proteínas. Requisitos: As alegações são restritas aos suplementos alimentares cuja quantidade de zinco atenda aos valores mínimos estabelecidos na IN 28/2018 e suas atualizações.
7) Alegação: O zinco auxilia no processo de divisão celular. Requisitos: As alegações são restritas aos suplementos alimentares cuja quantidade de zinco atenda aos valores mínimos estabelecidos na IN 28/2018 e suas atualizações
8) Alegação: O zinco auxilia na manutenção de ossos. Requisitos: As alegações são restritas aos suplementos alimentares cuja quantidade de zinco atenda aos valores mínimos estabelecidos na IN 28/2018 e suas atualizações
9) Alegação: O zinco auxilia no funcionamento do sistema imune. Requisitos: As alegações são restritas aos suplementos alimentares cuja quantidade de zinco atenda aos valores mínimos estabelecidos na IN 28/2018 e suas atualizações
10) Alegação: Fonte de zinco.Requisitos: As alegações são restritas aos suplementos alimentares cuja quantidade de zinco atenda aos valores mínimos estabelecidos na IN 28/2018 e suas atualizações
11) Alegação: Alto conteúdo/Rico em/Alto teor de zinco. Requisitos: A alegação é restrita aos suplementos alimentares cuja quantidade de zinco corresponda ao dobro dos valores mínimos estabelecidos na IN 28/2018 e suas atualizações, desde que não ultrapasse o limite máximo estabelecido na IN 28/2018 e suas atualizações.",Não há requisitos adicionais,
Citrato de zinco diidratado,5990-32-9,USP-NF,Fonte de Zinco,"1) Alegação: O zinco é um antioxidante que auxilia na proteção dos danos causados pelos radicais livres. Requisitos: As alegações são restritas aos suplementos alimentares cuja quantidade de zinco atenda aos valores mínimos estabelecidos na IN 28/2018 e suas atualizações.
2) Alegação: O zinco auxilia na visão. Requisitos: As alegações são restritas aos suplementos alimentares cuja quantidade de zinco atenda aos valores mínimos estabelecidos na IN 28/2018 e suas atualizações.
3) Alegação: O zinco auxilia no metabolismo da vitamina A. Requisitos: As alegações são restritas aos suplementos alimentares cuja quantidade de zinco atenda aos valores mínimos estabelecidos na IN 28/2018 e suas atualizações
4) Alegação: O zinco contribui para a manutenção do cabelo, da pele e das unhas. Requisitos: As alegações são restritas aos suplementos alimentares cuja quantidade de zinco atenda aos valores mínimos estabelecidos na IN 28/2018 e suas atualizações
5) Alegação: O zinco auxilia no metabolismo de proteínas, carboidratos e gorduras. Requisitos: As alegações são restritas aos suplementos alimentares cuja quantidade de zinco atenda aos valores mínimos estabelecidos na IN 28/2018 e suas atualizações
6) Alegação: O zinco auxilia na síntese de proteínas. Requisitos: As alegações são restritas aos suplementos alimentares cuja quantidade de zinco atenda aos valores mínimos estabelecidos na IN 28/2018 e suas atualizações.
7) Alegação: O zinco auxilia no processo de divisão celular. Requisitos: As alegações são restritas aos suplementos alimentares cuja quantidade de zinco atenda aos valores mínimos estabelecidos na IN 28/2018 e suas atualizações
8) Alegação: O zinco auxilia na manutenção de ossos. Requisitos: As alegações são restritas aos suplementos alimentares cuja quantidade de zinco atenda aos valores mínimos estabelecidos na IN 28/2018 e suas atualizações
9) Alegação: O zinco auxilia no funcionamento do sistema imune. Requisitos: As alegações são restritas aos suplementos alimentares cuja quantidade de zinco atenda aos valores mínimos estabelecidos na IN 28/2018 e suas atualizações
10) Alegação: Fonte de zinco.Requisitos: As alegações são restritas aos suplementos alimentares cuja quantidade de zinco atenda aos valores mínimos estabelecidos na IN 28/2018 e suas atualizações
11) Alegação: Alto conteúdo/Rico em/Alto teor de zinco. Requisitos: A alegação é restrita aos suplementos alimentares cuja quantidade de zinco corresponda ao dobro dos valores mínimos estabelecidos na IN 28/2018 e suas atualizações, desde que não ultrapasse o limite máximo estabelecido na IN 28/2018 e suas atualizações.",Não há requisitos adicionais,
Citrato férrico,2338-05-8.,FCC,Fonte de Ferro,"1)Alegação: O ferro auxilia na formação das células vermelhas do sangue. Requisitos: As alegações são restritas aos suplementos alimentares cuja quantidade de ferro atenda aos valores mínimos estabelecidos na IN 28/2018 e suas atualizações.
2) Alegação: O ferro auxilia no metabolismo energético. Requisitos: As alegações são restritas aos suplementos alimentares cuja quantidade de ferro atenda aos valores mínimos estabelecidos na IN 28/2018 e suas atualizações.
3) Alegação: O ferro auxilia no transporte do oxigênio no organismo. Requisitos: As alegações são restritas aos suplementos alimentares cuja quantidade de ferro atenda aos valores mínimos estabelecidos na IN 28/2018 e suas atualizações.
4) Alegação: O ferro auxilia no processo de divisão celular. Requisitos: As alegações são restritas aos suplementos alimentares cuja quantidade de ferro atenda aos valores mínimos estabelecidos na IN 28/2018 e suas atualizações.
5) Alegação: O ferro auxilia no funcionamento do sistema imune. Requisitos: As alegações são restritas aos suplementos alimentares cuja quantidade de ferro atenda aos valores mínimos estabelecidos na IN 28/2018 e suas atualizações.
6) Alegação: Fonte de ferro. Requisitos: As alegações são restritas aos suplementos alimentares cuja quantidade de ferro atenda aos valores mínimos estabelecidos na IN 28/2018 e suas atualizações. 
7) Alegação: Alto conteúdo/Rico em/Alto teor de ferro. Requisitos: A alegação é restrita aos suplementos alimentares cuja quantidade de ferro corresponda ao dobro dos valores mínimos estabelecidos na IN 28/2018 e suas atualizações, desde que não ultrapasse o limite máximo estabelecido na IN 28/2018 e suas atualizações.",Não há requisitos adicionais,
Citrato férrico amoniacal,1185-57-5,"FCC 

28th JECFA (1984), FNP 31/2 (1984), FNP 52 (1992), FAO JECFA MONOGRAPHS 1 (2006)",Fonte de Ferro,"1)Alegação: O ferro auxilia na formação das células vermelhas do sangue. Requisitos: As alegações são restritas aos suplementos alimentares cuja quantidade de ferro atenda aos valores mínimos estabelecidos na IN 28/2018 e suas atualizações.
2) Alegação: O ferro auxilia no metabolismo energético. Requisitos: As alegações são restritas aos suplementos alimentares cuja quantidade de ferro atenda aos valores mínimos estabelecidos na IN 28/2018 e suas atualizações.
3) Alegação: O ferro auxilia no transporte do oxigênio no organismo. Requisitos: As alegações são restritas aos suplementos alimentares cuja quantidade de ferro atenda aos valores mínimos estabelecidos na IN 28/2018 e suas atualizações.
4) Alegação: O ferro auxilia no processo de divisão celular. Requisitos: As alegações são restritas aos suplementos alimentares cuja quantidade de ferro atenda aos valores mínimos estabelecidos na IN 28/2018 e suas atualizações.
5) Alegação: O ferro auxilia no funcionamento do sistema imune. Requisitos: As alegações são restritas aos suplementos alimentares cuja quantidade de ferro atenda aos valores mínimos estabelecidos na IN 28/2018 e suas atualizações.
6) Alegação: Fonte de ferro. Requisitos: As alegações são restritas aos suplementos alimentares cuja quantidade de ferro atenda aos valores mínimos estabelecidos na IN 28/2018 e suas atualizações. 
7) Alegação: Alto conteúdo/Rico em/Alto teor de ferro. Requisitos: A alegação é restrita aos suplementos alimentares cuja quantidade de ferro corresponda ao dobro dos valores mínimos estabelecidos na IN 28/2018 e suas atualizações, desde que não ultrapasse o limite máximo estabelecido na IN 28/2018 e suas atualizações.",Não há requisitos adicionais,
Citrato ferroso,23383-11-1,FCC,Fonte de Ferro,"1)Alegação: O ferro auxilia na formação das células vermelhas do sangue. Requisitos: As alegações são restritas aos suplementos alimentares cuja quantidade de ferro atenda aos valores mínimos estabelecidos na IN 28/2018 e suas atualizações.
2) Alegação: O ferro auxilia no metabolismo energético. Requisitos: As alegações são restritas aos suplementos alimentares cuja quantidade de ferro atenda aos valores mínimos estabelecidos na IN 28/2018 e suas atualizações.
3) Alegação: O ferro auxilia no transporte do oxigênio no organismo. Requisitos: As alegações são restritas aos suplementos alimentares cuja quantidade de ferro atenda aos valores mínimos estabelecidos na IN 28/2018 e suas atualizações.
4) Alegação: O ferro auxilia no processo de divisão celular. Requisitos: As alegações são restritas aos suplementos alimentares cuja quantidade de ferro atenda aos valores mínimos estabelecidos na IN 28/2018 e suas atualizações.
5) Alegação: O ferro auxilia no funcionamento do sistema imune. Requisitos: As alegações são restritas aos suplementos alimentares cuja quantidade de ferro atenda aos valores mínimos estabelecidos na IN 28/2018 e suas atualizações.
6) Alegação: Fonte de ferro. Requisitos: As alegações são restritas aos suplementos alimentares cuja quantidade de ferro atenda aos valores mínimos estabelecidos na IN 28/2018 e suas atualizações. 
7) Alegação: Alto conteúdo/Rico em/Alto teor de ferro. Requisitos: A alegação é restrita aos suplementos alimentares cuja quantidade de ferro corresponda ao dobro dos valores mínimos estabelecidos na IN 28/2018 e suas atualizações, desde que não ultrapasse o limite máximo estabelecido na IN 28/2018 e suas atualizações.",Não há requisitos adicionais,
Citrato malato de cálcio,"120250-12-6

142606-53-9","The EFSA Journal (2007) 612, 1-24",Fonte de Cálcio,"1) Alegação: O cálcio auxilia na formação e manutenção de ossos e dentes. Requisito: As alegações são restritas aos suplementos alimentares cuja quantidade de cálcio atenda aos valores mínimos estabelecidos na IN 28/2018 e suas atualizações.
2) Alegação: O cálcio auxilia na coagulação do sangue. Requisito: As alegações são restritas aos suplementos alimentares cuja quantidade de cálcio atenda aos valores mínimos estabelecidos na IN 28/2018 e suas atualizações.
3) Alegação: O cálcio auxilia no funcionamento muscular. Requisito: As alegações são restritas aos suplementos alimentares cuja quantidade de cálcio atenda aos valores mínimos estabelecidos na IN 28/2018 e suas atualizações.
4) Alegação: O cálcio auxilia no funcionamento neuromuscular. Requisito: As alegações são restritas aos suplementos alimentares cuja quantidade de cálcio atenda aos valores mínimos estabelecidos na IN 28/2018 e suas atualizações.
5) Alegação: O cálcio auxilia no processo de divisão celular. Requisito: As alegações são restritas aos suplementos alimentares cuja quantidade de cálcio atenda aos valores mínimos estabelecidos na IN 28/2018 e suas atualizações.
6) Alegação: O cálcio auxilia no metabolismo energético. Requisito: As alegações são restritas aos suplementos alimentares cuja quantidade de cálcio atenda aos valores mínimos estabelecidos na IN 28/2018 e suas atualizações.
7) Alegação: Fonte de cálcio. Requisito: As alegações são restritas aos suplementos alimentares cuja quantidade de cálcio atenda aos valores mínimos estabelecidos na IN 28/2018 e suas atualizações.
8) Realagação: Alto conteúdo/Rico em/Alto teor de cálcio. Requisitos:
A alegação é restrita aos suplementos alimentares cuja quantidade de cálcio corresponda ao dobro dos valores mínimos estabelecidos na IN 28/2018 e suas atualizações, desde que não ultrapasse o limite máximo estabelecido.",Não há requisitos adicionais,
Clara de ovo desidratada,,"1 - Para esse constituinte foram aprovadas as erspecificações do fabricante Shinoda Alimento - Indaiatuba - SP.

2 - Para este constituinte foram aprovadas as seguintes especificações:
Descrição/Definição: A clara de ovo desidratada é um produto em pó obtido pela separação, filtração, pasteurização e desidratação da clara de ovos de galinha
Parâmetros físico-químicos:
Umidade: máx. 8 %
Proteínas: mín. 78 %
pH: mín. 9 e máx. 11
Cinzas: máx. 6 %

Contaminantes:
Arsênio: máx. 0,5 ppm
Chumbo: máx. 0,1 ppm",Fonte de proteínas,"1) Alegação: Fonte de proteínas. Requisitos: A alegação é restrita aos suplementos alimentares cuja: a) quantidade de proteína atenda aos valores mínimos estabelecidos na IN 28/2018 e suas atualizações; e b) quantidade de aminoácidos essenciais por grama de proteína do produto atenda aos valores mínimos estabelecidos para a proteína de referência, conforme IN 28/2018 e suas atualizações.
2) Alegação: As proteínas auxiliam na formação dos músculos e ossos. Requisitos: A alegação é restrita aos suplementos alimentares cuja: a) quantidade de proteína atenda aos valores mínimos estabelecidos na IN 28/2018 e suas atualizações; e b) quantidade de aminoácidos essenciais por grama de proteína do produto atenda aos valores mínimos estabelecidos para a proteína de referência, conforme IN 28/2018 e suas atualizações.
3) Alegação: Alto conteúdo/Rico em/Alto teor de proteínas. Requisitos: A alegação é restrita aos suplementos alimentares cuja: a) quantidade de proteína corresponda ao dobro dos valores mínimos estabelecidos na IN 28/2018 e suas atualizações; e b) quantidade de aminoácidos essenciais por grama de proteína do produto atenda aos valores mínimos estabelecidos para a proteína de referência, conforme IN 28/2018 e suas atualizações.",Não há requisitos adicionais,
Cloreto crômico hexaidratado,10060-12-5,"FCC 

USP-NF",Fonte de Cromo,"1) Alegação: O cromo auxilia no metabolismo de proteínas, carboidratos e gorduras. Requisitos: A alegação é restrita aos suplementos alimentares cuja quantidade de cromo atenda aos valores mínimos estabelecidos na IN 28/2018 e suas atualizações.
2) Alegação: Fonte de cromo. Requisitos: A alegação é restrita aos suplementos alimentares cuja quantidade de cromo atenda aos valores mínimos estabelecidos na IN 28/2018 e suas atualizações.
3) Alto conteúdo/Rico em/Alto teor de cromo. Requisitos: A alegação é restrita aos suplementos alimentares cuja quantidade de cromo corresponda ao dobro dos valores mínimos estabelecidos na IN 28/2018 e suas atualizações, desde que não ultrapasse o limite máximo estabelecido na IN 28/2018 e suas atualizações.",Não há requisitos adicionais,
Cloreto crômico/Cloreto de cromo (III),10025-73-7,"
USP-NF",Fonte de Cromo,"1) Alegação: O cromo auxilia no metabolismo de proteínas, carboidratos e gorduras. Requisitos: A alegação é restrita aos suplementos alimentares cuja quantidade de cromo atenda aos valores mínimos estabelecidos na IN 28/2018 e suas atualizações.
2) Alegação: Fonte de cromo. Requisitos: A alegação é restrita aos suplementos alimentares cuja quantidade de cromo atenda aos valores mínimos estabelecidos na IN 28/2018 e suas atualizações.
3) Alto conteúdo/Rico em/Alto teor de cromo. Requisitos: A alegação é restrita aos suplementos alimentares cuja quantidade de cromo corresponda ao dobro dos valores mínimos estabelecidos na IN 28/2018 e suas atualizações, desde que não ultrapasse o limite máximo estabelecido na IN 28/2018 e suas atualizações.",Não há requisitos adicionais,
Cloreto de cálcio,10043-52-4,"FCC 

 19th JECFA (1975), NMRS 55B (1976), FNP 52 (1992), FAO JECFA MONOGRAPHS 4 (2007)

 USP-NF",Fonte de Cálcio,"1) Alegação: O cálcio auxilia na formação e manutenção de ossos e dentes. Requisito: As alegações são restritas aos suplementos alimentares cuja quantidade de cálcio atenda aos valores mínimos estabelecidos na IN 28/2018 e suas atualizações.
2) Alegação: O cálcio auxilia na coagulação do sangue. Requisito: As alegações são restritas aos suplementos alimentares cuja quantidade de cálcio atenda aos valores mínimos estabelecidos na IN 28/2018 e suas atualizações.
3) Alegação: O cálcio auxilia no funcionamento muscular. Requisito: As alegações são restritas aos suplementos alimentares cuja quantidade de cálcio atenda aos valores mínimos estabelecidos na IN 28/2018 e suas atualizações.
4) Alegação: O cálcio auxilia no funcionamento neuromuscular. Requisito: As alegações são restritas aos suplementos alimentares cuja quantidade de cálcio atenda aos valores mínimos estabelecidos na IN 28/2018 e suas atualizações.
5) Alegação: O cálcio auxilia no processo de divisão celular. Requisito: As alegações são restritas aos suplementos alimentares cuja quantidade de cálcio atenda aos valores mínimos estabelecidos na IN 28/2018 e suas atualizações.
6) Alegação: O cálcio auxilia no metabolismo energético. Requisito: As alegações são restritas aos suplementos alimentares cuja quantidade de cálcio atenda aos valores mínimos estabelecidos na IN 28/2018 e suas atualizações.
7) Alegação: Fonte de cálcio. Requisito: As alegações são restritas aos suplementos alimentares cuja quantidade de cálcio atenda aos valores mínimos estabelecidos na IN 28/2018 e suas atualizações.
8) Realagação: Alto conteúdo/Rico em/Alto teor de cálcio. Requisitos:
A alegação é restrita aos suplementos alimentares cuja quantidade de cálcio corresponda ao dobro dos valores mínimos estabelecidos na IN 28/2018 e suas atualizações, desde que não ultrapasse o limite máximo estabelecido.",Não há requisitos adicionais,
Cloreto de cálcio diidratado,10035-04-8,"FCC

European pharmacopoeia 9.0

USP-NF",Fonte de Cálcio,"1) Alegação: O cálcio auxilia na formação e manutenção de ossos e dentes. Requisito: As alegações são restritas aos suplementos alimentares cuja quantidade de cálcio atenda aos valores mínimos estabelecidos na IN 28/2018 e suas atualizações.
2) Alegação: O cálcio auxilia na coagulação do sangue. Requisito: As alegações são restritas aos suplementos alimentares cuja quantidade de cálcio atenda aos valores mínimos estabelecidos na IN 28/2018 e suas atualizações.
3) Alegação: O cálcio auxilia no funcionamento muscular. Requisito: As alegações são restritas aos suplementos alimentares cuja quantidade de cálcio atenda aos valores mínimos estabelecidos na IN 28/2018 e suas atualizações.
4) Alegação: O cálcio auxilia no funcionamento neuromuscular. Requisito: As alegações são restritas aos suplementos alimentares cuja quantidade de cálcio atenda aos valores mínimos estabelecidos na IN 28/2018 e suas atualizações.
5) Alegação: O cálcio auxilia no processo de divisão celular. Requisito: As alegações são restritas aos suplementos alimentares cuja quantidade de cálcio atenda aos valores mínimos estabelecidos na IN 28/2018 e suas atualizações.
6) Alegação: O cálcio auxilia no metabolismo energético. Requisito: As alegações são restritas aos suplementos alimentares cuja quantidade de cálcio atenda aos valores mínimos estabelecidos na IN 28/2018 e suas atualizações.
7) Alegação: Fonte de cálcio. Requisito: As alegações são restritas aos suplementos alimentares cuja quantidade de cálcio atenda aos valores mínimos estabelecidos na IN 28/2018 e suas atualizações.
8) Realagação: Alto conteúdo/Rico em/Alto teor de cálcio. Requisitos:
A alegação é restrita aos suplementos alimentares cuja quantidade de cálcio corresponda ao dobro dos valores mínimos estabelecidos na IN 28/2018 e suas atualizações, desde que não ultrapasse o limite máximo estabelecido.",Não há requisitos adicionais,
Cloreto de colina,67-48-1, FCC,Fonte de Colina,"1)Alegação: Fonte de colina. Requisitos: A alegação é restrita aos suplementos alimentares cuja quantidade de colina atenda aos valores mínimos estabelecidos na IN 28/2018 e suas atualizações.
2) Alegação: A colina contribui para o metabolismo lipídico.Requisitos: A alegação é restrita aos suplementos alimentares cuja quantidade de colina atenda aos valores mínimos estabelecidos na IN 28/2018 e suas atualizações.
3) Alegação: A colina contribui para o metabolismo da homocisteína. Requisitos: A alegação é restrita aos suplementos alimentares cuja quantidade de colina atenda aos valores mínimos estabelecidos na IN 28/2018 e suas atualizações.
4) Alegação: Alto conteúdo/Rico em/Alto teor de colina. Requisitos: A alegação é restrita aos suplementos alimentares cuja quantidade de colina corresponda ao dobro dos valores mínimos estabelecidos na IN 28/2018 e suas atualizações, desde que não ultrapasse o limite máximo estabelecido na IN 28/2018 e suas atualizações.",Não há requisitos adicionais,
Cloreto de magnésio,7786-30-3,"27th JECFA (1983), FNP 28 (1983), FNP 52 (1992), FAO JECFA MONOGRAPHS 1 (2006)
 
 USP-NF",Fonte de Magnésio,"1) Alegação:O magnésio auxilia na formação de ossos e dentes. Requisitos:  As alegações são restritas aos suplementos alimentares cuja quantidade de magnésio atenda aos valores mínimos estabelecidos na IN 28/2018 e suas atualizações.
2) Alegação: O magnésio auxilia no metabolismo energético. Requisitos:  As alegações são restritas aos suplementos alimentares cuja quantidade de magnésio atenda aos valores mínimos estabelecidos na IN 28/2018 e suas atualizações
3) Alegação: O magnésio auxilia no metabolismo de proteínas, carboidratos e gorduras. Requisitos:  As alegações são restritas aos suplementos alimentares cuja quantidade de magnésio atenda aos valores mínimos estabelecidos na IN 28/2018 e suas atualizações.
4) Alegação: O magnésio auxilia no equilíbrio dos eletrólitos. Requisitos:  As alegações são restritas aos suplementos alimentares cuja quantidade de magnésio atenda aos valores mínimos estabelecidos na IN 28/2018 e suas atualizações.
5) Alegação:  O magnésio auxilia no funcionamento muscular. Requisitos: As alegações são restritas aos suplementos alimentares cuja quantidade de magnésio atenda aos valores mínimos estabelecidos na IN 28/2018 e suas atualizações.
6) Alegação: O magnésio auxilia no funcionamento neuromuscular. Requisitos: As alegações são restritas aos suplementos alimentares cuja quantidade de magnésio atenda aos valores mínimos estabelecidos na IN 28/2018 e suas atualizações.
7) Alegação: O magnésio auxilia no processo de divisão celular. Requisitos: As alegações são restritas aos suplementos alimentares cuja quantidade de magnésio atenda aos valores mínimos estabelecidos na IN 28/2018 e suas atualizações.
8) Alegação: Fonte de magnésio. Requisitos: As alegações são restritas aos suplementos alimentares cuja quantidade de magnésio atenda aos valores mínimos estabelecidos na IN 28/2018 e suas atualizações.
9) Alegação: Alto conteúdo/Rico em/Alto teor de magnésio. Requisitos: A alegação é restrita aos suplementos alimentares cuja quantidade de magnésio corresponda ao dobro dos valores mínimos estabelecidos na IN 28/2018 e suas atualizações, desde que não ultrapasse o limite máximo estabelecido na IN 28/2018 e suas atualizações.",Não há requisitos adicionais,
Cloreto de magnésio hexaidratado,7791-18-6,"European pharmacopeia 9.0

USP-NF",Fonte de Magnésio,"1) Alegação:O magnésio auxilia na formação de ossos e dentes. Requisitos:  As alegações são restritas aos suplementos alimentares cuja quantidade de magnésio atenda aos valores mínimos estabelecidos na IN 28/2018 e suas atualizações.
2) Alegação: O magnésio auxilia no metabolismo energético. Requisitos:  As alegações são restritas aos suplementos alimentares cuja quantidade de magnésio atenda aos valores mínimos estabelecidos na IN 28/2018 e suas atualizações
3) Alegação: O magnésio auxilia no metabolismo de proteínas, carboidratos e gorduras. Requisitos:  As alegações são restritas aos suplementos alimentares cuja quantidade de magnésio atenda aos valores mínimos estabelecidos na IN 28/2018 e suas atualizações.
4) Alegação: O magnésio auxilia no equilíbrio dos eletrólitos. Requisitos:  As alegações são restritas aos suplementos alimentares cuja quantidade de magnésio atenda aos valores mínimos estabelecidos na IN 28/2018 e suas atualizações.
5) Alegação:  O magnésio auxilia no funcionamento muscular. Requisitos: As alegações são restritas aos suplementos alimentares cuja quantidade de magnésio atenda aos valores mínimos estabelecidos na IN 28/2018 e suas atualizações.
6) Alegação: O magnésio auxilia no funcionamento neuromuscular. Requisitos: As alegações são restritas aos suplementos alimentares cuja quantidade de magnésio atenda aos valores mínimos estabelecidos na IN 28/2018 e suas atualizações.
7) Alegação: O magnésio auxilia no processo de divisão celular. Requisitos: As alegações são restritas aos suplementos alimentares cuja quantidade de magnésio atenda aos valores mínimos estabelecidos na IN 28/2018 e suas atualizações.
8) Alegação: Fonte de magnésio. Requisitos: As alegações são restritas aos suplementos alimentares cuja quantidade de magnésio atenda aos valores mínimos estabelecidos na IN 28/2018 e suas atualizações.
9) Alegação: Alto conteúdo/Rico em/Alto teor de magnésio. Requisitos: A alegação é restrita aos suplementos alimentares cuja quantidade de magnésio corresponda ao dobro dos valores mínimos estabelecidos na IN 28/2018 e suas atualizações, desde que não ultrapasse o limite máximo estabelecido na IN 28/2018 e suas atualizações.",Não há requisitos adicionais,
Cloreto de manganês,7773-01-5.,"FCC 

USP-NF",Fonte de Manganês,"1) Alegação: O manganês é um antioxidante que auxilia na proteção dos danos causados pelos radicais livres. Requisitos: As alegações são restritas aos suplementos alimentares cuja quantidade de manganês atenda aos valores mínimos estabelecidos na IN 28/2018 e suas atualizações
2) Alegação: O manganês auxilia na formação de ossos.  Requisitos: As alegações são restritas aos suplementos alimentares cuja quantidade de manganês atenda aos valores mínimos estabelecidos na IN 28/2018 e suas atualizações
3) Alegação: O manganês auxilia no metabolismo energético.  Requisitos: As alegações são restritas aos suplementos alimentares cuja quantidade de manganês atenda aos valores mínimos estabelecidos na IN 28/2018 e suas atualizações
4) Alegação:  O manganês auxilia na manutenção dos tecidos conectivos. Requisitos: As alegações são restritas aos suplementos alimentares cuja quantidade de manganês atenda aos valores mínimos estabelecidos na IN 28/2018 e suas atualizações
5) Alegação: Fonte de manganês.  Requisitos: As alegações são restritas aos suplementos alimentares cuja quantidade de manganês atenda aos valores mínimos estabelecidos na IN 28/2018 e suas atualizações
6) Alegação:  Alto conteúdo/Rico em/Alto teor de manganês. Requisitos: A alegação é restrita aos suplementos alimentares cuja quantidade de manganês corresponda ao dobro dos valores mínimos estabelecidos na IN 28/2018 e suas atualizações, desde que não ultrapasse o limite máximo estabelecido na IN 28/2018 e suas atualizações.",Não há requisitos adicionais,
Cloreto de potássio,7447-40-7,,Fonte de Potássio,Não autorizada alegação de propriedade funcional e/ou saúde para esse ingrediente.,Não há requisitos adicionais,
Cloreto de Sódio,7647-14-5,FCC,Fonte de Sódio,"1) Alegação: Não contém/Livre de/Zero (0 ou 0%) /Sem/Isento de sódio. Requisitos: A alegação é restrita aos suplementos alimentares cuja
recomendação diária do alimento pronto para consumo
forneça no máximo 5 mg de sódio
2) Alegação: Baixo em/Pouco/Baixo teor de/Leve em sódio. Requisitos: A alegação é restrita aos suplementos alimentares cuja
recomendação diária do alimento pronto para consumo
forneça no máximo 40 mg de sódio.",Não há requisitos adicionais,
Cloreto de zinco,7646-85-7,"European pharmacopoeia 9.0 

USP-NF",Fonte de Zinco,"1) Alegação: O zinco é um antioxidante que auxilia na proteção dos danos causados pelos radicais livres. Requisitos: As alegações são restritas aos suplementos alimentares cuja quantidade de zinco atenda aos valores mínimos estabelecidos na IN 28/2018 e suas atualizações.
2) Alegação: O zinco auxilia na visão. Requisitos: As alegações são restritas aos suplementos alimentares cuja quantidade de zinco atenda aos valores mínimos estabelecidos na IN 28/2018 e suas atualizações.
3) Alegação: O zinco auxilia no metabolismo da vitamina A. Requisitos: As alegações são restritas aos suplementos alimentares cuja quantidade de zinco atenda aos valores mínimos estabelecidos na IN 28/2018 e suas atualizações
4) Alegação: O zinco contribui para a manutenção do cabelo, da pele e das unhas. Requisitos: As alegações são restritas aos suplementos alimentares cuja quantidade de zinco atenda aos valores mínimos estabelecidos na IN 28/2018 e suas atualizações
5) Alegação: O zinco auxilia no metabolismo de proteínas, carboidratos e gorduras. Requisitos: As alegações são restritas aos suplementos alimentares cuja quantidade de zinco atenda aos valores mínimos estabelecidos na IN 28/2018 e suas atualizações
6) Alegação: O zinco auxilia na síntese de proteínas. Requisitos: As alegações são restritas aos suplementos alimentares cuja quantidade de zinco atenda aos valores mínimos estabelecidos na IN 28/2018 e suas atualizações.
7) Alegação: O zinco auxilia no processo de divisão celular. Requisitos: As alegações são restritas aos suplementos alimentares cuja quantidade de zinco atenda aos valores mínimos estabelecidos na IN 28/2018 e suas atualizações
8) Alegação: O zinco auxilia na manutenção de ossos. Requisitos: As alegações são restritas aos suplementos alimentares cuja quantidade de zinco atenda aos valores mínimos estabelecidos na IN 28/2018 e suas atualizações
9) Alegação: O zinco auxilia no funcionamento do sistema imune. Requisitos: As alegações são restritas aos suplementos alimentares cuja quantidade de zinco atenda aos valores mínimos estabelecidos na IN 28/2018 e suas atualizações
10) Alegação: Fonte de zinco.Requisitos: As alegações são restritas aos suplementos alimentares cuja quantidade de zinco atenda aos valores mínimos estabelecidos na IN 28/2018 e suas atualizações
11) Alegação: Alto conteúdo/Rico em/Alto teor de zinco. Requisitos: A alegação é restrita aos suplementos alimentares cuja quantidade de zinco corresponda ao dobro dos valores mínimos estabelecidos na IN 28/2018 e suas atualizações, desde que não ultrapasse o limite máximo estabelecido na IN 28/2018 e suas atualizações.",Não há requisitos adicionais,
Cloridrato de ácido L-glutâmico,138-15-8,,Fonte do aminoácido Ácido L-Glutâmico,Não autorizada alegação de propriedade funcional e/ou saúde para esse ingrediente.,"A advertência ""Este produto não deve ser consumido por gestantes, lactantes e crianças"" deve constar na rotulagem do produto.",
Cloridrato de glucosamina obtido a partir de fermentação por E. coli AT-29,66-84-2,"Farmacopeia Europeia

União Europeia (Regulamento UE 2470/2017)",Fonte de glucosamina,Não autorizada alegação de propriedade funcional e/ou saúde para esse ingrediente.,"A advertência ""Este produto não deve ser consumido por gestantes, lactantes e crianças. Pessoas com enfermidades e/ou sob o uso de medicamentos, consulte seu médico."" deve constar na rotulagem do produto.",
Cloridrato de L-arginina,1119-34-2,FCC,Fonte do aminoácido Arginina,Não autorizada alegação de propriedade funcional e/ou saúde para esse ingrediente.,"A advertência ""Este produto não deve ser consumido por gestantes, lactantes e crianças"" deve constar na rotulagem do produto.",
Cloridrato de L-cisteína,52-89-1,"FCC 

USP-NF

JP XVII - THE JAPANESE PHARMACOPOEIA",Fonte do aminoácido L-Cisteína,Não autorizada alegação de propriedade funcional e/ou saúde para esse ingrediente.,"A advertência ""Este produto não deve ser consumido por gestantes, lactantes e crianças"" deve constar na rotulagem do produto.",
Cloridrato de L-histidina monohidratado,5934-29-2,"European pharmacopoeia 9.0; 

FCC",Fonte do aminoácido L-Histidina,Não autorizada alegação de propriedade funcional e/ou saúde para esse ingrediente.,"A advertência ""Este produto não deve ser consumido por gestantes, lactantes e crianças"" deve constar na rotulagem do produto.",
Cloridrato de L-lisina,657-27-2,"European pharmacopoeia 9.0 

 USP-NF

FCC",Fonte do aminoácido Lisina,Não autorizada alegação de propriedade funcional e/ou saúde para esse ingrediente.,"A advertência ""Este produto não deve ser consumido por gestantes, lactantes e crianças"" deve constar na rotulagem do produto.",
Cloridrato de piridoxina,58-56-0,"European pharmacopoeia 9.0 

FCC 

USP-NF",Fonte de vitamina B6,"1) Alegação: A vitamina B6 auxilia na formação das células vermelhas do sangue. Requisitos: As alegações são restritas aos suplementos alimentares cuja quantidade de vitamina B6 atenda aos valores mínimos estabelecidos na IN 28/2018 e suas atualizações. O termo ""piridoxina"" pode ser usado em substituição ao termo ""vitamina B6"" nas alegações.
2) Alegação: A vitamina B6 auxilia no funcionamento do sistema imune. Requisitos: As alegações são restritas aos suplementos alimentares cuja quantidade de vitamina B6 atenda aos valores mínimos estabelecidos na IN 28/2018 e suas atualizações. O termo ""piridoxina"" pode ser usado em substituição ao termo ""vitamina B6"" nas alegações.
3) Alegação: A vitamina B6 auxilia no metabolismo energético. Requisitos: As alegações são restritas aos suplementos alimentares cuja quantidade de vitamina B6 atenda aos valores mínimos estabelecidos na IN 28/2018 e suas atualizações. O termo ""piridoxina"" pode ser usado em substituição ao termo ""vitamina B6"" nas alegações.
4) Alegação:  A vitamina B6 auxilia no metabolismo de proteínas e do glicogênio. Requisitos: As alegações são restritas aos suplementos alimentares cuja quantidade de vitamina B6 atenda aos valores mínimos estabelecidos na IN 28/2018 e suas atualizações. O termo ""piridoxina"" pode ser usado em substituição ao termo ""vitamina B6"" nas alegações.
5) Alegação: A vitamina B6 auxilia no metabolismo de proteínas, carboidratos e gorduras. Requisitos: As alegações são restritas aos suplementos alimentares cuja quantidade de vitamina B6 atenda aos valores mínimos estabelecidos na IN 28/2018 e suas atualizações. O termo ""piridoxina"" pode ser usado em substituição ao termo ""vitamina B6"" nas alegações.
6) Alegação:  A vitamina B6 auxilia no metabolismo de homocisteína. Requisitos: As alegações são restritas aos suplementos alimentares cuja quantidade de vitamina B6 atenda aos valores mínimos estabelecidos na IN 28/2018 e suas atualizações. O termo ""piridoxina"" pode ser usado em substituição ao termo ""vitamina B6"" nas alegações.
7) Alegação: A vitamina B6 auxilia na síntese de cisteína. Requisitos: As alegações são restritas aos suplementos alimentares cuja quantidade de vitamina B6 atenda aos valores mínimos estabelecidos na IN 28/2018 e suas atualizações. O termo ""piridoxina"" pode ser usado em substituição ao termo ""vitamina B6"" nas alegações.
8) Alegação: Fonte de vitamina B6. Requisitos:  As alegações são restritas aos suplementos alimentares cuja quantidade de vitamina B6 atenda aos valores mínimos estabelecidos na IN 28/2018 e suas atualizações. O termo ""piridoxina"" pode ser usado em substituição ao termo ""vitamina B6"" nas alegações.
9) Alegação:  Alto conteúdo/Rico em/Alto teor de vitamina B6. Requisitos: A alegação é restrita aos suplementos alimentares cuja quantidade de vitamina B6 corresponda ao dobro dos valores mínimos estabelecidos na IN 28/2018 e suas atualizações, desde que não ultrapasse o limite máximo estabelecido na IN 28/2018. O termo ""piridoxina"" pode ser usado em substituição ao termo ""vitamina B6"" nas alegações.
10) Alegação: A vitamina B6 auxilia na função normal do sistema nervoso. Requisitos: As alegações são restritas aos suplementos alimentares cuja quantidade de vitamina B6 atenda aos valores mínimos estabelecidos na IN 28/2018 e suas atualizações.  O termo ""piridoxina"" pode ser usado em substituição ao termo ""vitamina B6"" nas alegações.",Não há requisitos adicionais,
Cloridrato de tiamina,67-03-8,"European pharmacopoeia 9.0 

FCC 

USP-NF",Fonte de vitamina B1,"1) Alegação: A tiamina auxilia no metabolismo energético. Requisitos: A alegação é restrita aos suplementos alimentares cuja quantidade de tiamina atenda aos valores mínimos estabelecidos na IN 28/2018 e suas atualizações. O termo ""vitamina B1"" pode ser usado em substituição ao termo ""tiamina"" nas alegações.
2) Alegação:  A tiamina auxilia no metabolismo de proteínas, carboidratos e gorduras. Requisitos:  A alegação é restrita aos suplementos alimentares cuja quantidade de tiamina atenda aos valores mínimos estabelecidos na IN 28/2018 e suas atualizações. O termo ""vitamina B1"" pode ser usado em substituição ao termo ""tiamina"" nas alegações.
3) Alegação: Fonte de tiamina. Requisitos: A alegação é restrita aos suplementos alimentares cuja quantidade de tiamina atenda aos valores mínimos estabelecidos na IN 28/2018 e suas atualizações. O termo ""vitamina B1"" pode ser usado em substituição ao termo ""tiamina"" nas alegações.
4) Alegação: Alto conteúdo/Rico em/Alto teor de tiamina. Requisitos: A alegação é restrita aos suplementos alimentares cuja quantidade de tiamina corresponda ao dobro dos valores mínimos estabelecidos na IN 28/2018 e suas atualizações, desde que não ultrapasse o limite máximo estabelecido na IN 28/2018. O termo ""vitamina B1"" pode ser usado em substituição ao termo ""tiamina"" nas alegações.
5) Alegação: A tiamina auxilia na função normal do sistema nervoso. Requisitos: As alegações são restritas aos suplementos alimentares cuja quantidade de vitamina B1 atenda aos valores mínimos estabelecidos na IN 28/2018 e suas atualizações.  O termo ""vitamina B1"" pode ser usado em substituição ao termo ""tiamina"" nas alegações.",Não há requisitos adicionais,
Coenzima Q10,303-98-0,"European pharmacopoeia 9.0 

USP-NF",Fonte de Coenzima Q10,Não autorizada alegação de propriedade funcional e/ou saúde para esse ingrediente.,"A advertência ""Este produto não deve ser consumido por gestantes, lactantes e crianças"" deve constar na rotulagem do produto.",
Colágeno de frango com colágeno tipo II não desnaturado,,"Para esse constituinte foram aprovadas as especificações dos fabricantes: InterHealth Nutraceuticals Incorporated - EUA; Bioibérica S.A.- Espanha; Jiaxing Hengjie Biopharmaceutical Co., Ltd. - China; Akron Pharma SA - Anápolis/GO; AMNUTRA (CHINA) CO., LTD; BEYOND BIOPHARMA CO. LTD., China",Fonte de Colágeno tipo II não desnaturado,"Alegação: O colágeno tipo II não desnaturado auxilia na manutenção da função articular. Requisito: A alegação está restrita aos suplementos alimentares cuja a quantidade mínima de colágeno total seja de 10 mg e de colágeno tipo II não desnaturado seja de 1,2 mg.","A advertência ""Este produto não deve ser consumido por gestantes, lactantes e crianças"" deve constar na rotulagem do produto.",
Colágeno Tipo II,,"Para este constituinte foram aprovadas as especificações dos fabricantes: 
InterHealth Nutraceuticals Incorporated - EUA 
Bioibérica - Espanha.",Fonte de proteínas,"1) Alegação: Fonte de proteínas. Requisitos: A alegação é restrita aos suplementos alimentares cuja: a) quantidade de proteína atenda aos valores mínimos estabelecidos na IN 28/2018 e suas atualizações; e b) quantidade de aminoácidos essenciais por grama de proteína do produto atenda aos valores mínimos estabelecidos para a proteína de referência, conforme IN 28/2018 e suas atualizações.
2) Alegação: As proteínas auxiliam na formação dos músculos e ossos. Requisitos: A alegação é restrita aos suplementos alimentares cuja: a) quantidade de proteína atenda aos valores mínimos estabelecidos na IN 28/2018 e suas atualizações; e b) quantidade de aminoácidos essenciais por grama de proteína do produto atenda aos valores mínimos estabelecidos para a proteína de referência, conforme IN 28/2018 e suas atualizações.
3) Alegação: Alto conteúdo/Rico em/Alto teor de proteínas. Requisitos: A alegação é restrita aos suplementos alimentares cuja: a) quantidade de proteína corresponda ao dobro dos valores mínimos estabelecidos na IN 28/2018 e suas atualizações; e b) quantidade de aminoácidos essenciais por grama de proteína do produto atenda aos valores mínimos estabelecidos para a proteína de referência, conforme IN 28/2018 e suas atualizações.",Não há requisitos adicionais,
Colostro Bovino desnatado,,"Para esse constituinte foram aprovadas as especificações do fabricante: PanTheryx Colostrum Holdings Inc., Phoenix, Arizona",Fonte de peptídeos bioativos,Não autorizada alegação de propriedade funcional e/ou saúde para esse ingrediente.,"As advertências “Este produto não deve ser consumido por gestantes, lactantes e crianças” e “A Agência Mundial de Antidopagem
(WADA - World Anti-Doping Agency) desaconselha o uso do colostro bovino por atletas, por conter
quantidades naturalmente presentes de IGF-1 e de outros fatores de crescimento que podem influenciar o resultado de testes de anti-doping.”
deve constar na rotulagem do produto.",
Colostro Bovino integral,,"Para esse constituinte foram aprovadas as especificações do fabricante: PanTheryx Colostrum Holdings Inc., Phoenix, Arizona",Fonte de peptídeos bioativos,Não autorizada alegação de propriedade funcional e/ou saúde para esse ingrediente.,"As advertências “Este produto não deve ser consumido por gestantes, lactantes e crianças” e “A Agência Mundial de Antidopagem
(WADA - World Anti-Doping Agency) desaconselha o uso do colostro bovino por atletas, por conter
quantidades naturalmente presentes de IGF-1 e de outros fatores de crescimento que podem influenciar o resultado de testes de anti-doping.”
deve constar na rotulagem do produto.",
Concentrado de açaí liofilizado,,Para este constituinte foram aprovadas as especificações do fabricante: Liotécnica Tecnologia em Alimentos S/A,Fonte de polifenóis,Não foi aprovada alegação de propriedade funcional nem de saúde para o ingrediente,"A advertência “Este produto não deve ser consumido por gestantes, lactantes e crianças.” deve constar na rotulagem do produto.",
Concentrado de acerola liofilizado,,"Para este constituinte foram aprovadas as especificações do fabricante: Liotecnica Tecnologia em Alimentos LTDA. Embu das Artes, SP.",Fonte de vitamina C,"1) Alegação: A vitamina C auxilia na absorção de ferro dos alimentos. Requisitos: As alegações são restritas aos suplementos alimentares cuja quantidade de vitamina C atenda aos valores mínimos estabelecidos na IN 28/2018 e suas atualizações.
2) Alegação: A vitamina C é um antioxidante que auxilia na proteção dos danos causados pelos radicais livres. Requisitos: As alegações são restritas aos suplementos alimentares cuja quantidade de vitamina C atenda aos valores mínimos estabelecidos na IN 28/2018 e suas atualizações.
3) Alegação: A vitamina C auxilia no funcionamento do sistema imune. Requisitos: As alegações são restritas aos suplementos alimentares cuja quantidade de vitamina C atenda aos valores mínimos estabelecidos na IN 28/2018 e suas atualizações.
4) Alegação: A vitamina C auxilia na formação do colágeno. Requisitos: As alegações são restritas aos suplementos alimentares cuja quantidade de vitamina C atenda aos valores mínimos estabelecidos na IN 28/2018 e suas atualizações.
5) Alegação: A vitamina C auxilia na regeneração da forma reduzida da vitamina E. Requisitos: As alegações são restritas aos suplementos alimentares cuja quantidade de vitamina C atenda aos valores mínimos estabelecidos na IN 28/2018 e suas atualizações.
6) Alegação: A vitamina C auxilia no metabolismo energético. Requisitos: As alegações são restritas aos suplementos alimentares cuja quantidade de vitamina C atenda aos valores mínimos estabelecidos na IN 28/2018 e suas atualizações.
7) Alegação: A vitamina C auxilia no metabolismo de proteínas e gorduras. Requisitos: As alegações são restritas aos suplementos alimentares cuja quantidade de vitamina C atenda aos valores mínimos estabelecidos na IN 28/2018 e suas atualizações.
8) Alegação: Fonte de vitamina C. Requisitos: As alegações são restritas aos suplementos alimentares cuja quantidade de vitamina C atenda aos valores mínimos estabelecidos na IN 28/2018 e suas atualizações.
9) Alegação: Alto conteúdo/Rico em/Alto teor de vitamina C. Requisitos: A alegação é restrita aos suplementos alimentares cuja quantidade de vitamina C corresponda ao dobro dos valores mínimos estabelecidos na IN 28/2018 e suas atualizações, desde que não ultrapasse o limite máximo estabelecido na IN 28/2018 e suas atualizações.",Não há requisitos adicionais,
Concentrado de maçã,,"Para este constituinte foram aprovadas as especificações do fabricante: Goknur Gida Maddeleri Enerji tic. San. A.S. Ankara, Turquia",Fonte de carboidrato,Não autorizada alegação de propriedade funcional e/ou saúde para esse ingrediente.,Não há requisitos adicionais,
Concentrado de pera,,Para este constituinte foram aprovadas as especificações do fabricante: Hermann Pfanner Getranke GmbH. Áustria,Fonte de carboidrato,Não autorizada alegação de propriedade funcional e/ou saúde para esse ingrediente.,Não há requisitos adicionais,
Concentrado de romã,,"Para este constituinte foram aprovadas as especificações do fabricante: Gõknur Gida Mad. Enerji Ímalat Íth. Íhr. Tic. Ve San A.S. Ankara, Turquia.",Fonte de carboidrato,Não autorizada alegação de propriedade funcional e/ou saúde para esse ingrediente.,,
Concentrado hidrossolúvel de tomate (Lycopersicon esculentum),,Para este constituinte foram aprovadas as especificações dos fabricantes: C.A.S. S.p.A - Verona - Itália; Hans Zipperle AG/S.p.A - Merano - Itália; Indena S.A.S. - Tours - França.,Fonte de Ácido Clorogênico,Não autorizada alegação de propriedade funcional e/ou saúde para esse ingrediente.,"A advertência ""Este produto não deve ser consumido por gestantes, lactantes e crianças"" deve constar na rotulagem do produto.",
Concentrado hidrossolúvel de tomate (Lycopersicon esculentum),,Para este constituinte foram aprovadas as especificações dos fabricantes: C.A.S. S.p.A - Verona - Itália; Hans Zipperle AG/S.p.A - Merano - Itália; Indena S.A.S. - Tours - França.,Fonte de Adenosina,Não autorizada alegação de propriedade funcional e/ou saúde para esse ingrediente.,"A advertência ""Este produto não deve ser consumido por gestantes, lactantes e crianças"" deve constar na rotulagem do produto.",
Concentrado hidrossolúvel de tomate (Lycopersicon esculentum),,Para este constituinte foram aprovadas as especificações dos fabricantes: C.A.S. S.p.A - Verona - Itália; Hans Zipperle AG/S.p.A - Merano - Itália; Indena S.A.S. - Tours - França.,Fonte de Rutina,Não autorizada alegação de propriedade funcional e/ou saúde para esse ingrediente.,"A advertência ""Este produto não deve ser consumido por gestantes, lactantes e crianças"" deve constar na rotulagem do produto.",
Concha de ostras,,"The JP Drugs are to be tested according to the provisions given in the pertinent monographs, General Notices, General Rules for Crude Drugs, General Rules for Preparations, and General Tests for their conformity to the Japanese Pharmacopoeia.
See the General Notices 5.",Fonte de Cálcio,"1) Alegação: O cálcio auxilia na formação e manutenção de ossos e dentes. Requisito: As alegações são restritas aos suplementos alimentares cuja quantidade de cálcio atenda aos valores mínimos estabelecidos na IN 28/2018 e suas atualizações.
2) Alegação: O cálcio auxilia na coagulação do sangue. Requisito: As alegações são restritas aos suplementos alimentares cuja quantidade de cálcio atenda aos valores mínimos estabelecidos na IN 28/2018 e suas atualizações.
3) Alegação: O cálcio auxilia no funcionamento muscular. Requisito: As alegações são restritas aos suplementos alimentares cuja quantidade de cálcio atenda aos valores mínimos estabelecidos na IN 28/2018 e suas atualizações.
4) Alegação: O cálcio auxilia no funcionamento neuromuscular. Requisito: As alegações são restritas aos suplementos alimentares cuja quantidade de cálcio atenda aos valores mínimos estabelecidos na IN 28/2018 e suas atualizações.
5) Alegação: O cálcio auxilia no processo de divisão celular. Requisito: As alegações são restritas aos suplementos alimentares cuja quantidade de cálcio atenda aos valores mínimos estabelecidos na IN 28/2018 e suas atualizações.
6) Alegação: O cálcio auxilia no metabolismo energético. Requisito: As alegações são restritas aos suplementos alimentares cuja quantidade de cálcio atenda aos valores mínimos estabelecidos na IN 28/2018 e suas atualizações.
7) Alegação: Fonte de cálcio. Requisito: As alegações são restritas aos suplementos alimentares cuja quantidade de cálcio atenda aos valores mínimos estabelecidos na IN 28/2018 e suas atualizações.
8) Realagação: Alto conteúdo/Rico em/Alto teor de cálcio. Requisitos:
A alegação é restrita aos suplementos alimentares cuja quantidade de cálcio corresponda ao dobro dos valores mínimos estabelecidos na IN 28/2018 e suas atualizações, desde que não ultrapasse o limite máximo estabelecido.",Não há requisitos adicionais,
Cranberry em pó (Vaccinium macrocarpon Aiton),,"Para este constituinte foram aprovadas as especificações dos seguintes fabricantes: 1) Naturex - DBS LLC - Sagamore - Massachusetts - EUA. 2) Nexira Inc. Cedex, França",Fonte de Proantocianidinas de cranberry,Não autorizada alegação de propriedade funcional e/ou saúde para esse ingrediente.,"A advertência ""Este produto não deve ser consumido por gestantes, lactantes e crianças"" deve constar na rotulagem do produto.",
Creatina monohidratada,6020-87-7,FCC,Fonte de Creatina,1) Alegação: A creatina auxilia no aumento do desempenho físico durante exercícios repetidos de curta duração e alta intensidade. Requisitos: A alegação é restrita aos suplementos alimentares cuja quantidade de creatina atenda aos valores mínimos estabelecidos na IN 28/2018 e suas atualizações,"A advertência ""Este produto não deve ser consumido por gestantes, lactantes e crianças"" deve constar na rotulagem do produto.",
D-biotina,58-85-5,"European pharmacopoeia 9.0 

FCC",Fonte de biotina,"1) Alegação: A biotina auxilia no metabolismo energético. Requisitos: A alegação é restrita aos suplementos alimentares cuja quantidade de biotina atenda aos valores mínimos estabelecidos na IN 28/2018 e suas atualizações. O termo ""vitamina B7"" pode ser usado em substituição ao termo ""biotina"" nas alegações.
2) Alegação: A biotina auxilia no metabolismo de proteínas, carboidratos e gorduras.Requisitos: A alegação é restrita aos suplementos alimentares cuja quantidade de biotina atenda aos valores mínimos estabelecidos na IN 28/2018 e suas atualizações. O termo ""vitamina B7"" pode ser usado em substituição ao termo ""biotina"" nas alegações.
3) Alegação: A biotina contribui para a manutenção do cabelo e da pele. Requisitos: A alegação é restrita aos suplementos alimentares cuja quantidade de biotina atenda aos valores mínimos estabelecidos na IN 28/2018 e suas atualizações. O termo ""vitamina B7"" pode ser usado em substituição ao termo ""biotina"" nas alegações.
4)Alegação: A biotina auxilia na manutenção das mucosas. Requisitos: A alegação é restrita aos suplementos alimentares cuja quantidade de biotina atenda aos valores mínimos estabelecidos na IN 28/2018 e suas atualizações. O termo ""vitamina B7"" pode ser usado em substituição ao termo ""biotina"" nas alegações.
5) Alegação:Fonte de biotina. Requisitos: A alegação é restrita aos suplementos alimentares cuja quantidade de biotina atenda aos valores mínimos estabelecidos na IN 28/2018 e suas atualizações. O termo ""vitamina B7"" pode ser usado em substituição ao termo ""biotina"" nas alegações.
6) Alegação: Alto conteúdo/Rico em/Alto teor de biotina. Requisitos:  
A alegação é restrita aos suplementos alimentares cuja quantidade de biotina corresponda ao dobro dos valores mínimos estabelecidos na IN 28/2018 e suas atualizações, desde que não ultrapasse o limite máximo estabelecido na IN 28/2018. O termo ""vitamina B7"" pode ser usado em substituição ao termo ""biotina"" nas alegações.",Não há requisitos adicionais,
Dextrina,9004-53-9,"USP-NF 

FCC",Fonte de fibras alimentares,"1) Alegação: As fibras alimentares auxiliam no funcionamento do intestino.
Requisitos: As alegações são restritas aos suplementos alimentares cuja quantidade de fibras alimentares atenda aos valores mínimos estabelecidos na IN 28/2018 e suas atualizações.
2) Alegação: Fonte de fibras. Requisitos: As alegações são restritas aos suplementos alimentares cuja quantidade de fibras alimentares atenda aos valores mínimos estabelecidos na IN 28/2018 e suas atualizações.",Não há requisitos adicionais,
Dextrina resistente de trigo ou milho,,Para este constituinte foram aprovadas as especificações do fabricante: Roquette Frères - Lestrem - França.,Fonte de fibras alimentares,"1) Alegação: As fibras alimentares auxiliam no funcionamento do intestino.
Requisitos: As alegações são restritas aos suplementos alimentares cuja quantidade de fibras alimentares atenda aos valores mínimos estabelecidos na IN 28/2018 e suas atualizações.
2) Alegação: Fonte de fibras. Requisitos: As alegações são restritas aos suplementos alimentares cuja quantidade de fibras alimentares atenda aos valores mínimos estabelecidos na IN 28/2018 e suas atualizações.",Não há requisitos adicionais,
Dextroalfatocoferol/D-alfa-tocoferol,59-02-9,"European pharmacopoeia 9.0 

FCC 

Prepared at the 55th JECFA (2000) and published in FNP 52 Add 8 (2000), superseding tentative specifications prepared at the 30th JECFA (1986) and published in FNP 37 (1986) and in FNP 52 (1992). A group ADI of 0.15-2 mg/kg bw for dl-α-tocopherol and d-α-tocopherol, concentrate, singly or in combination, was established at the 30th JECFA (1986).",Fonte de Vitamina E,"1) Alegação: A vitamina E é um antioxidante que auxilia na proteção dos danos causados pelos radicais livres. Requisitos: A alegação é restrita aos suplementos alimentares cuja quantidade de vitamina E atenda aos valores mínimos estabelecidos na IN 28/2018 e suas atualizações.
2) Alegação: Fonte de vitamina E. Requisitos: A alegação é restrita aos suplementos alimentares cuja quantidade de vitamina E atenda aos valores mínimos estabelecidos na IN 28/2018 e suas atualizações
3) Alegação: Alto conteúdo/Rico em/Alto teor de vitamina E. Requisitos: A alegação é restrita aos suplementos alimentares cuja quantidade de vitamina E corresponda ao dobro dos valores mínimos estabelecidos na IN 28/2018 e suas atualizações, desde que não ultrapasse o limite máximo estabelecido na IN 28/2018 e suas atualizações.",Não há requisitos adicionais,
Dextrose (D-Glucose),50-99-7,"FCC

USP-NF",Fonte de carboidrato,"1) Alegação: Os carboidratos auxiliam na recuperação da função muscular normal após exercícios extenuantes. Requisitos: A alegação é restrita aos suplementos alimentares cuja:
a) quantidade de carboidratos metabolizáveis atenda aos valores mínimos estabelecidos na IN 28/2018 e suas atualizações; e
b) informação sobre o consumo na dose de 4 g/kg de peso corpóreo, nas primeiras 4 a 6 horas após o exercício extenuante, conste na rotulagem do produto.
 2) Alegação: Auxilia a manutenção do equilíbrio de fluidos e eletrólitos e no desempenho de exercícios físicos de resistência. Restrições: A alegação é restrita aos suplementos alimentares que:
a) forneçam carboidratos como principal fonte de energia;
b) contenham no mínimo 80 kcal/L e no máximo 350 kcal/L;
c) contenham no mínimo 75% da energia derivada de carboidratos metabolizáveis;
d) contenham no mínimo 20 mmol/L (460 mg/L) de sódio (na forma de Na+) e máximo 50 mmol/L (1150 mg/L) de sódio (na forma de Na+); e
e) apresentem osmolalidade entre 200 e 330 mOsml/kg de água. 
3) Alegação: Isotônico: Requisitos: A alegação é restrita aos suplementos alimentares que:
a) forneçam carboidratos como principal fonte de energia;
b) contenham no mínimo 80 kcal/L e no máximo 350 kcal/L;
c) contenham no mínimo 75% da energia derivada de carboidratos metabolizáveis;
d) contenham no mínimo 20 mmol/L (460 mg/L) de sódio (na forma de Na+) e máximo 50 mmol/L (1150 mg/L) de sódio (na forma de Na+); e   e) apresentem osmolalidade entre 270 e 330 mOsml/kg de água.",Não há requisitos adicionais,
D-Frutose,57-48-7,"FCC

USP-NF",Fonte de carboidrato,"1) Alegação: Os carboidratos auxiliam na recuperação da função muscular normal após exercícios extenuantes. Requisitos: A alegação é restrita aos suplementos alimentares cuja:
a) quantidade de carboidratos metabolizáveis atenda aos valores mínimos estabelecidos na IN 28/2018 e suas atualizações; e
b) informação sobre o consumo na dose de 4 g/kg de peso corpóreo, nas primeiras 4 a 6 horas após o exercício extenuante, conste na rotulagem do produto.
 2) Alegação: Auxilia a manutenção do equilíbrio de fluidos e eletrólitos e no desempenho de exercícios físicos de resistência. Restrições: A alegação é restrita aos suplementos alimentares que:
a) forneçam carboidratos como principal fonte de energia;
b) contenham no mínimo 80 kcal/L e no máximo 350 kcal/L;
c) contenham no mínimo 75% da energia derivada de carboidratos metabolizáveis;
d) contenham no mínimo 20 mmol/L (460 mg/L) de sódio (na forma de Na+) e máximo 50 mmol/L (1150 mg/L) de sódio (na forma de Na+); e
e) apresentem osmolalidade entre 200 e 330 mOsml/kg de água. 
3) Alegação: Isotônico: Requisitos: A alegação é restrita aos suplementos alimentares que:
a) forneçam carboidratos como principal fonte de energia;
b) contenham no mínimo 80 kcal/L e no máximo 350 kcal/L;
c) contenham no mínimo 75% da energia derivada de carboidratos metabolizáveis;
d) contenham no mínimo 20 mmol/L (460 mg/L) de sódio (na forma de Na+) e máximo 50 mmol/L (1150 mg/L) de sódio (na forma de Na+); e  e) apresentem osmolalidade entre 270 e 330 mOsml/kg de água.",Não há requisitos adicionais,
D-Galactose,3646-73-9,USP-NF,Fonte de carboidrato,"1) Alegação: Os carboidratos auxiliam na recuperação da função muscular normal após exercícios extenuantes. Requisitos: A alegação é restrita aos suplementos alimentares cuja:
a) quantidade de carboidratos metabolizáveis atenda aos valores mínimos estabelecidos na IN 28/2018 e suas atualizações; e
b) informação sobre o consumo na dose de 4 g/kg de peso corpóreo, nas primeiras 4 a 6 horas após o exercício extenuante, conste na rotulagem do produto.
 2) Alegação: Auxilia a manutenção do equilíbrio de fluidos e eletrólitos e no desempenho de exercícios físicos de resistência. Restrições: A alegação é restrita aos suplementos alimentares que:
a) forneçam carboidratos como principal fonte de energia;
b) contenham no mínimo 80 kcal/L e no máximo 350 kcal/L;
c) contenham no mínimo 75% da energia derivada de carboidratos metabolizáveis;
d) contenham no mínimo 20 mmol/L (460 mg/L) de sódio (na forma de Na+) e máximo 50 mmol/L (1150 mg/L) de sódio (na forma de Na+); e
e) apresentem osmolalidade entre 200 e 330 mOsml/kg de água. 
3) Alegação: Isotônico: Requisitos: A alegação é restrita aos suplementos alimentares que:
a) forneçam carboidratos como principal fonte de energia;
b) contenham no mínimo 80 kcal/L e no máximo 350 kcal/L;
c) contenham no mínimo 75% da energia derivada de carboidratos metabolizáveis;
d) contenham no mínimo 20 mmol/L (460 mg/L) de sódio (na forma de Na+) e máximo 50 mmol/L (1150 mg/L) de sódio (na forma de Na+); e  e) apresentem osmolalidade entre 270 e 330 mOsml/kg de água.",Não há requisitos adicionais,
Diacilglicerol (DAG),308082-33-9,Para este constituinte foram aprovadas as especificações do fabricante: FrieslanCampina Kievit B.V. – Meppel – Holanda;,"Fonte de Lipídeos
Fonte de Ácido linoleico n-6
Ácido  alfa-linolênico n-3",Não autorizada alegação de propriedade funcional e/ou saúde para esse ingrediente.,Não há requisitos adicionais,
Dicálcio malato,671197-49-2,Para este constituinte foram aprovadas as especificações do fabricante: Albion Laboratories Inc - Utah - EUA.,Fonte de Cálcio,"1) Alegação: O cálcio auxilia na formação e manutenção de ossos e dentes. Requisito: As alegações são restritas aos suplementos alimentares cuja quantidade de cálcio atenda aos valores mínimos estabelecidos na IN 28/2018 e suas atualizações.
2) Alegação: O cálcio auxilia na coagulação do sangue. Requisito: As alegações são restritas aos suplementos alimentares cuja quantidade de cálcio atenda aos valores mínimos estabelecidos na IN 28/2018 e suas atualizações.
3) Alegação: O cálcio auxilia no funcionamento muscular. Requisito: As alegações são restritas aos suplementos alimentares cuja quantidade de cálcio atenda aos valores mínimos estabelecidos na IN 28/2018 e suas atualizações.
4) Alegação: O cálcio auxilia no funcionamento neuromuscular. Requisito: As alegações são restritas aos suplementos alimentares cuja quantidade de cálcio atenda aos valores mínimos estabelecidos na IN 28/2018 e suas atualizações.
5) Alegação: O cálcio auxilia no processo de divisão celular. Requisito: As alegações são restritas aos suplementos alimentares cuja quantidade de cálcio atenda aos valores mínimos estabelecidos na IN 28/2018 e suas atualizações.
6) Alegação: O cálcio auxilia no metabolismo energético. Requisito: As alegações são restritas aos suplementos alimentares cuja quantidade de cálcio atenda aos valores mínimos estabelecidos na IN 28/2018 e suas atualizações.
7) Alegação: Fonte de cálcio. Requisito: As alegações são restritas aos suplementos alimentares cuja quantidade de cálcio atenda aos valores mínimos estabelecidos na IN 28/2018 e suas atualizações.
8) Realagação: Alto conteúdo/Rico em/Alto teor de cálcio. Requisitos:
A alegação é restrita aos suplementos alimentares cuja quantidade de cálcio corresponda ao dobro dos valores mínimos estabelecidos na IN 28/2018 e suas atualizações, desde que não ultrapasse o limite máximo estabelecido.",Não há requisitos adicionais,
Dihidrocapsiato (DHC) sintético,205687-03-2,The EFSA Journal 2012;10(7):2812,Fonte de dihidrocapsiato,Não autorizada alegação de propriedade funcional e/ou saúde para esse ingrediente.,"A advertência ""Este produto não deve ser consumido por gestantes, lactantes e crianças.” deve constar na rotulagem do produto.",
Dimagnésio malato,671197-50-5,Para este constituinte foram aprovadas as especificações do fabricante: Albion Laboratories Inc - Utah - EUA.,Fonte de Magnésio,"1) Alegação:O magnésio auxilia na formação de ossos e dentes. Requisitos:  As alegações são restritas aos suplementos alimentares cuja quantidade de magnésio atenda aos valores mínimos estabelecidos na IN 28/2018 e suas atualizações.
2) Alegação: O magnésio auxilia no metabolismo energético. Requisitos:  As alegações são restritas aos suplementos alimentares cuja quantidade de magnésio atenda aos valores mínimos estabelecidos na IN 28/2018 e suas atualizações
3) Alegação: O magnésio auxilia no metabolismo de proteínas, carboidratos e gorduras. Requisitos:  As alegações são restritas aos suplementos alimentares cuja quantidade de magnésio atenda aos valores mínimos estabelecidos na IN 28/2018 e suas atualizações.
4) Alegação: O magnésio auxilia no equilíbrio dos eletrólitos. Requisitos:  As alegações são restritas aos suplementos alimentares cuja quantidade de magnésio atenda aos valores mínimos estabelecidos na IN 28/2018 e suas atualizações.
5) Alegação:  O magnésio auxilia no funcionamento muscular. Requisitos: As alegações são restritas aos suplementos alimentares cuja quantidade de magnésio atenda aos valores mínimos estabelecidos na IN 28/2018 e suas atualizações.
6) Alegação: O magnésio auxilia no funcionamento neuromuscular. Requisitos: As alegações são restritas aos suplementos alimentares cuja quantidade de magnésio atenda aos valores mínimos estabelecidos na IN 28/2018 e suas atualizações.
7) Alegação: O magnésio auxilia no processo de divisão celular. Requisitos: As alegações são restritas aos suplementos alimentares cuja quantidade de magnésio atenda aos valores mínimos estabelecidos na IN 28/2018 e suas atualizações.
8) Alegação: Fonte de magnésio. Requisitos: As alegações são restritas aos suplementos alimentares cuja quantidade de magnésio atenda aos valores mínimos estabelecidos na IN 28/2018 e suas atualizações.
9) Alegação: Alto conteúdo/Rico em/Alto teor de magnésio. Requisitos: A alegação é restrita aos suplementos alimentares cuja quantidade de magnésio corresponda ao dobro dos valores mínimos estabelecidos na IN 28/2018 e suas atualizações, desde que não ultrapasse o limite máximo estabelecido na IN 28/2018 e suas atualizações.",Não há requisitos adicionais,
DL-alfa-tocoferol,10191-41-0,"Prepared at the 30th JECFA (1986), published in FNP 37 (1986) and in FNP 52 (1992). Metals and arsenic specifications revised at the 61st JECFA (2003). A group ADI of 0.15-2 mg/kg bw for dl-α-tocopherol and dα-tocopherol, concentrate, singly or in combination, was established at the 30th JECFA (1986). 

European pharmacopoeia 9.0 

FCC",Fonte de Vitamina E,"1) Alegação: A vitamina E é um antioxidante que auxilia na proteção dos danos causados pelos radicais livres. Requisitos: A alegação é restrita aos suplementos alimentares cuja quantidade de vitamina E atenda aos valores mínimos estabelecidos na IN 28/2018 e suas atualizações.
2) Alegação: Fonte de vitamina E. Requisitos: A alegação é restrita aos suplementos alimentares cuja quantidade de vitamina E atenda aos valores mínimos estabelecidos na IN 28/2018 e suas atualizações
3) Alegação: Alto conteúdo/Rico em/Alto teor de vitamina E. Requisitos: A alegação é restrita aos suplementos alimentares cuja quantidade de vitamina E corresponda ao dobro dos valores mínimos estabelecidos na IN 28/2018 e suas atualizações, desde que não ultrapasse o limite máximo estabelecido na IN 28/2018 e suas atualizações.",Não há requisitos adicionais,
DL-pantenol,16485-10-2, FCC,Fonte de Ácido pantotêncio,"1) Alegação: O ácido pantotênico auxilia no metabolismo energético. Requisitos: A alegação é restrita aos suplementos alimentares cuja quantidade de ácido pantotênico atenda aos valores mínimos estabelecidos na IN 28/2018 e suas atualizações. O termo ""vitamina B5"" pode ser usado em substituição ao termo ""ácido pantotênico"" nas alegações.
2) Alegação: Fonte de ácido pantotênico. Requisitos: A alegação é restrita aos suplementos alimentares cuja quantidade de ácido pantotênico atenda aos valores mínimos estabelecidos na IN 28/2018 e suas atualizações. O termo ""vitamina B5"" pode ser usado em substituição ao termo ""ácido pantotênico"" nas alegações.
3) Alegação: Alto conteúdo/Rico em/Alto teor de ácido pantotênico.Requisitos: A alegação é restrita aos suplementos alimentares cuja quantidade de ácido pantotênico corresponda ao dobro dos valores mínimos estabelecidos na IN 28/2018 e suas atualizações, desde que não ultrapasse o limite máximo estabelecido na IN 28/2018. O termo ""vitamina B5"" pode ser usado em substituição ao termo ""ácido pantotênico"" nas alegações.",Não há requisitos adicionais,
D-pantotenato de cálcio,137-08-6, FCC,Fonte de Ácido pantotênico,"""1) Alegação: O ácido pantotênico auxilia no metabolismo energético. Requisitos: A alegação é restrita aos suplementos alimentares cuja quantidade de ácido pantotênico atenda aos valores mínimos estabelecidos na IN 28/2018 e suas atualizações. O termo """"vitamina B5"""" pode ser usado em substituição ao termo """"ácido pantotênico"""" nas alegações.
2) Alegação: Fonte de ácido pantotênico. Requisitos: A alegação é restrita aos suplementos alimentares cuja quantidade de ácido pantotênico atenda aos valores mínimos estabelecidos na IN 28/2018 e suas atualizações. O termo """"vitamina B5"""" pode ser usado em substituição ao termo """"ácido pantotênico"""" nas alegações.
3) Alegação: Alto conteúdo/Rico em/Alto teor de ácido pantotênico.Requisitos: A alegação é restrita aos suplementos alimentares cuja quantidade de ácido pantotênico corresponda ao dobro dos valores mínimos estabelecidos na IN 28/2018 e suas atualizações, desde que não ultrapasse o limite máximo estabelecido na IN 28/2018. O termo """"vitamina B5"""" pode ser usado em substituição ao termo """"ácido pantotênico"""" nas alegações.""",Não há requisitos adicionais,
D-Ribose,50-69-1,EFSA Journal 2018;16(5):5265,Fonte de carboidrato,"1) Alegação: Os carboidratos auxiliam na recuperação da função muscular normal após exercícios extenuantes. Requisitos: A alegação é restrita aos suplementos alimentares cuja:
a) quantidade de carboidratos metabolizáveis atenda aos valores mínimos estabelecidos na IN 28/2018 e suas atualizações; e
b) informação sobre o consumo na dose de 4 g/kg de peso corpóreo, nas primeiras 4 a 6 horas após o exercício extenuante, conste na rotulagem do produto.
 2) Alegação: Auxilia a manutenção do equilíbrio de fluidos e eletrólitos e no desempenho de exercícios físicos de resistência. Restrições: A alegação é restrita aos suplementos alimentares que:
a) forneçam carboidratos como principal fonte de energia;
b) contenham no mínimo 80 kcal/L e no máximo 350 kcal/L;
c) contenham no mínimo 75% da energia derivada de carboidratos metabolizáveis;
d) contenham no mínimo 20 mmol/L (460 mg/L) de sódio (na forma de Na+) e máximo 50 mmol/L (1150 mg/L) de sódio (na forma de Na+); e
e) apresentem osmolalidade entre 200 e 330 mOsml/kg de água. 
3) Alegação: Isotônico: Requisitos: A alegação é restrita aos suplementos alimentares que:
a) forneçam carboidratos como principal fonte de energia;
b) contenham no mínimo 80 kcal/L e no máximo 350 kcal/L;
c) contenham no mínimo 75% da energia derivada de carboidratos metabolizáveis;
d) contenham no mínimo 20 mmol/L (460 mg/L) de sódio (na forma de Na+) e máximo 50 mmol/L (1150 mg/L) de sódio (na forma de Na+); e   e) apresentem osmolalidade entre 270 e 330 mOsml/kg de água.",Não há requisitos adicionais,
D-Tagatose,87-81-0,"FCC

USP-NF",Fonte de carboidrato,"1) Alegação: Os carboidratos auxiliam na recuperação da função muscular normal após exercícios extenuantes. Requisitos: A alegação é restrita aos suplementos alimentares cuja:
a) quantidade de carboidratos metabolizáveis atenda aos valores mínimos estabelecidos na IN 28/2018 e suas atualizações; e
b) informação sobre o consumo na dose de 4 g/kg de peso corpóreo, nas primeiras 4 a 6 horas após o exercício extenuante, conste na rotulagem do produto.
 2) Alegação: Auxilia a manutenção do equilíbrio de fluidos e eletrólitos e no desempenho de exercícios físicos de resistência. Restrições: A alegação é restrita aos suplementos alimentares que:
a) forneçam carboidratos como principal fonte de energia;
b) contenham no mínimo 80 kcal/L e no máximo 350 kcal/L;
c) contenham no mínimo 75% da energia derivada de carboidratos metabolizáveis;
d) contenham no mínimo 20 mmol/L (460 mg/L) de sódio (na forma de Na+) e máximo 50 mmol/L (1150 mg/L) de sódio (na forma de Na+); e
e) apresentem osmolalidade entre 200 e 330 mOsml/kg de água. 
3) Alegação: Isotônico: Requisitos: A alegação é restrita aos suplementos alimentares que:
a) forneçam carboidratos como principal fonte de energia;
b) contenham no mínimo 80 kcal/L e no máximo 350 kcal/L;
c) contenham no mínimo 75% da energia derivada de carboidratos metabolizáveis;
d) contenham no mínimo 20 mmol/L (460 mg/L) de sódio (na forma de Na+) e máximo 50 mmol/L (1150 mg/L) de sódio (na forma de Na+); e   e) apresentem osmolalidade entre 270 e 330 mOsml/kg de água.",Não há requisitos adicionais,
Espirulina (Arthrospira platensis),,FCC,Fonte de proteínas,"1) Alegação: Fonte de proteínas. Requisitos: A alegação é restrita aos suplementos alimentares cuja: a) quantidade de proteína atenda aos valores mínimos estabelecidos na IN 28/2018 e suas atualizações; e b) quantidade de aminoácidos essenciais por grama de proteína do produto atenda aos valores mínimos estabelecidos para a proteína de referência, conforme IN 28/2018 e suas atualizações.
2) Alegação: As proteínas auxiliam na formação dos músculos e ossos. Requisitos: A alegação é restrita aos suplementos alimentares cuja: a) quantidade de proteína atenda aos valores mínimos estabelecidos na IN 28/2018 e suas atualizações; e b) quantidade de aminoácidos essenciais por grama de proteína do produto atenda aos valores mínimos estabelecidos para a proteína de referência, conforme IN 28/2018 e suas atualizações.
3) Alegação: Alto conteúdo/Rico em/Alto teor de proteínas. Requisitos: A alegação é restrita aos suplementos alimentares cuja: a) quantidade de proteína corresponda ao dobro dos valores mínimos estabelecidos na IN 28/2018 e suas atualizações; e b) quantidade de aminoácidos essenciais por grama de proteína do produto atenda aos valores mínimos estabelecidos para a proteína de referência, conforme IN 28/2018 e suas atualizações.",Não há requisitos adicionais,
Estearina de palma (Elaeis guineenses),,BASF PersonalCareNutrition – Illertissen – Alemanha;,"Fonte de Lipídeos
Fonte de Ácido linoleico n-6
Ácido  alfa-linolênico n-3",Não autorizada alegação de propriedade funcional e/ou saúde para esse ingrediente.,Não há requisitos adicionais,
Estearina de palmiste (Elaeis guineenses),,BASF PersonalCareNutrition – Brattvag – Noruega;,"Fonte de Lipídeos
Fonte de Ácido linoleico n-6
Ácido  alfa-linolênico n-3",Não autorizada alegação de propriedade funcional e/ou saúde para esse ingrediente.,Não há requisitos adicionais,
Ésteres de astaxantina de Haematococcus pluvialis,,FCC,Fonte de Astaxantina,"1) Alegação: “A astaxantina pode auxiliar na acomodação visual.” Requisito: A alegação é restrita aos suplementos alimentares cuja quantidade mínima de astaxantina fornecida na recomendação diária de consumo do produto seja de 4 mg.

2) Alegação: “A astaxantina pode auxiliar na redução da fadiga ocular.” Requisito: A alegação é restrita aos suplementos alimentares cuja quantidade mínima de astaxantina fornecida na recomendação diária de consumo do produto seja de 5 mg.

3) Alegação: ""A astaxantina é um antioxidante que pode auxiliar na proteção dos danos causados pelos radicais livres."". Requisito: A alegação é restrita aos suplementos alimentares cuja quantidade mínima de astaxantina fornecida na recomendação diária de consumo do produto seja de 2 mg.

4) Alegação: ""A astaxantina pode contribuir com a manutenção da saúde da pele."". Requisitos: A alegação é restrita aos suplementos alimentares cuja quantidade mínima de astaxantina fornecida na recomendação diária de consumo do produto seja de 3 mg.","A advertência ""Este produto não deve ser consumido por gestantes, lactantes e crianças"" deve constar na rotulagem do produto.","Alegações aprovadas pela Resolução RE Nº  3.070, de 15/09/2022 e pela  RE Nº  443 de 09/02/2023 - Uso de alegações autorizado apenas para os peticionantes até a inclusão na IN 28/2018 e suas atualizações."
Ésteres de luteína da flor deTagetes erecta,,"79th JECFA (2014), FAO JECFA MONOGRAPHS 16 (2014)",Fonte de Luteína,Não autorizada alegação de propriedade funcional e/ou saúde para esse ingrediente.,"A advertência ""Este produto não deve ser consumido por gestantes, lactantes e crianças"" deve constar na rotulagem do produto.",
Extrato aquoso de canela (Cinnamomum burmannii),,Para esse constituinte foram aprovadas as especificações do fabricante: IN Ingredients Inc. - Estados Unidos,Fonte de proantocianidinas do tipo A,Não autorizada alegação de propriedade funcional e/ou saúde para esse ingrediente.,"A advertência “Este produto não deve ser consumido por gestantes, lactantes e crianças.” deve constar na rotulagem do produto.",
Extrato aquoso de hortelã  (Mentha spicata L.) em pó,,"Para esse constituinte foram aprovadas as especificações do fabricante: Kemin Foods L. C. - Iowa, Estados Unidos da América",Fonte de compostos fenólicos expressos em ácido rosmarínico,Não autorizada alegação de propriedade funcional e/ou saúde para esse ingrediente.,"A advertência “Este produto não deve ser consumido por gestantes, lactantes e crianças.” deve constar na rotulagem do produto.",
Extrato aquoso de oliva,,Para este constituinte foram aprovadas as especificações do fabricante: Nexira Inc,Fonte de hidroxitirosol,Não foi aprovada alegação de propriedade funcional nem de saúde para o ingrediente,"A advertência “Este produto não deve ser consumido por gestantes, lactantes e crianças.” deve constar na rotulagem do produto.","Aprovado RESOLUÇÃO-RE N° 3.569, DE 21 DE SETEMBRO DE 2023 - Autorizado apenas para os peticionantes até a inclusão na IN 28/2018 e suas atualizações."
Extrato aquoso de oliva (Olea europaea L),84012-27-1,Para este constituinte foram aprovadas as especificações do fabricante: Nexira Health,Fonte de hidroxitirosol,Não foi aprovada alegação de propriedade funcional nem de saúde para o ingrediente,"A advertência “Este produto não deve ser consumido por gestantes, lactantes e crianças.” deve constar na rotulagem do produto.","Aprovado Resolução-RE Nº 2.277, DE 23 DE JUNHO DE 2023 - Autorizado apenas para os peticionantes até a inclusão na IN 28/2018 e suas atualizações."
Extrato da Flor de Tagetes erecta,,"1. Para este constituinte foram aprovadas as especificações do fabricante OmniActive Heatlh Technologies Ltd - Plot n.38/39 & 5C Phase II, International Biotehc Park, Hinjewadi, Pune- 411057, Maharashtra, India.

2. Para este constituinte foram aprovadas as seguintes especificações:
Descrição/Definição: O ingrediente é obtido após a extração das flores de Tagetes erecta com hexano e essa oleoresina é tratada com etanol e hidróxido de potássio, cristalização e purificação do extrato com luteína e zeaxantina livres.
Parâmetros fisico-químicos:
Luteína: mínimo 65%
Zeaxantina: mín. 15%
Contaminantes:
Arsênio: máx. 3ppm
Chumbo: máx. 2ppm
Cádmio: máx. 1 ppm
Mercúrio: máx. 0,1 ppm",fonte de luteína e zeaxantina,Não foi aprovada alegação de propriedade funcional nem de saúde para o ingrediente,"A advertência “Este produto não deve ser consumido por gestantes, lactantes e crianças.” deve constar na rotulagem do produto.",
Extrato de alho em pó (Allium sativumL.),, USP-NF,Fonte de Alicina,Não autorizada alegação de propriedade funcional e/ou saúde para esse ingrediente.,"A advertência ""Este produto não deve ser consumido por gestantes, lactantes e crianças"" deve constar na rotulagem do produto.",
Extrato de cacau,,"Para esse constituinte foram aprovadas as especificações do fabricante: Naturex Spain S.L. - Autovía A3, salida 343, Camino de Torrent s/n, 46930 - Quart de Poblet - Espanha.",Fonte de Compostos fenólicos,Não autorizada alegação de propriedade funcional e/ou saúde para esse ingrediente.,"A advertência “Este produto não deve ser consumido por gestantes, lactantes e crianças” deve constar na rotulagem do produto.",
Extrato de café verde,,Para esse constituinte foram aprovadas as especificações do fabricante: Naturex Inc. - Estados Unidos,Fonte de Ácido Clorogênico,Não autorizada alegação de propriedade funcional e/ou saúde para esse ingrediente.,"A advertência “Este produto não deve ser consumido por gestantes, lactantes e crianças.” deve constar na rotulagem do produto.",
Extrato de casca de Pinho marítimo (Pinus pinaster Aiton),90082-75-0,USP-NF,Fonte de procianidinas,Não autorizada alegação de propriedade funcional e/ou saúde para esse ingrediente.,"A advertência “Este produto não deve ser consumido por gestantes, lactantes e crianças.” deve constar na rotulagem do produto.",
Extrato de Cranberry em pó,,"Para este constituinte foram aprovadas as especificações do fabricante: Diana Food Canadá Inc., Quebec, Canadá",Fonte de Proantocianidinas de cranberry,Não autorizada alegação de propriedade funcional e/ou saúde para esse ingrediente.,"A advertência ""Este produto não deve ser consumido por gestantes, lactantes e
crianças.” deve constar na rotulagem do produto.",
Extrato de crista-de-galo (Gallus gallus),,Para esse constituinte foram aprovadas as especificações do fabricante: Bioiberica S.A. - Barcelona - Espanha,Fonte de ácido hialurônico,Não autorizada alegação de propriedade funcional e/ou saúde para esse ingrediente.,"A advertência “Este produto não deve ser consumido por gestantes, lactantes e crianças.” deve constar na rotulagem do produto.",
Extrato de fluido de guaraná,,"Especificação Anvisa
Densidade Relativa a 25°C: 0,9500 - 1,0200
Resíduo seco: 15% - 22%
Cafeína (doseamento): 3,5% - 5,5%
Etanol: 40% - 65%",Fonte de Cafeína,"1) Alegação:  A cafeína auxilia no aumento do estado de alerta e na melhora da concentração. Requisitos: A alegação é restrita aos suplementos alimentares cuja quantidade de cafeína atenda aos valores mínimos estabelecidos na IN 28/2018 e suas atualizações.
2) Alegação: A cafeína auxilia no aumento da capacidade de resistência e no desempenho de exercícios físicos de resistência. Requisitos: A alegação é restrita aos suplementos alimentares cuja quantidade recomendada de cafeína seja de 200 mg, consumida uma hora antes do exercício.","A advertência ""Este produto não deve ser consumido por gestantes, lactantes e crianças"" deve constar na rotulagem do produto.",
Extrato de laranja moro (Citrus sinensis L. Osbeck),,Para esse constituinte foram aprovadas as especificações do fabricante: BIONAP SRL – Bioactive Natural Products - Itália,antocianinas da laranja moro,Não autorizada alegação de propriedade funcional e/ou saúde para esse ingrediente.,"A advertência “Este produto não deve ser consumido por gestantes, lactantes e crianças.” deve constar na rotulagem do produto.",
Extrato de levedura (Saccharomyces cerevisiae),,FCC,Fonte de proteínas,"1) Alegação: Fonte de proteínas. Requisitos: A alegação é restrita aos suplementos alimentares cuja: a) quantidade de proteína atenda aos valores mínimos estabelecidos na IN 28/2018 e suas atualizações; e b) quantidade de aminoácidos essenciais por grama de proteína do produto atenda aos valores mínimos estabelecidos para a proteína de referência, conforme IN 28/2018 e suas atualizações.
2) Alegação: As proteínas auxiliam na formação dos músculos e ossos. Requisitos: A alegação é restrita aos suplementos alimentares cuja: a) quantidade de proteína atenda aos valores mínimos estabelecidos na IN 28/2018 e suas atualizações; e b) quantidade de aminoácidos essenciais por grama de proteína do produto atenda aos valores mínimos estabelecidos para a proteína de referência, conforme IN 28/2018 e suas atualizações.
3) Alegação: Alto conteúdo/Rico em/Alto teor de proteínas. Requisitos: A alegação é restrita aos suplementos alimentares cuja: a) quantidade de proteína corresponda ao dobro dos valores mínimos estabelecidos na IN 28/2018 e suas atualizações; e b) quantidade de aminoácidos essenciais por grama de proteína do produto atenda aos valores mínimos estabelecidos para a proteína de referência, conforme IN 28/2018 e suas atualizações.",Não há requisitos adicionais,
Extrato de oliva (Olea Europea L.) líquido padronizado em hidroxitirisol (40% a 50%),,"Para este constituinte foram aprovadas as especificações do fabricante: Euromed S.A. Barcelona e Murcia, Espanha",Fonte de hidroxitirosol,Não autorizada alegação de propriedade funcional e/ou saúde para esse ingrediente.,"A advertência “Este produto não deve ser consumido por gestantes, lactantes, lactentes e crianças."" deve constar na rotulagem do produto.",
Extrato de Opuntia ficus-indica,,"Para este ingrediente foram aprovadas as especificações do fabricante: Finzelberg ativos naturais Ltda - - Koblenzer Str, 48-56 – 56626 Andernach – Alemanha",Fonte de Compostos fenólicos de Opuntia ficus-indica,Não foi aprovada alegação de propriedade funcional nem de saúde para o ingrediente,"A advertência ""Este produto não deve ser consumido por gestantes, lactantes e crianças."" deve constar na rotulagem do produto.",
Extrato de polpa de oliva (Olea europaea L.),,Para esse constituinte foram aprovadas as especificações do fabricante: Indena SAS - França,Fonte de Compostos fenólicos de Extrato de polpa de oliva (Olea europaea L.),Não autorizada alegação de propriedade funcional e/ou saúde para esse ingrediente.,"A advertência “Este produto não deve ser consumido por gestantes, lactantes e crianças.” deve constar na rotulagem do produto.",
Extrato de polpa de oliva (Olea europaea L.),,Para esse constituinte foram aprovadas as especificações do fabricante: Indena SAS - França,Fonte de hidroxitirosol,Não autorizada alegação de propriedade funcional e/ou saúde para esse ingrediente.,"A advertência “Este produto não deve ser consumido por gestantes, lactantes e crianças.” deve constar na rotulagem do produto.",
Extrato de polpa de oliva (Olea europaea L.),,Para esse constituinte foram aprovadas as especificações do fabricante: Indena SAS - França,Fonte de verbascosídeo,Não autorizada alegação de propriedade funcional e/ou saúde para esse ingrediente.,"A advertência “Este produto não deve ser consumido por gestantes, lactantes e crianças.” deve constar na rotulagem do produto.",
Extrato de própolis,,"Instrução Normativa Nº 3, DE 19 DE JANEIRO DE 2001",Fonte de Compostos fenólicos,Não autorizada alegação de propriedade funcional e/ou saúde para esse ingrediente.,"A advertência ""Este produto não deve ser consumido por gestantes, lactantes e crianças"" deve constar na rotulagem do produto.",
Extrato de rizomas de Curcuma longa, 84775-52-0,USP 2021 (Curcuminoids),Fonte de curcumina,Não autorizada alegação de propriedade funcional e/ou saúde para esse ingrediente.,"A advertência “Este produto não deve ser consumido por gestantes, lactantes, crianças, pessoas com doenças hepáticas, biliares ou com úlceras gástricas. Pessoas com enfermidades e/ou sob o uso de medicamentos, consulte seu médico."" deve constar na rotulagem do produto.",
Extrato de semente de feno grego ( Trigonella foenum- graecum L.),84625-40-1,"Para este constituinte foram aprovadas as especificações do fabricante: lndus Biotech Private Limited. Pune, India.",Fonte de saponinas (glicosídeos de furostanol),Não autorizada alegação de propriedade funcional e/ou saúde para esse ingrediente.,"A advertência “Este produto não deve ser consumido por gestantes, lactantes e crianças.” deve constar na rotulagem do produto.",
Extrato seco de folha da oliva (Olea Europea L) contendo pelo menos 40% de oleuropeína,,"Para este constituinte foram aprovadas as especificações do fabricante: BioActor B.V. Endereço: Gaetano Martinolaan 50, 6229 - Maastricht, Holanda",Fonte de Oleuropeína,Não autorizada alegação de propriedade funcional e/ou saúde para esse ingrediente.,"A advertência ""Este produto não deve ser consumido por gestantes, lactantes e crianças."" deve constar na rotulagem do produto.",
Extrato seco de jabuticaba,,"Descrição/Definição: Extrato seco obtido por extração hidroalcóolica da casca de jaboticaba.

Parâmetros Físico-Químicos
Cor (solução 1% em água): Roxo claro.
Aspecto: Pó homogêneo, livre de impurezas.
Odor: característico
Sabor (solução 1% em água): característico
pH (solução 1% em água): 3,0 - 6,0
Densidade aparente: 0,300 a 0,750 g/cm3
Densidade compactada: 0,300 e 0,750 g/cm3
Umidade: máx. 13%
Solubilidade (em água): solúvel
Cinzas totais: máx. 5,0%
Cinzas insolúveis em ácido (%): máx. 5,0%
Polifenóis (5) cálc. Ác. Gálico: mín. 25 mg/g
Antocianina (cálc. Cianina-3-glucosídeo): mín. 4%
Cianidina-3-glucosídeo: mín. 150 µg/g
Delfinidina-3-glucosídeo: mín. 13 µg/g",Fonte de Antocianinas da casca de jabuticaba,Não foi aprovada alegação de propriedade funcional nem de saúde para o ingrediente,"A advertência “Este produto não deve ser consumido por gestantes, lactantes e crianças.” deve constar na rotulagem do produto.",
Extrato seco de semente de uva,85594-37-2,"Para esse constituinte foram aprovadas as especificações do fabricante: Indena S.A.S., Tours, França",Fonte de proantocianidinas de semente de uva,Não autorizada alegação de propriedade funcional e/ou saúde para esse ingrediente.,"A advertência “Este produto não deve ser consumido por gestantes, lactantes e crianças.” deve constar na rotulagem do produto.",
Farinha de ervilha (Pisum sativum L.) com alto teor de proteína,,"Codex Alimentarius General Standard For Vegetable Protein Products (VPP), CXS 174-1989.",Fonte de proteínas,"1) Alegação: Fonte de proteínas. Requisitos: A alegação é restrita aos suplementos alimentares cuja: a) quantidade de proteína atenda aos valores mínimos estabelecidos na IN 28/2018 e suas atualizações; e b) quantidade de aminoácidos essenciais por grama de proteína do produto atenda aos valores mínimos estabelecidos para a proteína de referência, conforme IN 28/2018 e suas atualizações.
2) Alegação: As proteínas auxiliam na formação dos músculos e ossos. Requisitos: A alegação é restrita aos suplementos alimentares cuja: a) quantidade de proteína atenda aos valores mínimos estabelecidos na IN 28/2018 e suas atualizações; e b) quantidade de aminoácidos essenciais por grama de proteína do produto atenda aos valores mínimos estabelecidos para a proteína de referência, conforme IN 28/2018 e suas atualizações.
3) Alegação: Alto conteúdo/Rico em/Alto teor de proteínas. Requisitos: A alegação é restrita aos suplementos alimentares cuja: a) quantidade de proteína corresponda ao dobro dos valores mínimos estabelecidos na IN 28/2018 e suas atualizações; e b) quantidade de aminoácidos essenciais por grama de proteína do produto atenda aos valores mínimos estabelecidos para a proteína de referência, conforme IN 28/2018 e suas atualizações.",Não há requisitos adicionais,
Farinha de fava (Vicia faba L.) com alto teor de proteína,,"Codex Alimentarius General Standard For Vegetable Protein Products (VPP), CXS 174-1989.",Fonte de proteínas,"1) Alegação: Fonte de proteínas. Requisitos: A alegação é restrita aos suplementos alimentares cuja: a) quantidade de proteína atenda aos valores mínimos estabelecidos na IN 28/2018 e suas atualizações; e b) quantidade de aminoácidos essenciais por grama de proteína do produto atenda aos valores mínimos estabelecidos para a proteína de referência, conforme IN 28/2018 e suas atualizações.
2) Alegação: As proteínas auxiliam na formação dos músculos e ossos. Requisitos: A alegação é restrita aos suplementos alimentares cuja: a) quantidade de proteína atenda aos valores mínimos estabelecidos na IN 28/2018 e suas atualizações; e b) quantidade de aminoácidos essenciais por grama de proteína do produto atenda aos valores mínimos estabelecidos para a proteína de referência, conforme IN 28/2018 e suas atualizações.
3) Alegação: Alto conteúdo/Rico em/Alto teor de proteínas. Requisitos: A alegação é restrita aos suplementos alimentares cuja: a) quantidade de proteína corresponda ao dobro dos valores mínimos estabelecidos na IN 28/2018 e suas atualizações; e b) quantidade de aminoácidos essenciais por grama de proteína do produto atenda aos valores mínimos estabelecidos para a proteína de referência, conforme IN 28/2018 e suas atualizações.",Não há requisitos adicionais,
FARINHA DE LENTILHA D'ÁGUA,,"Para este constituinte foram aprovadas as especificações do fabricante: Lemnature AquaFarms USA, Inc. (EUA)","Fonte de fibras alimentares, proteína e manganês.",Não foi aprovada alegação de propriedade funcional nem de saúde para o ingrediente,"A advertência “Este produto não deve ser consumido por gestantes, lactantes e
crianças.” deve constar na rotulagem do produto.",
Farinha de mandioca com alto teor de fibras,,"Para este constituinte foram aprovadas as especificações do fabricante: Fibervita Processamento de Alimentos Ltda, localizada em Cidade Chapecó/SC, Brasil.",Fonte de fibras alimentares,"1) Alegação: As fibras alimentares auxiliam no funcionamento do intestino.
Requisitos: As alegações são restritas aos suplementos alimentares cuja quantidade de fibras alimentares atenda aos valores mínimos estabelecidos na IN 28/2018 e suas atualizações.
2) Alegação: Fonte de fibras. Requisitos: As alegações são restritas aos suplementos alimentares cuja quantidade de fibras alimentares atenda aos valores mínimos estabelecidos na IN 28/2018 e suas atualizações.",Não há requisitos adicionais,
Ferro carbonila,7439-89-6,"FCC

USP-NF",Fonte de Ferro,"1)Alegação: O ferro auxilia na formação das células vermelhas do sangue. Requisitos: As alegações são restritas aos suplementos alimentares cuja quantidade de ferro atenda aos valores mínimos estabelecidos na IN 28/2018 e suas atualizações.
2) Alegação: O ferro auxilia no metabolismo energético. Requisitos: As alegações são restritas aos suplementos alimentares cuja quantidade de ferro atenda aos valores mínimos estabelecidos na IN 28/2018 e suas atualizações.
3) Alegação: O ferro auxilia no transporte do oxigênio no organismo. Requisitos: As alegações são restritas aos suplementos alimentares cuja quantidade de ferro atenda aos valores mínimos estabelecidos na IN 28/2018 e suas atualizações.
4) Alegação: O ferro auxilia no processo de divisão celular. Requisitos: As alegações são restritas aos suplementos alimentares cuja quantidade de ferro atenda aos valores mínimos estabelecidos na IN 28/2018 e suas atualizações.
5) Alegação: O ferro auxilia no funcionamento do sistema imune. Requisitos: As alegações são restritas aos suplementos alimentares cuja quantidade de ferro atenda aos valores mínimos estabelecidos na IN 28/2018 e suas atualizações.
6) Alegação: Fonte de ferro. Requisitos: As alegações são restritas aos suplementos alimentares cuja quantidade de ferro atenda aos valores mínimos estabelecidos na IN 28/2018 e suas atualizações. 
7) Alegação: Alto conteúdo/Rico em/Alto teor de ferro. Requisitos: A alegação é restrita aos suplementos alimentares cuja quantidade de ferro corresponda ao dobro dos valores mínimos estabelecidos na IN 28/2018 e suas atualizações, desde que não ultrapasse o limite máximo estabelecido na IN 28/2018 e suas atualizações.",Não há requisitos adicionais,
Ferro eletrolítico,7439-89-6,FCC,Fonte de Ferro,"1)Alegação: O ferro auxilia na formação das células vermelhas do sangue. Requisitos: As alegações são restritas aos suplementos alimentares cuja quantidade de ferro atenda aos valores mínimos estabelecidos na IN 28/2018 e suas atualizações.
2) Alegação: O ferro auxilia no metabolismo energético. Requisitos: As alegações são restritas aos suplementos alimentares cuja quantidade de ferro atenda aos valores mínimos estabelecidos na IN 28/2018 e suas atualizações.
3) Alegação: O ferro auxilia no transporte do oxigênio no organismo. Requisitos: As alegações são restritas aos suplementos alimentares cuja quantidade de ferro atenda aos valores mínimos estabelecidos na IN 28/2018 e suas atualizações.
4) Alegação: O ferro auxilia no processo de divisão celular. Requisitos: As alegações são restritas aos suplementos alimentares cuja quantidade de ferro atenda aos valores mínimos estabelecidos na IN 28/2018 e suas atualizações.
5) Alegação: O ferro auxilia no funcionamento do sistema imune. Requisitos: As alegações são restritas aos suplementos alimentares cuja quantidade de ferro atenda aos valores mínimos estabelecidos na IN 28/2018 e suas atualizações.
6) Alegação: Fonte de ferro. Requisitos: As alegações são restritas aos suplementos alimentares cuja quantidade de ferro atenda aos valores mínimos estabelecidos na IN 28/2018 e suas atualizações. 
7) Alegação: Alto conteúdo/Rico em/Alto teor de ferro. Requisitos: A alegação é restrita aos suplementos alimentares cuja quantidade de ferro corresponda ao dobro dos valores mínimos estabelecidos na IN 28/2018 e suas atualizações, desde que não ultrapasse o limite máximo estabelecido na IN 28/2018 e suas atualizações.",Não há requisitos adicionais,
Ferro reduzido por hidrogênio,7439-89-6,FCC,Fonte de Ferro,"1)Alegação: O ferro auxilia na formação das células vermelhas do sangue. Requisitos: As alegações são restritas aos suplementos alimentares cuja quantidade de ferro atenda aos valores mínimos estabelecidos na IN 28/2018 e suas atualizações.
2) Alegação: O ferro auxilia no metabolismo energético. Requisitos: As alegações são restritas aos suplementos alimentares cuja quantidade de ferro atenda aos valores mínimos estabelecidos na IN 28/2018 e suas atualizações.
3) Alegação: O ferro auxilia no transporte do oxigênio no organismo. Requisitos: As alegações são restritas aos suplementos alimentares cuja quantidade de ferro atenda aos valores mínimos estabelecidos na IN 28/2018 e suas atualizações.
4) Alegação: O ferro auxilia no processo de divisão celular. Requisitos: As alegações são restritas aos suplementos alimentares cuja quantidade de ferro atenda aos valores mínimos estabelecidos na IN 28/2018 e suas atualizações.
5) Alegação: O ferro auxilia no funcionamento do sistema imune. Requisitos: As alegações são restritas aos suplementos alimentares cuja quantidade de ferro atenda aos valores mínimos estabelecidos na IN 28/2018 e suas atualizações.
6) Alegação: Fonte de ferro. Requisitos: As alegações são restritas aos suplementos alimentares cuja quantidade de ferro atenda aos valores mínimos estabelecidos na IN 28/2018 e suas atualizações. 
7) Alegação: Alto conteúdo/Rico em/Alto teor de ferro. Requisitos: A alegação é restrita aos suplementos alimentares cuja quantidade de ferro corresponda ao dobro dos valores mínimos estabelecidos na IN 28/2018 e suas atualizações, desde que não ultrapasse o limite máximo estabelecido na IN 28/2018 e suas atualizações.",Não há requisitos adicionais,
Fibra da casca de aveia,,"Para esse constituinte foram aprovadas as especificações do fabricante: J. Rettermaier & Söhne GMBH CO KG, Alemanha",Fonte de fibras alimentares,"1) Alegação: As fibras alimentares auxiliam no funcionamento do intestino.
Requisitos: As alegações são restritas aos suplementos alimentares cuja quantidade de fibras alimentares atenda aos valores mínimos estabelecidos na IN 28/2018 e suas atualizações.
2) Alegação: Fonte de fibras. Requisitos: As alegações são restritas aos suplementos alimentares cuja quantidade de fibras alimentares atenda aos valores mínimos estabelecidos na IN 28/2018 e suas atualizações.",Não há requisitos adicionais,
FIBRA DA CASCA DE MAÇÃ,,"Para esse constituinte foram aprovadas as especificações do fabricante: J. Rettermaier & Söhne GMBH CO KG, Alemanha",Fonte de fibras alimentares,"1) Alegação: As fibras alimentares auxiliam no funcionamento do intestino.
Requisitos: As alegações são restritas aos suplementos alimentares cuja quantidade de fibras alimentares atenda aos valores mínimos estabelecidos na IN 28/2018 e suas atualizações.
2) Alegação: Fonte de fibras. Requisitos: As alegações são restritas aos suplementos alimentares cuja quantidade de fibras alimentares atenda aos valores mínimos estabelecidos na IN 28/2018 e suas atualizações.",Não há requisitos adicionais,
Fibra de beterraba,,FCC,Fonte de fibras alimentares,"1) Alegação: As fibras alimentares auxiliam no funcionamento do intestino.
Requisitos: As alegações são restritas aos suplementos alimentares cuja quantidade de fibras alimentares atenda aos valores mínimos estabelecidos na IN 28/2018 e suas atualizações.
2) Alegação: Fonte de fibras. Requisitos: As alegações são restritas aos suplementos alimentares cuja quantidade de fibras alimentares atenda aos valores mínimos estabelecidos na IN 28/2018 e suas atualizações.",Não há requisitos adicionais,
Fibras cítricas,,"Descrição/Definição: Produto em pó obtido de cascas de frutas cítricas (limão e laranja) que passam por etapas de lavagem com ácido e solvente, seguidas por secagem e moagem mecânica

Parâmetros Físico-químicos:
Fibra Alimentar: mín. 70% (base seca)
Perda da Secagem: máx. 12%
Cinzas: máx. 5,0%
pH: mín. 3,2 e máx 5,5
Tamanho de partículas: máx. 5,0% em peneira de 0,25 mm (60 mesh)
Capacidade de retenção de água: mín. 6,0 (g/g)
Etanol residual: máx. 0,5 (%)

Contaminantes:
Chumbo: máx. 1,0 mg/kg
Arsênio: máx. 1,0 mg/kg",Fonte de fibras alimentares em suplementos alimentares,Não foi aprovada alegação de propriedade funcional nem de saúde para o ingrediente,"A advertência ""Este produto não deve ser consumido por crianças abaixo de 4 anos, gestantes e lactantes."" deve constar na rotulagem do produto.",
Fitase de Aspergillus niger,37288-11-2,"FCC 

77th JECFA (2013), FAO JECFA MONOGRAPHS 14 (2013)",Fonte da enzima Fitase,1) Alegação: A fitase auxilia na absorção de ferro presente em alimentos de origem vegetal. Requisitos: A alegação é restrita aos suplementos alimentares cuja quantidade de fitase atenda aos valores mínimos estabelecidos na IN 28/2018 e suas atualizações.,"A orientação de consumo imediatamente antes ou concomitante a alimentos contendo fitato (por exemplo, produtos integrais e produtos à base de cereais ou leguminosas) deve constar na rotulagem do produto.
A informação que não pode ser adicionado a alimentos quentes (temperatura
acima de 60°C), quando necessite de diluição ou preparo com outros alimentos, deve constar na rotulagem do produto. A advertência ""Este produto não deve ser consumido por gestantes, lactantes e crianças"" deve constar na rotulagem do produto.",
Fitoesterois de árvores de coníferas (Coniferophyta ou Pinophyta),,European pharmacopoeia 9.0,Fonte de fitoesterois e fitoestanois,"1) Alegação:  Os fitoesterois/fitoestanois auxiliam na redução da absorção de colesterol. Requisitos: A alegação é restrita aos suplementos alimentares em cápsulas, comprimidos e tabletes de rápida desintegração cuja quantidade de fitoesterois atenda aos valores mínimos estabelecidos na IN 28/2018 e suas atualizações.
Não é permitida a alegação caso o suplemento alimentar possua associação de ingredientes fontes de fitoesterois com ingredientes fontes de ácidos graxos ômega 3.","A advertência ""Este produto não deve ser consumido por gestantes, lactantes e crianças"" deve constar na rotulagem do produto.",
"Fitoesterois de óleos de semente de soja, canola, colza, milho, palma, algodão, girassol ou linhaça",,FCC,Fonte de fitoesterois e fitoestanois,"1) Alegação:  Os fitoesterois/fitoestanois auxiliam na redução da absorção de colesterol. Requisitos: A alegação é restrita aos suplementos alimentares em cápsulas, comprimidos e tabletes de rápida desintegração cuja quantidade de fitoesterois atenda aos valores mínimos estabelecidos na IN 28/2018 e suas atualizações.
Não é permitida a alegação caso o suplemento alimentar possua associação de ingredientes fontes de fitoesterois com ingredientes fontes de ácidos graxos ômega 3.","A advertência ""Este produto não deve ser consumido por gestantes, lactantes e crianças"" deve constar na rotulagem do produto.",
Fitoesterois de óleos de soja ou de pinheiro,,FCC,Fonte de fitoesterois e fitoestanois,"1) Alegação:  Os fitoesterois/fitoestanois auxiliam na redução da absorção de colesterol. Requisitos: A alegação é restrita aos suplementos alimentares em cápsulas, comprimidos e tabletes de rápida desintegração cuja quantidade de fitoesterois atenda aos valores mínimos estabelecidos na IN 28/2018 e suas atualizações.
Não é permitida a alegação caso o suplemento alimentar possua associação de ingredientes fontes de fitoesterois com ingredientes fontes de ácidos graxos ômega 3.","A advertência ""Este produto não deve ser consumido por gestantes, lactantes e crianças"" deve constar na rotulagem do produto.",
Fitoesterois livres e esterificados obtidos de árvores coníferas (Pinus elliottiiePinus taeda),,European pharmacopoeia 9.0,Fonte de fitoesterois e fitoestanois,"1) Alegação:  Os fitoesterois/fitoestanois auxiliam na redução da absorção de colesterol. Requisitos: A alegação é restrita aos suplementos alimentares em cápsulas, comprimidos e tabletes de rápida desintegração cuja quantidade de fitoesterois atenda aos valores mínimos estabelecidos na IN 28/2018 e suas atualizações.
Não é permitida a alegação caso o suplemento alimentar possua associação de ingredientes fontes de fitoesterois com ingredientes fontes de ácidos graxos ômega 3.","A advertência ""Este produto não deve ser consumido por gestantes, lactantes e crianças"" deve constar na rotulagem do produto.",
Fitoesterol dispersível de Pinus MaritimaL.,,FCC,Fonte de fitoesterois e fitoestanois,"1) Alegação:  Os fitoesterois/fitoestanois auxiliam na redução da absorção de colesterol. Requisitos: A alegação é restrita aos suplementos alimentares em cápsulas, comprimidos e tabletes de rápida desintegração cuja quantidade de fitoesterois atenda aos valores mínimos estabelecidos na IN 28/2018 e suas atualizações.
Não é permitida a alegação caso o suplemento alimentar possua associação de ingredientes fontes de fitoesterois com ingredientes fontes de ácidos graxos ômega 3.","A advertência ""Este produto não deve ser consumido por gestantes, lactantes e crianças"" deve constar na rotulagem do produto.",
Fitomenadiona,84-80-0,FCC,Fonte de Vitamina K,"1) Alegacão: A vitamina K auxilia na coagulação do sangue. Requisitos: As alegações são restritas aos suplementos alimentares cuja quantidade de vitamina K atenda aos valores mínimos estabelecidos na IN 28/2018 e suas atualizações.
2) Alegação: A vitamina K auxilia na manutenção dos ossos. Requisitos: As alegações são restritas aos suplementos alimentares cuja quantidade de vitamina K atenda aos valores mínimos estabelecidos na IN 28/2018 e suas atualizações.
3) Alegação: Fonte de vitamina K. Requisitos: As alegações são restritas aos suplementos alimentares cuja quantidade de vitamina K atenda aos valores mínimos estabelecidos na IN 28/2018 e suas atualizações.
4) Alegação: Alto conteúdo/Rico em/Alto teor de vitamina K.  Requisitos: A alegação é restrita aos suplementos alimentares cuja quantidade de vitamina K corresponda ao dobro dos valores mínimos estabelecidos na IN 28/2018 e suas atualizações, desde que não ultrapasse o limite máximo estabelecido.",Não há requisitos adicionais,
Fitonadiona (Vitamina K1),81818-54-4,"FCC 

USP-NF",Fonte de Vitamina K,"1) Alegacão: A vitamina K auxilia na coagulação do sangue. Requisitos: As alegações são restritas aos suplementos alimentares cuja quantidade de vitamina K atenda aos valores mínimos estabelecidos na IN 28/2018 e suas atualizações.
2) Alegação: A vitamina K auxilia na manutenção dos ossos. Requisitos: As alegações são restritas aos suplementos alimentares cuja quantidade de vitamina K atenda aos valores mínimos estabelecidos na IN 28/2018 e suas atualizações.
3) Alegação: Fonte de vitamina K. Requisitos: As alegações são restritas aos suplementos alimentares cuja quantidade de vitamina K atenda aos valores mínimos estabelecidos na IN 28/2018 e suas atualizações.
4) Alegação: Alto conteúdo/Rico em/Alto teor de vitamina K.  Requisitos: A alegação é restrita aos suplementos alimentares cuja quantidade de vitamina K corresponda ao dobro dos valores mínimos estabelecidos na IN 28/2018 e suas atualizações, desde que não ultrapasse o limite máximo estabelecido.",Não há requisitos adicionais,
Fosfatidilserina de lecitina de soja,84776-79-4,"Para esse contituínte foram aprovadas as especificações dos fabricantes: 1) Enzymotec Ltd - Kfar-Baruch - Israel. 2) ECA HealthCare Inc. - 
Zhejiang, China.",Fonte de fosfatidilserina,Não autorizada alegação de propriedade funcional e/ou saúde para esse ingrediente.,"A advertência ""Este produto não deve ser consumido por gestantes, lactantes e crianças"" deve constar na rotulagem do produto.",
Fosfato de amônio ferroso,10101-60-7,"FCC 

EFSA Journal 2010;8(5):1584

 71st JECFA (2009), FAO JECFA MONOGRAPHS 1 (2006)",Fonte de Ferro,"1)Alegação: O ferro auxilia na formação das células vermelhas do sangue. Requisitos: As alegações são restritas aos suplementos alimentares cuja quantidade de ferro atenda aos valores mínimos estabelecidos na IN 28/2018 e suas atualizações.
2) Alegação: O ferro auxilia no metabolismo energético. Requisitos: As alegações são restritas aos suplementos alimentares cuja quantidade de ferro atenda aos valores mínimos estabelecidos na IN 28/2018 e suas atualizações.
3) Alegação: O ferro auxilia no transporte do oxigênio no organismo. Requisitos: As alegações são restritas aos suplementos alimentares cuja quantidade de ferro atenda aos valores mínimos estabelecidos na IN 28/2018 e suas atualizações.
4) Alegação: O ferro auxilia no processo de divisão celular. Requisitos: As alegações são restritas aos suplementos alimentares cuja quantidade de ferro atenda aos valores mínimos estabelecidos na IN 28/2018 e suas atualizações.
5) Alegação: O ferro auxilia no funcionamento do sistema imune. Requisitos: As alegações são restritas aos suplementos alimentares cuja quantidade de ferro atenda aos valores mínimos estabelecidos na IN 28/2018 e suas atualizações.
6) Alegação: Fonte de ferro. Requisitos: As alegações são restritas aos suplementos alimentares cuja quantidade de ferro atenda aos valores mínimos estabelecidos na IN 28/2018 e suas atualizações. 
7) Alegação: Alto conteúdo/Rico em/Alto teor de ferro. Requisitos: A alegação é restrita aos suplementos alimentares cuja quantidade de ferro corresponda ao dobro dos valores mínimos estabelecidos na IN 28/2018 e suas atualizações, desde que não ultrapasse o limite máximo estabelecido na IN 28/2018 e suas atualizações.",Não há requisitos adicionais,
Fosfato de cálcio dibásico diidratado,7789-77-7,"FCC 

European pharmacopoeia 9.0",Fonte de Cálcio,"1) Alegação: O cálcio auxilia na formação e manutenção de ossos e dentes. Requisito: As alegações são restritas aos suplementos alimentares cuja quantidade de cálcio atenda aos valores mínimos estabelecidos na IN 28/2018 e suas atualizações.
2) Alegação: O cálcio auxilia na coagulação do sangue. Requisito: As alegações são restritas aos suplementos alimentares cuja quantidade de cálcio atenda aos valores mínimos estabelecidos na IN 28/2018 e suas atualizações.
3) Alegação: O cálcio auxilia no funcionamento muscular. Requisito: As alegações são restritas aos suplementos alimentares cuja quantidade de cálcio atenda aos valores mínimos estabelecidos na IN 28/2018 e suas atualizações.
4) Alegação: O cálcio auxilia no funcionamento neuromuscular. Requisito: As alegações são restritas aos suplementos alimentares cuja quantidade de cálcio atenda aos valores mínimos estabelecidos na IN 28/2018 e suas atualizações.
5) Alegação: O cálcio auxilia no processo de divisão celular. Requisito: As alegações são restritas aos suplementos alimentares cuja quantidade de cálcio atenda aos valores mínimos estabelecidos na IN 28/2018 e suas atualizações.
6) Alegação: O cálcio auxilia no metabolismo energético. Requisito: As alegações são restritas aos suplementos alimentares cuja quantidade de cálcio atenda aos valores mínimos estabelecidos na IN 28/2018 e suas atualizações.
7) Alegação: Fonte de cálcio. Requisito: As alegações são restritas aos suplementos alimentares cuja quantidade de cálcio atenda aos valores mínimos estabelecidos na IN 28/2018 e suas atualizações.
8) Realagação: Alto conteúdo/Rico em/Alto teor de cálcio. Requisitos:
A alegação é restrita aos suplementos alimentares cuja quantidade de cálcio corresponda ao dobro dos valores mínimos estabelecidos na IN 28/2018 e suas atualizações, desde que não ultrapasse o limite máximo estabelecido.",Não há requisitos adicionais,
Fosfato de cálcio dibásico/Hidrogênio fosfato de cálcio,7757-93-9,"FCC  

Prepared at the 19th JECFA (1975), published in NMRS 55B (1976) and in FNP 52 (1992). Metals and arsenic specifications revised at the 63rd JECFA (2004). A group  MTDI of 70 mg/kg bw, as phosphorus from all food sources, was established at the 26th JECFA (1982)
 
European pharmacopoeia 9.0",Fonte de Fósforo,"1) Alegação: O fósforo auxilia na formação de ossos e dentes. Requisitos: As alegações são restritas aos suplementos alimentares cuja quantidade de fósforo atenda aos valores mínimos estabelecidos na IN 28/2018 e suas atualizações.
2) Alegação: O fósforo auxilia no metabolismo energético. Requisitos: As alegações são restritas aos suplementos alimentares cuja quantidade de fósforo atenda aos valores mínimos estabelecidos na IN 28/2018 e suas atualizações. 
3) Alegação: O fósforo auxilia no funcionamento das membranas celulares.  Requisitos: As alegações são restritas aos suplementos alimentares cuja quantidade de fósforo atenda aos valores mínimos estabelecidos na IN 28/2018 e suas atualizações. 
4) Alegação: Fonte de fósforo. Requisitos: As alegações são restritas aos suplementos alimentares cuja quantidade de fósforo atenda aos valores mínimos estabelecidos na IN 28/2018 e suas atualizações.
5) Alegação: Alto conteúdo/Rico em/Alto teor de fósforo. Requisitos: A alegação é restrita aos suplementos alimentares cuja quantidade de fósforo corresponda ao dobro dos valores mínimos estabelecidos na IN 28/2018 e suas atualizações, desde que não ultrapasse o limite máximo estabelecido na IN 28/2018 e suas atualizações.",Não há requisitos adicionais,
Fosfato de cálcio dibásico/Hidrogênio fosfato de cálcio,7757-93-9,"FCC 

19th JECFA (1975), NMRS 55B (1976), FNP 52 (1992), FAO JECFA MONOGRAPHS 1 (2006)
 A group  MTDI of 70 mg/kg bw, as phosphorus from all food sources, was established at the 26th JECFA (1982) 

 European pharmacopoeia 9.0",Fonte de Cálcio,"1) Alegação: O cálcio auxilia na formação e manutenção de ossos e dentes. Requisito: As alegações são restritas aos suplementos alimentares cuja quantidade de cálcio atenda aos valores mínimos estabelecidos na IN 28/2018 e suas atualizações.
2) Alegação: O cálcio auxilia na coagulação do sangue. Requisito: As alegações são restritas aos suplementos alimentares cuja quantidade de cálcio atenda aos valores mínimos estabelecidos na IN 28/2018 e suas atualizações.
3) Alegação: O cálcio auxilia no funcionamento muscular. Requisito: As alegações são restritas aos suplementos alimentares cuja quantidade de cálcio atenda aos valores mínimos estabelecidos na IN 28/2018 e suas atualizações.
4) Alegação: O cálcio auxilia no funcionamento neuromuscular. Requisito: As alegações são restritas aos suplementos alimentares cuja quantidade de cálcio atenda aos valores mínimos estabelecidos na IN 28/2018 e suas atualizações.
5) Alegação: O cálcio auxilia no processo de divisão celular. Requisito: As alegações são restritas aos suplementos alimentares cuja quantidade de cálcio atenda aos valores mínimos estabelecidos na IN 28/2018 e suas atualizações.
6) Alegação: O cálcio auxilia no metabolismo energético. Requisito: As alegações são restritas aos suplementos alimentares cuja quantidade de cálcio atenda aos valores mínimos estabelecidos na IN 28/2018 e suas atualizações.
7) Alegação: Fonte de cálcio. Requisito: As alegações são restritas aos suplementos alimentares cuja quantidade de cálcio atenda aos valores mínimos estabelecidos na IN 28/2018 e suas atualizações.
8) Realagação: Alto conteúdo/Rico em/Alto teor de cálcio. Requisitos:
A alegação é restrita aos suplementos alimentares cuja quantidade de cálcio corresponda ao dobro dos valores mínimos estabelecidos na IN 28/2018 e suas atualizações, desde que não ultrapasse o limite máximo estabelecido.",Não há requisitos adicionais,
Fosfato de cálcio monobásico/Dihidrogênio fosfato de cálcio,7758-23-8," 46th JECFA (1996), FNP 52 Add 4 (1996), FAO JECFA MONOGRAPHS 1 (2006)

FCC",Fonte de Fósforo,"1) Alegação: O fósforo auxilia na formação de ossos e dentes. Requisitos: As alegações são restritas aos suplementos alimentares cuja quantidade de fósforo atenda aos valores mínimos estabelecidos na IN 28/2018 e suas atualizações.
2) Alegação: O fósforo auxilia no metabolismo energético. Requisitos: As alegações são restritas aos suplementos alimentares cuja quantidade de fósforo atenda aos valores mínimos estabelecidos na IN 28/2018 e suas atualizações. 
3) Alegação: O fósforo auxilia no funcionamento das membranas celulares.  Requisitos: As alegações são restritas aos suplementos alimentares cuja quantidade de fósforo atenda aos valores mínimos estabelecidos na IN 28/2018 e suas atualizações. 
4) Alegação: Fonte de fósforo. Requisitos: As alegações são restritas aos suplementos alimentares cuja quantidade de fósforo atenda aos valores mínimos estabelecidos na IN 28/2018 e suas atualizações.
5) Alegação: Alto conteúdo/Rico em/Alto teor de fósforo. Requisitos: A alegação é restrita aos suplementos alimentares cuja quantidade de fósforo corresponda ao dobro dos valores mínimos estabelecidos na IN 28/2018 e suas atualizações, desde que não ultrapasse o limite máximo estabelecido na IN 28/2018 e suas atualizações.",Não há requisitos adicionais,
Fosfato de cálcio monobásico/Dihidrogênio fosfato de cálcio,7758-23-8,"46th JECFA (1996), FNP 52 Add 4 (1996), FAO JECFA MONOGRAPHS 1 (2006)

FCC",Fonte de Cálcio,"1) Alegação: O cálcio auxilia na formação e manutenção de ossos e dentes. Requisito: As alegações são restritas aos suplementos alimentares cuja quantidade de cálcio atenda aos valores mínimos estabelecidos na IN 28/2018 e suas atualizações.
2) Alegação: O cálcio auxilia na coagulação do sangue. Requisito: As alegações são restritas aos suplementos alimentares cuja quantidade de cálcio atenda aos valores mínimos estabelecidos na IN 28/2018 e suas atualizações.
3) Alegação: O cálcio auxilia no funcionamento muscular. Requisito: As alegações são restritas aos suplementos alimentares cuja quantidade de cálcio atenda aos valores mínimos estabelecidos na IN 28/2018 e suas atualizações.
4) Alegação: O cálcio auxilia no funcionamento neuromuscular. Requisito: As alegações são restritas aos suplementos alimentares cuja quantidade de cálcio atenda aos valores mínimos estabelecidos na IN 28/2018 e suas atualizações.
5) Alegação: O cálcio auxilia no processo de divisão celular. Requisito: As alegações são restritas aos suplementos alimentares cuja quantidade de cálcio atenda aos valores mínimos estabelecidos na IN 28/2018 e suas atualizações.
6) Alegação: O cálcio auxilia no metabolismo energético. Requisito: As alegações são restritas aos suplementos alimentares cuja quantidade de cálcio atenda aos valores mínimos estabelecidos na IN 28/2018 e suas atualizações.
7) Alegação: Fonte de cálcio. Requisito: As alegações são restritas aos suplementos alimentares cuja quantidade de cálcio atenda aos valores mínimos estabelecidos na IN 28/2018 e suas atualizações.
8) Realagação: Alto conteúdo/Rico em/Alto teor de cálcio. Requisitos:
A alegação é restrita aos suplementos alimentares cuja quantidade de cálcio corresponda ao dobro dos valores mínimos estabelecidos na IN 28/2018 e suas atualizações, desde que não ultrapasse o limite máximo estabelecido.",Não há requisitos adicionais,
Fosfato de cálcio tribásico/Fosfato tricálcico,"12167-74-7

7758-87-4","FCC 

17th JECFA (1973), FNP 4 (1978), FNP 52 (1992), FAO JECFA MONOGRAPHS 1 (2006)
 A group  MTDI of 70 mg/kg bw, as phosphorus from all food sources, was established at the 26th JECFA (1982) 

USP-NF",Fonte de Cálcio,"1) Alegação: O cálcio auxilia na formação e manutenção de ossos e dentes. Requisito: As alegações são restritas aos suplementos alimentares cuja quantidade de cálcio atenda aos valores mínimos estabelecidos na IN 28/2018 e suas atualizações.
2) Alegação: O cálcio auxilia na coagulação do sangue. Requisito: As alegações são restritas aos suplementos alimentares cuja quantidade de cálcio atenda aos valores mínimos estabelecidos na IN 28/2018 e suas atualizações.
3) Alegação: O cálcio auxilia no funcionamento muscular. Requisito: As alegações são restritas aos suplementos alimentares cuja quantidade de cálcio atenda aos valores mínimos estabelecidos na IN 28/2018 e suas atualizações.
4) Alegação: O cálcio auxilia no funcionamento neuromuscular. Requisito: As alegações são restritas aos suplementos alimentares cuja quantidade de cálcio atenda aos valores mínimos estabelecidos na IN 28/2018 e suas atualizações.
5) Alegação: O cálcio auxilia no processo de divisão celular. Requisito: As alegações são restritas aos suplementos alimentares cuja quantidade de cálcio atenda aos valores mínimos estabelecidos na IN 28/2018 e suas atualizações.
6) Alegação: O cálcio auxilia no metabolismo energético. Requisito: As alegações são restritas aos suplementos alimentares cuja quantidade de cálcio atenda aos valores mínimos estabelecidos na IN 28/2018 e suas atualizações.
7) Alegação: Fonte de cálcio. Requisito: As alegações são restritas aos suplementos alimentares cuja quantidade de cálcio atenda aos valores mínimos estabelecidos na IN 28/2018 e suas atualizações.
8) Realagação: Alto conteúdo/Rico em/Alto teor de cálcio. Requisitos:
A alegação é restrita aos suplementos alimentares cuja quantidade de cálcio corresponda ao dobro dos valores mínimos estabelecidos na IN 28/2018 e suas atualizações, desde que não ultrapasse o limite máximo estabelecido.",Não há requisitos adicionais,
Fosfato de cálcio tribásico/Fosfato tricálcico,"12167-74-7

7758-87-4","FCC 

17th JECFA (1973), FNP 4 (1978), FNP 52 (1992), FAO JECFA MONOGRAPHS 1 (2006)

USP-NF",Fonte de Fósforo,"1) Alegação: O fósforo auxilia na formação de ossos e dentes. Requisitos: As alegações são restritas aos suplementos alimentares cuja quantidade de fósforo atenda aos valores mínimos estabelecidos na IN 28/2018 e suas atualizações.
2) Alegação: O fósforo auxilia no metabolismo energético. Requisitos: As alegações são restritas aos suplementos alimentares cuja quantidade de fósforo atenda aos valores mínimos estabelecidos na IN 28/2018 e suas atualizações. 
3) Alegação: O fósforo auxilia no funcionamento das membranas celulares.  Requisitos: As alegações são restritas aos suplementos alimentares cuja quantidade de fósforo atenda aos valores mínimos estabelecidos na IN 28/2018 e suas atualizações. 
4) Alegação: Fonte de fósforo. Requisitos: As alegações são restritas aos suplementos alimentares cuja quantidade de fósforo atenda aos valores mínimos estabelecidos na IN 28/2018 e suas atualizações.
5) Alegação: Alto conteúdo/Rico em/Alto teor de fósforo. Requisitos: A alegação é restrita aos suplementos alimentares cuja quantidade de fósforo corresponda ao dobro dos valores mínimos estabelecidos na IN 28/2018 e suas atualizações, desde que não ultrapasse o limite máximo estabelecido na IN 28/2018 e suas atualizações.",Não há requisitos adicionais,
Fosfato de magnésio dibásico/Hidrogênio fosfato de magnésio,7757-86-0,"26th JECFA (1982), FNP 25 (1982), FNP 52 (1992), FAO JECFA MONOGRAPHS 1 (2006)",Fonte de Fósforo,"1) Alegação: O fósforo auxilia na formação de ossos e dentes. Requisitos: As alegações são restritas aos suplementos alimentares cuja quantidade de fósforo atenda aos valores mínimos estabelecidos na IN 28/2018 e suas atualizações.
2) Alegação: O fósforo auxilia no metabolismo energético. Requisitos: As alegações são restritas aos suplementos alimentares cuja quantidade de fósforo atenda aos valores mínimos estabelecidos na IN 28/2018 e suas atualizações. 
3) Alegação: O fósforo auxilia no funcionamento das membranas celulares.  Requisitos: As alegações são restritas aos suplementos alimentares cuja quantidade de fósforo atenda aos valores mínimos estabelecidos na IN 28/2018 e suas atualizações. 
4) Alegação: Fonte de fósforo. Requisitos: As alegações são restritas aos suplementos alimentares cuja quantidade de fósforo atenda aos valores mínimos estabelecidos na IN 28/2018 e suas atualizações.
5) Alegação: Alto conteúdo/Rico em/Alto teor de fósforo. Requisitos: A alegação é restrita aos suplementos alimentares cuja quantidade de fósforo corresponda ao dobro dos valores mínimos estabelecidos na IN 28/2018 e suas atualizações, desde que não ultrapasse o limite máximo estabelecido na IN 28/2018 e suas atualizações.",Não há requisitos adicionais,
Fosfato de magnésio dibásico/Hidrogênio fosfato de magnésio,7757-86-0,"26th JECFA (1982), FNP 25 (1982), FNP 52 (1992), FAO JECFA MONOGRAPHS 1 (2006)",Fonte de Magnésio,"1) Alegação:O magnésio auxilia na formação de ossos e dentes. Requisitos:  As alegações são restritas aos suplementos alimentares cuja quantidade de magnésio atenda aos valores mínimos estabelecidos na IN 28/2018 e suas atualizações.
2) Alegação: O magnésio auxilia no metabolismo energético. Requisitos:  As alegações são restritas aos suplementos alimentares cuja quantidade de magnésio atenda aos valores mínimos estabelecidos na IN 28/2018 e suas atualizações
3) Alegação: O magnésio auxilia no metabolismo de proteínas, carboidratos e gorduras. Requisitos:  As alegações são restritas aos suplementos alimentares cuja quantidade de magnésio atenda aos valores mínimos estabelecidos na IN 28/2018 e suas atualizações.
4) Alegação: O magnésio auxilia no equilíbrio dos eletrólitos. Requisitos:  As alegações são restritas aos suplementos alimentares cuja quantidade de magnésio atenda aos valores mínimos estabelecidos na IN 28/2018 e suas atualizações.
5) Alegação:  O magnésio auxilia no funcionamento muscular. Requisitos: As alegações são restritas aos suplementos alimentares cuja quantidade de magnésio atenda aos valores mínimos estabelecidos na IN 28/2018 e suas atualizações.
6) Alegação: O magnésio auxilia no funcionamento neuromuscular. Requisitos: As alegações são restritas aos suplementos alimentares cuja quantidade de magnésio atenda aos valores mínimos estabelecidos na IN 28/2018 e suas atualizações.
7) Alegação: O magnésio auxilia no processo de divisão celular. Requisitos: As alegações são restritas aos suplementos alimentares cuja quantidade de magnésio atenda aos valores mínimos estabelecidos na IN 28/2018 e suas atualizações.
8) Alegação: Fonte de magnésio. Requisitos: As alegações são restritas aos suplementos alimentares cuja quantidade de magnésio atenda aos valores mínimos estabelecidos na IN 28/2018 e suas atualizações.
9) Alegação: Alto conteúdo/Rico em/Alto teor de magnésio. Requisitos: A alegação é restrita aos suplementos alimentares cuja quantidade de magnésio corresponda ao dobro dos valores mínimos estabelecidos na IN 28/2018 e suas atualizações, desde que não ultrapasse o limite máximo estabelecido na IN 28/2018 e suas atualizações.",Não há requisitos adicionais,
Fosfato de magnésio tribásico/Fosfato trimagnésico,7757-87-1,"FCC 

USP-NF

17th JECFA (1973), FNP 4 (1978), FNP 52 (1992), FAO JECFA MONOGRAPHS 1 (2006)",Fonte de Magnésio,"1) Alegação:O magnésio auxilia na formação de ossos e dentes. Requisitos:  As alegações são restritas aos suplementos alimentares cuja quantidade de magnésio atenda aos valores mínimos estabelecidos na IN 28/2018 e suas atualizações.
2) Alegação: O magnésio auxilia no metabolismo energético. Requisitos:  As alegações são restritas aos suplementos alimentares cuja quantidade de magnésio atenda aos valores mínimos estabelecidos na IN 28/2018 e suas atualizações
3) Alegação: O magnésio auxilia no metabolismo de proteínas, carboidratos e gorduras. Requisitos:  As alegações são restritas aos suplementos alimentares cuja quantidade de magnésio atenda aos valores mínimos estabelecidos na IN 28/2018 e suas atualizações.
4) Alegação: O magnésio auxilia no equilíbrio dos eletrólitos. Requisitos:  As alegações são restritas aos suplementos alimentares cuja quantidade de magnésio atenda aos valores mínimos estabelecidos na IN 28/2018 e suas atualizações.
5) Alegação:  O magnésio auxilia no funcionamento muscular. Requisitos: As alegações são restritas aos suplementos alimentares cuja quantidade de magnésio atenda aos valores mínimos estabelecidos na IN 28/2018 e suas atualizações.
6) Alegação: O magnésio auxilia no funcionamento neuromuscular. Requisitos: As alegações são restritas aos suplementos alimentares cuja quantidade de magnésio atenda aos valores mínimos estabelecidos na IN 28/2018 e suas atualizações.
7) Alegação: O magnésio auxilia no processo de divisão celular. Requisitos: As alegações são restritas aos suplementos alimentares cuja quantidade de magnésio atenda aos valores mínimos estabelecidos na IN 28/2018 e suas atualizações.
8) Alegação: Fonte de magnésio. Requisitos: As alegações são restritas aos suplementos alimentares cuja quantidade de magnésio atenda aos valores mínimos estabelecidos na IN 28/2018 e suas atualizações.
9) Alegação: Alto conteúdo/Rico em/Alto teor de magnésio. Requisitos: A alegação é restrita aos suplementos alimentares cuja quantidade de magnésio corresponda ao dobro dos valores mínimos estabelecidos na IN 28/2018 e suas atualizações, desde que não ultrapasse o limite máximo estabelecido na IN 28/2018 e suas atualizações.",Não há requisitos adicionais,
Fosfato de magnésio tribásico/Trimagnésio Fosfato,7757-87-1,"FCC 

17th JECFA (1973),FNP 4 (1978), FNP 52 (1992), FAO JECFA MONOGRAPHS 1 (2006) 
 
USP-NF",Fonte de Fósforo,"1) Alegação: O fósforo auxilia na formação de ossos e dentes. Requisitos: As alegações são restritas aos suplementos alimentares cuja quantidade de fósforo atenda aos valores mínimos estabelecidos na IN 28/2018 e suas atualizações.
2) Alegação: O fósforo auxilia no metabolismo energético. Requisitos: As alegações são restritas aos suplementos alimentares cuja quantidade de fósforo atenda aos valores mínimos estabelecidos na IN 28/2018 e suas atualizações. 
3) Alegação: O fósforo auxilia no funcionamento das membranas celulares.  Requisitos: As alegações são restritas aos suplementos alimentares cuja quantidade de fósforo atenda aos valores mínimos estabelecidos na IN 28/2018 e suas atualizações. 
4) Alegação: Fonte de fósforo. Requisitos: As alegações são restritas aos suplementos alimentares cuja quantidade de fósforo atenda aos valores mínimos estabelecidos na IN 28/2018 e suas atualizações.
5) Alegação: Alto conteúdo/Rico em/Alto teor de fósforo. Requisitos: A alegação é restrita aos suplementos alimentares cuja quantidade de fósforo corresponda ao dobro dos valores mínimos estabelecidos na IN 28/2018 e suas atualizações, desde que não ultrapasse o limite máximo estabelecido na IN 28/2018 e suas atualizações.",Não há requisitos adicionais,
Fosfato de piridoxal,54-47-7,"The EFSA Journal (2008) 760, 1-13",Fonte de vitamina B6,"1) Alegação: A vitamina B6 auxilia na formação das células vermelhas do sangue. Requisitos: As alegações são restritas aos suplementos alimentares cuja quantidade de vitamina B6 atenda aos valores mínimos estabelecidos na IN 28/2018 e suas atualizações. O termo """"piridoxina"""" pode ser usado em substituição ao termo """"vitamina B6"""" nas alegações.
2) Alegação: A vitamina B6 auxilia no funcionamento do sistema imune. Requisitos: As alegações são restritas aos suplementos alimentares cuja quantidade de vitamina B6 atenda aos valores mínimos estabelecidos na IN 28/2018 e suas atualizações. O termo """"piridoxina"""" pode ser usado em substituição ao termo """"vitamina B6"""" nas alegações.
3) Alegação: A vitamina B6 auxilia no metabolismo energético. Requisitos: As alegações são restritas aos suplementos alimentares cuja quantidade de vitamina B6 atenda aos valores mínimos estabelecidos na IN 28/2018 e suas atualizações. O termo """"piridoxina"""" pode ser usado em substituição ao termo """"vitamina B6"""" nas alegações.
4) Alegação:  A vitamina B6 auxilia no metabolismo de proteínas e do glicogênio. Requisitos: As alegações são restritas aos suplementos alimentares cuja quantidade de vitamina B6 atenda aos valores mínimos estabelecidos na IN 28/2018 e suas atualizações. O termo """"piridoxina"""" pode ser usado em substituição ao termo """"vitamina B6"""" nas alegações.
5) Alegação: A vitamina B6 auxilia no metabolismo de proteínas, carboidratos e gorduras. Requisitos: As alegações são restritas aos suplementos alimentares cuja quantidade de vitamina B6 atenda aos valores mínimos estabelecidos na IN 28/2018 e suas atualizações. O termo """"piridoxina"""" pode ser usado em substituição ao termo """"vitamina B6"""" nas alegações.
6) Alegação:  A vitamina B6 auxilia no metabolismo de homocisteína. Requisitos: As alegações são restritas aos suplementos alimentares cuja quantidade de vitamina B6 atenda aos valores mínimos estabelecidos na IN 28/2018 e suas atualizações. O termo """"piridoxina"""" pode ser usado em substituição ao termo """"vitamina B6"""" nas alegações.
7) Alegação: A vitamina B6 auxilia na síntese de cisteína. Requisitos: As alegações são restritas aos suplementos alimentares cuja quantidade de vitamina B6 atenda aos valores mínimos estabelecidos na IN 28/2018 e suas atualizações. O termo """"piridoxina"""" pode ser usado em substituição ao termo """"vitamina B6"""" nas alegações.
8) Alegação: Fonte de vitamina B6. Requisitos:  As alegações são restritas aos suplementos alimentares cuja quantidade de vitamina B6 atenda aos valores mínimos estabelecidos na IN 28/2018 e suas atualizações. O termo """"piridoxina"""" pode ser usado em substituição ao termo """"vitamina B6"""" nas alegações.
9) Alegação:  Alto conteúdo/Rico em/Alto teor de vitamina B6. Requisitos: A alegação é restrita aos suplementos alimentares cuja quantidade de vitamina B6 corresponda ao dobro dos valores mínimos estabelecidos na IN 28/2018 e suas atualizações, desde que não ultrapasse o limite máximo estabelecido na IN 28/2018. O termo """"piridoxina"""" pode ser usado em substituição ao termo """"vitamina B6"""" nas alegações.
10) Alegação: A vitamina B6 auxilia na função normal do sistema nervoso. Requisitos: As alegações são restritas aos suplementos alimentares cuja quantidade de vitamina B6 atenda aos valores mínimos estabelecidos na IN 28/2018 e suas atualizações.  O termo ""piridoxina"" pode ser usado em substituição ao termo ""vitamina B6"" nas alegações.",Não há requisitos adicionais,
Fosfato de potássio dibásico/Hidrogênio fosfato dipotássico,7758-11-4,"FCC 

USP-NF

European phamacopoeia 9.0

Prepared at the 19th JECFA (1975), published in NMRS 55B (1976) and in FNP 52 (1992). Metals and arsenic specifications revised at the 59th JECFA (2002). A group  MTDI of 70 mg/kg bw, as phosphorus from all food sources, was established at the 26th JECFA (1982)",Fonte de Fósforo,"1) Alegação: O fósforo auxilia na formação de ossos e dentes. Requisitos: As alegações são restritas aos suplementos alimentares cuja quantidade de fósforo atenda aos valores mínimos estabelecidos na IN 28/2018 e suas atualizações.
2) Alegação: O fósforo auxilia no metabolismo energético. Requisitos: As alegações são restritas aos suplementos alimentares cuja quantidade de fósforo atenda aos valores mínimos estabelecidos na IN 28/2018 e suas atualizações. 
3) Alegação: O fósforo auxilia no funcionamento das membranas celulares.  Requisitos: As alegações são restritas aos suplementos alimentares cuja quantidade de fósforo atenda aos valores mínimos estabelecidos na IN 28/2018 e suas atualizações. 
4) Alegação: Fonte de fósforo. Requisitos: As alegações são restritas aos suplementos alimentares cuja quantidade de fósforo atenda aos valores mínimos estabelecidos na IN 28/2018 e suas atualizações.
5) Alegação: Alto conteúdo/Rico em/Alto teor de fósforo. Requisitos: A alegação é restrita aos suplementos alimentares cuja quantidade de fósforo corresponda ao dobro dos valores mínimos estabelecidos na IN 28/2018 e suas atualizações, desde que não ultrapasse o limite máximo estabelecido na IN 28/2018 e suas atualizações.",Não há requisitos adicionais,
Fosfato de potássio monobásico/Dihidrogênio fosfato de potássio,7778-77-0,"FCC 

Prepared at the 19th JECFA (1975), published in NMRS 55B (1976) and in FNP 52 (1992). Metals and arsenic specifications revised at the 63rd JECFA (2004). No ADI was established, but a group MTDI of 70 mg/kg bw, expressed as phosphorus from all food sources, was established at the 26th JECFA (1982). 

European phamacopoeia 9.0

USP-NF",Fonte de Fósforo,"1) Alegação: O fósforo auxilia na formação de ossos e dentes. Requisitos: As alegações são restritas aos suplementos alimentares cuja quantidade de fósforo atenda aos valores mínimos estabelecidos na IN 28/2018 e suas atualizações.
2) Alegação: O fósforo auxilia no metabolismo energético. Requisitos: As alegações são restritas aos suplementos alimentares cuja quantidade de fósforo atenda aos valores mínimos estabelecidos na IN 28/2018 e suas atualizações. 
3) Alegação: O fósforo auxilia no funcionamento das membranas celulares.  Requisitos: As alegações são restritas aos suplementos alimentares cuja quantidade de fósforo atenda aos valores mínimos estabelecidos na IN 28/2018 e suas atualizações. 
4) Alegação: Fonte de fósforo. Requisitos: As alegações são restritas aos suplementos alimentares cuja quantidade de fósforo atenda aos valores mínimos estabelecidos na IN 28/2018 e suas atualizações.
5) Alegação: Alto conteúdo/Rico em/Alto teor de fósforo. Requisitos: A alegação é restrita aos suplementos alimentares cuja quantidade de fósforo corresponda ao dobro dos valores mínimos estabelecidos na IN 28/2018 e suas atualizações, desde que não ultrapasse o limite máximo estabelecido na IN 28/2018 e suas atualizações.",Não há requisitos adicionais,
Fosfato de potássio tribásico,7778-53-2,"19th JECFA (1975), NMRS 55B (1976), FNP 52 (1992),  FAO JECFA MONOGRAPHS 1 (2006) 

 FCC",Fonte de Fósforo,"1) Alegação: O fósforo auxilia na formação de ossos e dentes. Requisitos: As alegações são restritas aos suplementos alimentares cuja quantidade de fósforo atenda aos valores mínimos estabelecidos na IN 28/2018 e suas atualizações.
2) Alegação: O fósforo auxilia no metabolismo energético. Requisitos: As alegações são restritas aos suplementos alimentares cuja quantidade de fósforo atenda aos valores mínimos estabelecidos na IN 28/2018 e suas atualizações. 
3) Alegação: O fósforo auxilia no funcionamento das membranas celulares.  Requisitos: As alegações são restritas aos suplementos alimentares cuja quantidade de fósforo atenda aos valores mínimos estabelecidos na IN 28/2018 e suas atualizações. 
4) Alegação: Fonte de fósforo. Requisitos: As alegações são restritas aos suplementos alimentares cuja quantidade de fósforo atenda aos valores mínimos estabelecidos na IN 28/2018 e suas atualizações.
5) Alegação: Alto conteúdo/Rico em/Alto teor de fósforo. Requisitos: A alegação é restrita aos suplementos alimentares cuja quantidade de fósforo corresponda ao dobro dos valores mínimos estabelecidos na IN 28/2018 e suas atualizações, desde que não ultrapasse o limite máximo estabelecido na IN 28/2018 e suas atualizações.",Não há requisitos adicionais,
Fosfato de sódio dibásico/Hidrogênio fosfato dissódico,7558-79-4,"FCC 

19th JECFA (1975), NMRS 55B (1976), FNP 52 (1992), FAO JECFA MONOGRAPHS 1 (2006)","Fonte de Fósforo
Fonte de Sódio","1) Alegação: O fósforo auxilia na formação de ossos e dentes. Requisitos: As alegações são restritas aos suplementos alimentares cuja quantidade de fósforo atenda aos valores mínimos estabelecidos na IN 28/2018 e suas atualizações.
2) Alegação: O fósforo auxilia no metabolismo energético. Requisitos: As alegações são restritas aos suplementos alimentares cuja quantidade de fósforo atenda aos valores mínimos estabelecidos na IN 28/2018 e suas atualizações. 
3) Alegação: O fósforo auxilia no funcionamento das membranas celulares.  Requisitos: As alegações são restritas aos suplementos alimentares cuja quantidade de fósforo atenda aos valores mínimos estabelecidos na IN 28/2018 e suas atualizações. 
4) Alegação: Fonte de fósforo. Requisitos: As alegações são restritas aos suplementos alimentares cuja quantidade de fósforo atenda aos valores mínimos estabelecidos na IN 28/2018 e suas atualizações.
5) Alegação: Alto conteúdo/Rico em/Alto teor de fósforo. Requisitos: A alegação é restrita aos suplementos alimentares cuja quantidade de fósforo corresponda ao dobro dos valores mínimos estabelecidos na IN 28/2018 e suas atualizações, desde que não ultrapasse o limite máximo estabelecido na IN 28/2018 e suas atualizações.","Constituinte permitido apenas para suplementos líquidos de carboidratos e eletrólitos, desde que o produto contenha, no mínimo, 460 miligramas de sódio por litro e, no máximo, 1.150 miligramas de sódio por litro.",
Fosfato de sódio monobásico/Dihidrogênio fosfato de sódio,7558-80-7,"7th JECFA (1963), NMRS 35 (1964), FNP 52 (1992), FAO JECFA MONOGRAPHS 1 (2006)

 FCC",Fonte de Fósforo,"1) Alegação: O fósforo auxilia na formação de ossos e dentes. Requisitos: As alegações são restritas aos suplementos alimentares cuja quantidade de fósforo atenda aos valores mínimos estabelecidos na IN 28/2018 e suas atualizações.
2) Alegação: O fósforo auxilia no metabolismo energético. Requisitos: As alegações são restritas aos suplementos alimentares cuja quantidade de fósforo atenda aos valores mínimos estabelecidos na IN 28/2018 e suas atualizações. 
3) Alegação: O fósforo auxilia no funcionamento das membranas celulares.  Requisitos: As alegações são restritas aos suplementos alimentares cuja quantidade de fósforo atenda aos valores mínimos estabelecidos na IN 28/2018 e suas atualizações. 
4) Alegação: Fonte de fósforo. Requisitos: As alegações são restritas aos suplementos alimentares cuja quantidade de fósforo atenda aos valores mínimos estabelecidos na IN 28/2018 e suas atualizações.
5) Alegação: Alto conteúdo/Rico em/Alto teor de fósforo. Requisitos: A alegação é restrita aos suplementos alimentares cuja quantidade de fósforo corresponda ao dobro dos valores mínimos estabelecidos na IN 28/2018 e suas atualizações, desde que não ultrapasse o limite máximo estabelecido na IN 28/2018 e suas atualizações.","Constituinte permitido apenas para suplementos líquidos de carboidratos e eletrólitos, desde que o produto contenha, no mínimo, 460 miligramas de sódio por litro e, no máximo, 1.150 miligramas de sódio por litro.",
Fosfato de sódio tribásico/Fosfato trissódico,7601-54-9," FCC

USP-NF

19th JECFA (1975), NMRS 55B (1976),
FNP 52 (1992), FAO JECFA MONOGRAPHS 1 (2006)",Fonte de Fósforo,"1) Alegação: O fósforo auxilia na formação de ossos e dentes. Requisitos: As alegações são restritas aos suplementos alimentares cuja quantidade de fósforo atenda aos valores mínimos estabelecidos na IN 28/2018 e suas atualizações.
2) Alegação: O fósforo auxilia no metabolismo energético. Requisitos: As alegações são restritas aos suplementos alimentares cuja quantidade de fósforo atenda aos valores mínimos estabelecidos na IN 28/2018 e suas atualizações. 
3) Alegação: O fósforo auxilia no funcionamento das membranas celulares.  Requisitos: As alegações são restritas aos suplementos alimentares cuja quantidade de fósforo atenda aos valores mínimos estabelecidos na IN 28/2018 e suas atualizações. 
4) Alegação: Fonte de fósforo. Requisitos: As alegações são restritas aos suplementos alimentares cuja quantidade de fósforo atenda aos valores mínimos estabelecidos na IN 28/2018 e suas atualizações.
5) Alegação: Alto conteúdo/Rico em/Alto teor de fósforo. Requisitos: A alegação é restrita aos suplementos alimentares cuja quantidade de fósforo corresponda ao dobro dos valores mínimos estabelecidos na IN 28/2018 e suas atualizações, desde que não ultrapasse o limite máximo estabelecido na IN 28/2018 e suas atualizações.","Constituinte permitido apenas para suplementos líquidos de carboidratos e eletrólitos, desde que o produto contenha, no mínimo, 460 miligramas de sódio por litro e, no máximo, 1.150 miligramas de sódio por litro.",
Fosfato ferroso,10028-23-6,"The EFSA Journal (2009) 951, 1-13",Fonte de Ferro,"1)Alegação: O ferro auxilia na formação das células vermelhas do sangue. Requisitos: As alegações são restritas aos suplementos alimentares cuja quantidade de ferro atenda aos valores mínimos estabelecidos na IN 28/2018 e suas atualizações.
2) Alegação: O ferro auxilia no metabolismo energético. Requisitos: As alegações são restritas aos suplementos alimentares cuja quantidade de ferro atenda aos valores mínimos estabelecidos na IN 28/2018 e suas atualizações.
3) Alegação: O ferro auxilia no transporte do oxigênio no organismo. Requisitos: As alegações são restritas aos suplementos alimentares cuja quantidade de ferro atenda aos valores mínimos estabelecidos na IN 28/2018 e suas atualizações.
4) Alegação: O ferro auxilia no processo de divisão celular. Requisitos: As alegações são restritas aos suplementos alimentares cuja quantidade de ferro atenda aos valores mínimos estabelecidos na IN 28/2018 e suas atualizações.
5) Alegação: O ferro auxilia no funcionamento do sistema imune. Requisitos: As alegações são restritas aos suplementos alimentares cuja quantidade de ferro atenda aos valores mínimos estabelecidos na IN 28/2018 e suas atualizações.
6) Alegação: Fonte de ferro. Requisitos: As alegações são restritas aos suplementos alimentares cuja quantidade de ferro atenda aos valores mínimos estabelecidos na IN 28/2018 e suas atualizações. 
7) Alegação: Alto conteúdo/Rico em/Alto teor de ferro. Requisitos: A alegação é restrita aos suplementos alimentares cuja quantidade de ferro corresponda ao dobro dos valores mínimos estabelecidos na IN 28/2018 e suas atualizações, desde que não ultrapasse o limite máximo estabelecido na IN 28/2018 e suas atualizações.",Não há requisitos adicionais,
Fosfolipídios de ovos,,Para este constituinte foram aprovadas as especificações do fabricante: Polaris – Pleuven – França;,"Fonte de Lipídeos
Fonte de Ácido linoleico n-6
Ácido  alfa-linolênico n-3",Não autorizada alegação de propriedade funcional e/ou saúde para esse ingrediente.,Não há requisitos adicionais,
Frutoborato de cálcio,,EFSA,Fonte de Boro,Não autorizada alegação de propriedade funcional e/ou saúde para esse ingrediente.,"A advertência “Este produto não deve ser consumido por
gestantes, lactantes e crianças.” deve constar na rotulagem do produto.",
Frutooligossacarídeos (FOS),,FCC,Fonte de fibras alimentares,"1) Alegação: As fibras alimentares auxiliam no funcionamento do intestino.
Requisitos: As alegações são restritas aos suplementos alimentares cuja quantidade de fibras alimentares atenda aos valores mínimos estabelecidos na IN 28/2018 e suas atualizações.
2) Alegação: Fonte de fibras. Requisitos: As alegações são restritas aos suplementos alimentares cuja quantidade de fibras alimentares atenda aos valores mínimos estabelecidos na IN 28/2018 e suas atualizações.",Não há requisitos adicionais,
Fumarato ferroso,141-01-5,"FCC 

European pharmocopoeia 9.0

USP-NF",Fonte de Ferro,"1)Alegação: O ferro auxilia na formação das células vermelhas do sangue. Requisitos: As alegações são restritas aos suplementos alimentares cuja quantidade de ferro atenda aos valores mínimos estabelecidos na IN 28/2018 e suas atualizações.
2) Alegação: O ferro auxilia no metabolismo energético. Requisitos: As alegações são restritas aos suplementos alimentares cuja quantidade de ferro atenda aos valores mínimos estabelecidos na IN 28/2018 e suas atualizações.
3) Alegação: O ferro auxilia no transporte do oxigênio no organismo. Requisitos: As alegações são restritas aos suplementos alimentares cuja quantidade de ferro atenda aos valores mínimos estabelecidos na IN 28/2018 e suas atualizações.
4) Alegação: O ferro auxilia no processo de divisão celular. Requisitos: As alegações são restritas aos suplementos alimentares cuja quantidade de ferro atenda aos valores mínimos estabelecidos na IN 28/2018 e suas atualizações.
5) Alegação: O ferro auxilia no funcionamento do sistema imune. Requisitos: As alegações são restritas aos suplementos alimentares cuja quantidade de ferro atenda aos valores mínimos estabelecidos na IN 28/2018 e suas atualizações.
6) Alegação: Fonte de ferro. Requisitos: As alegações são restritas aos suplementos alimentares cuja quantidade de ferro atenda aos valores mínimos estabelecidos na IN 28/2018 e suas atualizações. 
7) Alegação: Alto conteúdo/Rico em/Alto teor de ferro. Requisitos: A alegação é restrita aos suplementos alimentares cuja quantidade de ferro corresponda ao dobro dos valores mínimos estabelecidos na IN 28/2018 e suas atualizações, desde que não ultrapasse o limite máximo estabelecido na IN 28/2018 e suas atualizações.",Não há requisitos adicionais,
Galactooligossacarídeos (GOS),,Para este constituinte foram aprovadas as especificações dos fabricantes: Warrnambool Dheese and Butter Factory Company Holdings Ltd - Victoria - Austrália; Great Ocean Ingredients Pty Ltd - Victoria - Austrália; Ingredion Korea Incorporated - Kyunggi - Coreia do Sul; Friesland Foods Domo - Holanda; GTC Nutrition - Corns Products Internacional Inc.,Fonte de fibras alimentares,"1) Alegação: As fibras alimentares auxiliam no funcionamento do intestino.
Requisitos: As alegações são restritas aos suplementos alimentares cuja quantidade de fibras alimentares atenda aos valores mínimos estabelecidos na IN 28/2018 e suas atualizações.
2) Alegação: Fonte de fibras. Requisitos: As alegações são restritas aos suplementos alimentares cuja quantidade de fibras alimentares atenda aos valores mínimos estabelecidos na IN 28/2018 e suas atualizações.",Não há requisitos adicionais,
Gelatina,9000-70-8,FCC,Fonte de proteínas,"1) Alegação: Fonte de proteínas. Requisitos: A alegação é restrita aos suplementos alimentares cuja: a) quantidade de proteína atenda aos valores mínimos estabelecidos na IN 28/2018 e suas atualizações; e b) quantidade de aminoácidos essenciais por grama de proteína do produto atenda aos valores mínimos estabelecidos para a proteína de referência, conforme IN 28/2018 e suas atualizações.
2) Alegação: As proteínas auxiliam na formação dos músculos e ossos. Requisitos: A alegação é restrita aos suplementos alimentares cuja: a) quantidade de proteína atenda aos valores mínimos estabelecidos na IN 28/2018 e suas atualizações; e b) quantidade de aminoácidos essenciais por grama de proteína do produto atenda aos valores mínimos estabelecidos para a proteína de referência, conforme IN 28/2018 e suas atualizações.
3) Alegação: Alto conteúdo/Rico em/Alto teor de proteínas. Requisitos: A alegação é restrita aos suplementos alimentares cuja: a) quantidade de proteína corresponda ao dobro dos valores mínimos estabelecidos na IN 28/2018 e suas atualizações; e b) quantidade de aminoácidos essenciais por grama de proteína do produto atenda aos valores mínimos estabelecidos para a proteína de referência, conforme IN 28/2018 e suas atualizações.",Não há requisitos adicionais,
Gelatina hidrolisada/Colágeno hidrolisado,,FCC,Fonte de proteínas,"1) Alegação: Fonte de proteínas. Requisitos: A alegação é restrita aos suplementos alimentares cuja: a) quantidade de proteína atenda aos valores mínimos estabelecidos na IN 28/2018 e suas atualizações; e b) quantidade de aminoácidos essenciais por grama de proteína do produto atenda aos valores mínimos estabelecidos para a proteína de referência, conforme IN 28/2018 e suas atualizações.
2) Alegação: As proteínas auxiliam na formação dos músculos e ossos. Requisitos: A alegação é restrita aos suplementos alimentares cuja: a) quantidade de proteína atenda aos valores mínimos estabelecidos na IN 28/2018 e suas atualizações; e b) quantidade de aminoácidos essenciais por grama de proteína do produto atenda aos valores mínimos estabelecidos para a proteína de referência, conforme IN 28/2018 e suas atualizações.
3) Alegação: Alto conteúdo/Rico em/Alto teor de proteínas. Requisitos: A alegação é restrita aos suplementos alimentares cuja: a) quantidade de proteína corresponda ao dobro dos valores mínimos estabelecidos na IN 28/2018 e suas atualizações; e b) quantidade de aminoácidos essenciais por grama de proteína do produto atenda aos valores mínimos estabelecidos para a proteína de referência, conforme IN 28/2018 e suas atualizações.",Não há requisitos adicionais,
Geleia real,,"Para estes constituintes, aplicam-se somente as especificações estabelecidas na Instrução Normativa nº 3, de 19 de janeiro de 2001, que aprova os regulamentos técnicos de identidade e qualidade de apitoxina, cera de abelha, geleia real, geleia real liofilizada, pólen apícola, própolis e extrato de própolis, e suas atualizações.",Fonte de 10-HDA,Não autorizada alegação de propriedade funcional e/ou saúde para esse ingrediente.,"A advertência ""Este produto não deve ser consumido por gestantes, lactantes e crianças"" deve constar na rotulagem do produto.",
Geleia real liofilizada,,"Para estes constituintes, aplicam-se somente as especificações estabelecidas na Instrução Normativa nº 3, de 19 de janeiro de 2001, que aprova os regulamentos técnicos de identidade e qualidade de apitoxina, cera de abelha, geleia real, geleia real liofilizada, pólen apícola, própolis e extrato de própolis, e suas atualizações.",Fonte de 10-HDA,Não autorizada alegação de propriedade funcional e/ou saúde para esse ingrediente.,"A advertência ""Este produto não deve ser consumido por gestantes, lactantes e crianças"" deve constar na rotulagem do produto.",
Glicerofosfato de cálcio,27214-00-2,"FCC

USP-NF",Fonte de Cálcio,"1) Alegação: O cálcio auxilia na formação e manutenção de ossos e dentes. Requisito: As alegações são restritas aos suplementos alimentares cuja quantidade de cálcio atenda aos valores mínimos estabelecidos na IN 28/2018 e suas atualizações.
2) Alegação: O cálcio auxilia na coagulação do sangue. Requisito: As alegações são restritas aos suplementos alimentares cuja quantidade de cálcio atenda aos valores mínimos estabelecidos na IN 28/2018 e suas atualizações.
3) Alegação: O cálcio auxilia no funcionamento muscular. Requisito: As alegações são restritas aos suplementos alimentares cuja quantidade de cálcio atenda aos valores mínimos estabelecidos na IN 28/2018 e suas atualizações.
4) Alegação: O cálcio auxilia no funcionamento neuromuscular. Requisito: As alegações são restritas aos suplementos alimentares cuja quantidade de cálcio atenda aos valores mínimos estabelecidos na IN 28/2018 e suas atualizações.
5) Alegação: O cálcio auxilia no processo de divisão celular. Requisito: As alegações são restritas aos suplementos alimentares cuja quantidade de cálcio atenda aos valores mínimos estabelecidos na IN 28/2018 e suas atualizações.
6) Alegação: O cálcio auxilia no metabolismo energético. Requisito: As alegações são restritas aos suplementos alimentares cuja quantidade de cálcio atenda aos valores mínimos estabelecidos na IN 28/2018 e suas atualizações.
7) Alegação: Fonte de cálcio. Requisito: As alegações são restritas aos suplementos alimentares cuja quantidade de cálcio atenda aos valores mínimos estabelecidos na IN 28/2018 e suas atualizações.
8) Realagação: Alto conteúdo/Rico em/Alto teor de cálcio. Requisitos:
A alegação é restrita aos suplementos alimentares cuja quantidade de cálcio corresponda ao dobro dos valores mínimos estabelecidos na IN 28/2018 e suas atualizações, desde que não ultrapasse o limite máximo estabelecido.",Não há requisitos adicionais,
Glicerofosfato de magnésio,927-20-8, British Pharmacopoeia,Fonte de Magnésio,"1) Alegação:O magnésio auxilia na formação de ossos e dentes. Requisitos:  As alegações são restritas aos suplementos alimentares cuja quantidade de magnésio atenda aos valores mínimos estabelecidos na IN 28/2018 e suas atualizações.
2) Alegação: O magnésio auxilia no metabolismo energético. Requisitos:  As alegações são restritas aos suplementos alimentares cuja quantidade de magnésio atenda aos valores mínimos estabelecidos na IN 28/2018 e suas atualizações
3) Alegação: O magnésio auxilia no metabolismo de proteínas, carboidratos e gorduras. Requisitos:  As alegações são restritas aos suplementos alimentares cuja quantidade de magnésio atenda aos valores mínimos estabelecidos na IN 28/2018 e suas atualizações.
4) Alegação: O magnésio auxilia no equilíbrio dos eletrólitos. Requisitos:  As alegações são restritas aos suplementos alimentares cuja quantidade de magnésio atenda aos valores mínimos estabelecidos na IN 28/2018 e suas atualizações.
5) Alegação:  O magnésio auxilia no funcionamento muscular. Requisitos: As alegações são restritas aos suplementos alimentares cuja quantidade de magnésio atenda aos valores mínimos estabelecidos na IN 28/2018 e suas atualizações.
6) Alegação: O magnésio auxilia no funcionamento neuromuscular. Requisitos: As alegações são restritas aos suplementos alimentares cuja quantidade de magnésio atenda aos valores mínimos estabelecidos na IN 28/2018 e suas atualizações.
7) Alegação: O magnésio auxilia no processo de divisão celular. Requisitos: As alegações são restritas aos suplementos alimentares cuja quantidade de magnésio atenda aos valores mínimos estabelecidos na IN 28/2018 e suas atualizações.
8) Alegação: Fonte de magnésio. Requisitos: As alegações são restritas aos suplementos alimentares cuja quantidade de magnésio atenda aos valores mínimos estabelecidos na IN 28/2018 e suas atualizações.
9) Alegação: Alto conteúdo/Rico em/Alto teor de magnésio. Requisitos: A alegação é restrita aos suplementos alimentares cuja quantidade de magnésio corresponda ao dobro dos valores mínimos estabelecidos na IN 28/2018 e suas atualizações, desde que não ultrapasse o limite máximo estabelecido na IN 28/2018 e suas atualizações.",Não há requisitos adicionais,
Glicerofosfato de manganês,1320-46-3,FCC,Fonte de Manganês,"1) Alegação: O manganês é um antioxidante que auxilia na proteção dos danos causados pelos radicais livres. Requisitos: As alegações são restritas aos suplementos alimentares cuja quantidade de manganês atenda aos valores mínimos estabelecidos na IN 28/2018 e suas atualizações
2) Alegação: O manganês auxilia na formação de ossos.  Requisitos: As alegações são restritas aos suplementos alimentares cuja quantidade de manganês atenda aos valores mínimos estabelecidos na IN 28/2018 e suas atualizações
3) Alegação: O manganês auxilia no metabolismo energético.  Requisitos: As alegações são restritas aos suplementos alimentares cuja quantidade de manganês atenda aos valores mínimos estabelecidos na IN 28/2018 e suas atualizações
4) Alegação:  O manganês auxilia na manutenção dos tecidos conectivos. Requisitos: As alegações são restritas aos suplementos alimentares cuja quantidade de manganês atenda aos valores mínimos estabelecidos na IN 28/2018 e suas atualizações
5) Alegação: Fonte de manganês.  Requisitos: As alegações são restritas aos suplementos alimentares cuja quantidade de manganês atenda aos valores mínimos estabelecidos na IN 28/2018 e suas atualizações
6) Alegação:  Alto conteúdo/Rico em/Alto teor de manganês. Requisitos: A alegação é restrita aos suplementos alimentares cuja quantidade de manganês corresponda ao dobro dos valores mínimos estabelecidos na IN 28/2018 e suas atualizações, desde que não ultrapasse o limite máximo estabelecido na IN 28/2018 e suas atualizações.",Não há requisitos adicionais,
Glicerofosfato de potássio,1319-70-6,,Fonte de Potássio,Não autorizada alegação de propriedade funcional e/ou saúde para esse ingrediente.,Não há requisitos adicionais,
Glicina,56-40-6,USP-NF,Fonte do aminoácido Glicina,Não autorizada alegação de propriedade funcional e/ou saúde para esse ingrediente.,"A advertência ""Este produto não deve ser consumido por gestantes, lactantes e crianças"" deve constar na rotulagem do produto.",
Glicinato férrico,34369-82-9,Para este constituinte foram aprovadas as especificações do fabricante: Albion Laboratories Inc - Utah - EUA.,Fonte de Ferro,"1)Alegação: O ferro auxilia na formação das células vermelhas do sangue. Requisitos: As alegações são restritas aos suplementos alimentares cuja quantidade de ferro atenda aos valores mínimos estabelecidos na IN 28/2018 e suas atualizações.
2) Alegação: O ferro auxilia no metabolismo energético. Requisitos: As alegações são restritas aos suplementos alimentares cuja quantidade de ferro atenda aos valores mínimos estabelecidos na IN 28/2018 e suas atualizações.
3) Alegação: O ferro auxilia no transporte do oxigênio no organismo. Requisitos: As alegações são restritas aos suplementos alimentares cuja quantidade de ferro atenda aos valores mínimos estabelecidos na IN 28/2018 e suas atualizações.
4) Alegação: O ferro auxilia no processo de divisão celular. Requisitos: As alegações são restritas aos suplementos alimentares cuja quantidade de ferro atenda aos valores mínimos estabelecidos na IN 28/2018 e suas atualizações.
5) Alegação: O ferro auxilia no funcionamento do sistema imune. Requisitos: As alegações são restritas aos suplementos alimentares cuja quantidade de ferro atenda aos valores mínimos estabelecidos na IN 28/2018 e suas atualizações.
6) Alegação: Fonte de ferro. Requisitos: As alegações são restritas aos suplementos alimentares cuja quantidade de ferro atenda aos valores mínimos estabelecidos na IN 28/2018 e suas atualizações. 
7) Alegação: Alto conteúdo/Rico em/Alto teor de ferro. Requisitos: A alegação é restrita aos suplementos alimentares cuja quantidade de ferro corresponda ao dobro dos valores mínimos estabelecidos na IN 28/2018 e suas atualizações, desde que não ultrapasse o limite máximo estabelecido na IN 28/2018 e suas atualizações.",Não há requisitos adicionais,
Gluconato cúprico/Cobre (II) D-gluconato,527-09-3,"FCC 

USP-NF",Fonte de Cobre,"1) Alegação:  O cobre auxilia no funcionamento do sistema imune. Requisitos:  As alegações são restritas aos suplementos alimentares cuja quantidade de cobre atenda aos valores mínimos estabelecidos na IN 28/2018 e suas atualizações.
2) Alegação: O cobre auxilia no metabolismo energético . Requisitos:  As alegações são restritas aos suplementos alimentares cuja quantidade de cobre atenda aos valores mínimos estabelecidos na IN 28/2018 e suas atualizações.
3) Alegação: O cobre contribui para a pigmentação de cabelo e pele. Requisitos:  As alegações são restritas aos suplementos alimentares cuja quantidade de cobre atenda aos valores mínimos estabelecidos na IN 28/2018 e suas atualizações.
4) Alegação: O cobre auxilia no transporte de ferro no organismo. Requisitos:  As alegações são restritas aos suplementos alimentares cuja quantidade de cobre atenda aos valores mínimos estabelecidos na IN 28/2018 e suas atualizações.
5) Alegação: O cobre é um antioxidante que auxilia na proteção dos danos causados pelos radicais livres. Requisitos:  As alegações são restritas aos suplementos alimentares cuja quantidade de cobre atenda aos valores mínimos estabelecidos na IN 28/2018 e suas atualizações.
6) Alegação:  O cobre auxilia na manutenção dos tecidos conjuntivos. Requisitos:  As alegações são restritas aos suplementos alimentares cuja quantidade de cobre atenda aos valores mínimos estabelecidos na IN 28/2018 e suas atualizações.
7) Alegação: Fonte de cobre. Requisitos:  As alegações são restritas aos suplementos alimentares cuja quantidade de cobre atenda aos valores mínimos estabelecidos na IN 28/2018 e suas atualizações.
8) Alegação:  Alto conteúdo/Rico em/Alto teor de cobre. Requisitos: A alegação é restrita aos suplementos alimentares cuja quantidade de cobre corresponda ao dobro dos valores mínimos estabelecidos na IN 28/2018 e suas atualizações, desde que não ultrapasse o limite máximo estabelecido na IN 28/2018 e suas atualizações.",Não há requisitos adicionais,
Gluconato de cálcio,299-28-5,"FCC 

51st JECFA (1998), FNP 52 Add 6 (1998), FAO JECFA MONOGRAPHS 1 (2006)

 USP-NF",Fonte de Cálcio,"1) Alegação: O cálcio auxilia na formação e manutenção de ossos e dentes. Requisito: As alegações são restritas aos suplementos alimentares cuja quantidade de cálcio atenda aos valores mínimos estabelecidos na IN 28/2018 e suas atualizações.
2) Alegação: O cálcio auxilia na coagulação do sangue. Requisito: As alegações são restritas aos suplementos alimentares cuja quantidade de cálcio atenda aos valores mínimos estabelecidos na IN 28/2018 e suas atualizações.
3) Alegação: O cálcio auxilia no funcionamento muscular. Requisito: As alegações são restritas aos suplementos alimentares cuja quantidade de cálcio atenda aos valores mínimos estabelecidos na IN 28/2018 e suas atualizações.
4) Alegação: O cálcio auxilia no funcionamento neuromuscular. Requisito: As alegações são restritas aos suplementos alimentares cuja quantidade de cálcio atenda aos valores mínimos estabelecidos na IN 28/2018 e suas atualizações.
5) Alegação: O cálcio auxilia no processo de divisão celular. Requisito: As alegações são restritas aos suplementos alimentares cuja quantidade de cálcio atenda aos valores mínimos estabelecidos na IN 28/2018 e suas atualizações.
6) Alegação: O cálcio auxilia no metabolismo energético. Requisito: As alegações são restritas aos suplementos alimentares cuja quantidade de cálcio atenda aos valores mínimos estabelecidos na IN 28/2018 e suas atualizações.
7) Alegação: Fonte de cálcio. Requisito: As alegações são restritas aos suplementos alimentares cuja quantidade de cálcio atenda aos valores mínimos estabelecidos na IN 28/2018 e suas atualizações.
8) Realagação: Alto conteúdo/Rico em/Alto teor de cálcio. Requisitos:
A alegação é restrita aos suplementos alimentares cuja quantidade de cálcio corresponda ao dobro dos valores mínimos estabelecidos na IN 28/2018 e suas atualizações, desde que não ultrapasse o limite máximo estabelecido.",Não há requisitos adicionais,
Gluconato de magnésio,3632-91-5,"FCC 

53rd JECFA (1999), FNP 52 Add 7 (1999), FAO JECFA MONOGRAPHS 1 (2006).",Fonte de Magnésio,"1) Alegação:O magnésio auxilia na formação de ossos e dentes. Requisitos:  As alegações são restritas aos suplementos alimentares cuja quantidade de magnésio atenda aos valores mínimos estabelecidos na IN 28/2018 e suas atualizações.
2) Alegação: O magnésio auxilia no metabolismo energético. Requisitos:  As alegações são restritas aos suplementos alimentares cuja quantidade de magnésio atenda aos valores mínimos estabelecidos na IN 28/2018 e suas atualizações
3) Alegação: O magnésio auxilia no metabolismo de proteínas, carboidratos e gorduras. Requisitos:  As alegações são restritas aos suplementos alimentares cuja quantidade de magnésio atenda aos valores mínimos estabelecidos na IN 28/2018 e suas atualizações.
4) Alegação: O magnésio auxilia no equilíbrio dos eletrólitos. Requisitos:  As alegações são restritas aos suplementos alimentares cuja quantidade de magnésio atenda aos valores mínimos estabelecidos na IN 28/2018 e suas atualizações.
5) Alegação:  O magnésio auxilia no funcionamento muscular. Requisitos: As alegações são restritas aos suplementos alimentares cuja quantidade de magnésio atenda aos valores mínimos estabelecidos na IN 28/2018 e suas atualizações.
6) Alegação: O magnésio auxilia no funcionamento neuromuscular. Requisitos: As alegações são restritas aos suplementos alimentares cuja quantidade de magnésio atenda aos valores mínimos estabelecidos na IN 28/2018 e suas atualizações.
7) Alegação: O magnésio auxilia no processo de divisão celular. Requisitos: As alegações são restritas aos suplementos alimentares cuja quantidade de magnésio atenda aos valores mínimos estabelecidos na IN 28/2018 e suas atualizações.
8) Alegação: Fonte de magnésio. Requisitos: As alegações são restritas aos suplementos alimentares cuja quantidade de magnésio atenda aos valores mínimos estabelecidos na IN 28/2018 e suas atualizações.
9) Alegação: Alto conteúdo/Rico em/Alto teor de magnésio. Requisitos: A alegação é restrita aos suplementos alimentares cuja quantidade de magnésio corresponda ao dobro dos valores mínimos estabelecidos na IN 28/2018 e suas atualizações, desde que não ultrapasse o limite máximo estabelecido na IN 28/2018 e suas atualizações.",Não há requisitos adicionais,
Gluconato de manganês,6485-39-8,"FCC 

USP-NF",Fonte de Manganês,"1) Alegação: O manganês é um antioxidante que auxilia na proteção dos danos causados pelos radicais livres. Requisitos: As alegações são restritas aos suplementos alimentares cuja quantidade de manganês atenda aos valores mínimos estabelecidos na IN 28/2018 e suas atualizações
2) Alegação: O manganês auxilia na formação de ossos.  Requisitos: As alegações são restritas aos suplementos alimentares cuja quantidade de manganês atenda aos valores mínimos estabelecidos na IN 28/2018 e suas atualizações
3) Alegação: O manganês auxilia no metabolismo energético.  Requisitos: As alegações são restritas aos suplementos alimentares cuja quantidade de manganês atenda aos valores mínimos estabelecidos na IN 28/2018 e suas atualizações
4) Alegação:  O manganês auxilia na manutenção dos tecidos conectivos. Requisitos: As alegações são restritas aos suplementos alimentares cuja quantidade de manganês atenda aos valores mínimos estabelecidos na IN 28/2018 e suas atualizações
5) Alegação: Fonte de manganês.  Requisitos: As alegações são restritas aos suplementos alimentares cuja quantidade de manganês atenda aos valores mínimos estabelecidos na IN 28/2018 e suas atualizações
6) Alegação:  Alto conteúdo/Rico em/Alto teor de manganês. Requisitos: A alegação é restrita aos suplementos alimentares cuja quantidade de manganês corresponda ao dobro dos valores mínimos estabelecidos na IN 28/2018 e suas atualizações, desde que não ultrapasse o limite máximo estabelecido na IN 28/2018 e suas atualizações.",Não há requisitos adicionais,
Gluconato de potássio,299-27-4,,Fonte de Potássio,Não autorizada alegação de propriedade funcional e/ou saúde para esse ingrediente.,Não há requisitos adicionais,
Gluconato de sódio,527-07-1,"USP-NF 

FCC",Fonte de Sódio,"1) Alegação: Não contém/Livre de/Zero (0 ou 0%) /Sem/Isento de sódio. Requisitos: A alegação é restrita aos suplementos alimentares cuja
recomendação diária do alimento pronto para consumo
forneça no máximo 5 mg de sódio
2) Alegação: Baixo em/Pouco/Baixo teor de/Leve em sódio. Requisitos: A alegação é restrita aos suplementos alimentares cuja
recomendação diária do alimento pronto para consumo
forneça no máximo 40 mg de sódio.",Não há requisitos adicionais,
Gluconato de zinco,4468-02-4.,"USP-NF 

FCC",Fonte de Zinco,"1) Alegação: O zinco é um antioxidante que auxilia na proteção dos danos causados pelos radicais livres. Requisitos: As alegações são restritas aos suplementos alimentares cuja quantidade de zinco atenda aos valores mínimos estabelecidos na IN 28/2018 e suas atualizações.
2) Alegação: O zinco auxilia na visão. Requisitos: As alegações são restritas aos suplementos alimentares cuja quantidade de zinco atenda aos valores mínimos estabelecidos na IN 28/2018 e suas atualizações.
3) Alegação: O zinco auxilia no metabolismo da vitamina A. Requisitos: As alegações são restritas aos suplementos alimentares cuja quantidade de zinco atenda aos valores mínimos estabelecidos na IN 28/2018 e suas atualizações
4) Alegação: O zinco contribui para a manutenção do cabelo, da pele e das unhas. Requisitos: As alegações são restritas aos suplementos alimentares cuja quantidade de zinco atenda aos valores mínimos estabelecidos na IN 28/2018 e suas atualizações
5) Alegação: O zinco auxilia no metabolismo de proteínas, carboidratos e gorduras. Requisitos: As alegações são restritas aos suplementos alimentares cuja quantidade de zinco atenda aos valores mínimos estabelecidos na IN 28/2018 e suas atualizações
6) Alegação: O zinco auxilia na síntese de proteínas. Requisitos: As alegações são restritas aos suplementos alimentares cuja quantidade de zinco atenda aos valores mínimos estabelecidos na IN 28/2018 e suas atualizações.
7) Alegação: O zinco auxilia no processo de divisão celular. Requisitos: As alegações são restritas aos suplementos alimentares cuja quantidade de zinco atenda aos valores mínimos estabelecidos na IN 28/2018 e suas atualizações
8) Alegação: O zinco auxilia na manutenção de ossos. Requisitos: As alegações são restritas aos suplementos alimentares cuja quantidade de zinco atenda aos valores mínimos estabelecidos na IN 28/2018 e suas atualizações
9) Alegação: O zinco auxilia no funcionamento do sistema imune. Requisitos: As alegações são restritas aos suplementos alimentares cuja quantidade de zinco atenda aos valores mínimos estabelecidos na IN 28/2018 e suas atualizações
10) Alegação: Fonte de zinco.Requisitos: As alegações são restritas aos suplementos alimentares cuja quantidade de zinco atenda aos valores mínimos estabelecidos na IN 28/2018 e suas atualizações
11) Alegação: Alto conteúdo/Rico em/Alto teor de zinco. Requisitos: A alegação é restrita aos suplementos alimentares cuja quantidade de zinco corresponda ao dobro dos valores mínimos estabelecidos na IN 28/2018 e suas atualizações, desde que não ultrapasse o limite máximo estabelecido na IN 28/2018 e suas atualizações.",Não há requisitos adicionais,
Gluconato ferroso,299-29-6,"FCC 

53rd JECFA (1999), FNP 52 Add 7 (1999), FAO JECFA MONOGRAPHS 1 (2006)

USP-NF",Fonte de Ferro,"1)Alegação: O ferro auxilia na formação das células vermelhas do sangue. Requisitos: As alegações são restritas aos suplementos alimentares cuja quantidade de ferro atenda aos valores mínimos estabelecidos na IN 28/2018 e suas atualizações.
2) Alegação: O ferro auxilia no metabolismo energético. Requisitos: As alegações são restritas aos suplementos alimentares cuja quantidade de ferro atenda aos valores mínimos estabelecidos na IN 28/2018 e suas atualizações.
3) Alegação: O ferro auxilia no transporte do oxigênio no organismo. Requisitos: As alegações são restritas aos suplementos alimentares cuja quantidade de ferro atenda aos valores mínimos estabelecidos na IN 28/2018 e suas atualizações.
4) Alegação: O ferro auxilia no processo de divisão celular. Requisitos: As alegações são restritas aos suplementos alimentares cuja quantidade de ferro atenda aos valores mínimos estabelecidos na IN 28/2018 e suas atualizações.
5) Alegação: O ferro auxilia no funcionamento do sistema imune. Requisitos: As alegações são restritas aos suplementos alimentares cuja quantidade de ferro atenda aos valores mínimos estabelecidos na IN 28/2018 e suas atualizações.
6) Alegação: Fonte de ferro. Requisitos: As alegações são restritas aos suplementos alimentares cuja quantidade de ferro atenda aos valores mínimos estabelecidos na IN 28/2018 e suas atualizações. 
7) Alegação: Alto conteúdo/Rico em/Alto teor de ferro. Requisitos: A alegação é restrita aos suplementos alimentares cuja quantidade de ferro corresponda ao dobro dos valores mínimos estabelecidos na IN 28/2018 e suas atualizações, desde que não ultrapasse o limite máximo estabelecido na IN 28/2018 e suas atualizações.",Não há requisitos adicionais,
Glutamato de cálcio,19238-49-4,"31st JECFA (1987), FNP 38 (1988), FNP 52 (1992), FAO JECFA MONOGRAPHS 1 (2006)",Fonte do aminoácido Ácido L-Glutâmico,Não autorizada alegação de propriedade funcional e/ou saúde para esse ingrediente.,"A advertência ""Este produto não deve ser consumido por gestantes, lactantes e crianças"" deve constar na rotulagem do produto.

Constituintes permitidos apenas para suplementos líquidos de carboidratos e eletrólitos, desde que o teor de potássio não ultrapasse 700 miligramas por litro.",
Glutamato de potássio,19473-49-5,FCC,Fonte do aminoácido Ácido L-Glutâmico,Não autorizada alegação de propriedade funcional e/ou saúde para esse ingrediente.,"A advertência ""Este produto não deve ser consumido por gestantes, lactantes e crianças"" deve constar na rotulagem do produto.",
Glutationa obtida a partir de fermentação por E. coli W,70-18-8,"Farmacopeias Europeia

Farmacopeia Japonesa

USP-NG",Fonte de glutationa,"1) Alegação: Pessoas sob uso de medicamentos devem consultar o médico antes de consumir este produto""","A advertência ""Este produto não deve ser consumido por gestantes, lactantes e crianças. Pessoas com enfermidades e/ou sob o uso de medicamentos, consulte seu médico"" deve constar na rotulagem do produto.",
Goma acácia ou arábica (Acacia senegalL.),9000-01-05,"FCC 

73rd JECFA (2010), FAO JECFA MONOGRAPHS 7 (2009) 

51st JECFA (1998), FNP 52 Add 6 (1998), FNP 52 Add 7 (1999), 49th JECFA (1997), FNP 52 Add 5 (1997), FAO JECFA MONOGRAPHS 1 (2006)

USP-NF",Fonte de fibras alimentares,"1) Alegação: As fibras alimentares auxiliam no funcionamento do intestino.
Requisitos: As alegações são restritas aos suplementos alimentares cuja quantidade de fibras alimentares atenda aos valores mínimos estabelecidos na IN 28/2018 e suas atualizações.
2) Alegação: Fonte de fibras. Requisitos: As alegações são restritas aos suplementos alimentares cuja quantidade de fibras alimentares atenda aos valores mínimos estabelecidos na IN 28/2018 e suas atualizações.",Não há requisitos adicionais,
Goma guar (Cyamoposis tetragonolobus),9000-30-0,"The EFSA Journal 2017;15(2):4669

FCC

69th JECFA (2008), FAO JECFA MONOGRAPHS 5 (2008)

 USP-NF",Fonte de fibras alimentares,"1) Alegação: As fibras alimentares auxiliam no funcionamento do intestino.
Requisitos: As alegações são restritas aos suplementos alimentares cuja quantidade de fibras alimentares atenda aos valores mínimos estabelecidos na IN 28/2018 e suas atualizações.
2) Alegação: Fonte de fibras. Requisitos: As alegações são restritas aos suplementos alimentares cuja quantidade de fibras alimentares atenda aos valores mínimos estabelecidos na IN 28/2018 e suas atualizações.",Não há requisitos adicionais,
Goma Guar parcialmente hidrolisada,,Para esse constituinte foram aprovadas as especificações do fabricante: Taiyo Kagaku Ltd,Fonte de fibras alimentares,"1) Alegação: As fibras alimentares auxiliam no funcionamento do intestino.
Requisitos: As alegações são restritas aos suplementos alimentares cuja quantidade de fibras alimentares atenda aos valores mínimos estabelecidos na IN 28/2018 e suas atualizações.
2) Alegação: Fonte de fibras. Requisitos: As alegações são restritas aos suplementos alimentares cuja quantidade de fibras alimentares atenda aos valores mínimos estabelecidos na IN 28/2018 e suas atualizações.",Não há requisitos adicionais,
Guaraná em pó (Paullinia cupana),,"USP-NF  

Farmacopeia Brasileira, 6a Edição, PM050-00 (Monografia: Guaraná, semente)",Fonte de Cafeína,"1) Alegação:  A cafeína auxilia no aumento do estado de alerta e na melhora da concentração. Requisitos: A alegação é restrita aos suplementos alimentares cuja quantidade de cafeína atenda aos valores mínimos estabelecidos na IN 28/2018 e suas atualizações.
2) Alegação: A cafeína auxilia no aumento da capacidade de resistência e no desempenho de exercícios físicos de resistência. Requisitos: A alegação é restrita aos suplementos alimentares cuja quantidade recomendada de cafeína seja de 200 mg, consumida uma hora antes do exercício.","A advertência ""Este produto não deve ser consumido por gestantes, lactantes e crianças"" deve constar na rotulagem do produto.",
Hialuronato de Sódio obtido pela fermentação de Streptococcus zooepidemicus,9067-32-7,Farmacopeia Europeia 7° Edição,Fonte de ácido hialurônico,Não autorizada alegação de propriedade funcional e/ou saúde para esse ingrediente.,"A advertência ""Este produto não deve ser consumido por gestantes, lactantes e crianças"" deve constar na rotulagem do produto.",
Hidrolisado da membrana da casca de ovo,,Para esse constituinte foram aprovadas as especificações do fabricante: Biova LLC - EUA,Fonte de Colágeno,Não autorizada alegação de propriedade funcional e/ou saúde para esse ingrediente.,"A advertência ""Este produto não deve ser consumido por indivíduos portadores de alergia à proteína de ovo."" “Este produto não deve ser consumido por gestantes, lactantes e crianças.” deve constar na rotulagem do produto.",Aprovado pela Resolução RE Nº  1113 de 07/04/2022 - Autorizado apenas para os peticionantes até a inclusão na IN 28/2018 e suas atualizações.
Hidrolisado da membrana da casca de ovo,,Para esse constituinte foram aprovadas as especificações do fabricante: Biova LLC - EUA,Fonte de Glicosaminoglicanos,Não autorizada alegação de propriedade funcional e/ou saúde para esse ingrediente.,"A advertência ""Este produto não deve ser consumido por indivíduos portadores de alergia à proteína de ovo."" “Este produto não deve ser consumido por gestantes, lactantes e crianças.” deve constar na rotulagem do produto.",Aprovado pela Resolução RE Nº  1113 de 07/04/2022 - Autorizado apenas para os peticionantes até a inclusão na IN 28/2018 e suas atualizações.
Hidrolisado de pectina de cenoura (Daucus carota sativus) rico em ramnogalacturonano (cRG-I),,"Para este constituinte foram aprovadas as especificações do fabricante: NutriLeads B.V. Wageningen, Países Baixos.",Fonte de Ramnogalacturonano,Não autorizada alegação de propriedade funcional e/ou saúde para esse ingrediente.,"A advertência ""Este produto não deve ser consumido por gestantes, lactantes e crianças."" deve constar na rotulagem do produto.",
Hidrolisado de proteína do leite de vaca,117592-45-7 (alfa-casozepina),Para esse ingrediente foram aprovadas as especificações do fabricante: Ingredia Nutritional - França,Fonte de Alfa-Casozepina,Não autorizada alegação de propriedade funcional e/ou saúde para esse ingrediente.,"A advertência “Este produto não deve ser consumido por gestantes, lactantes e crianças"" deve constar na rotulagem do produto.",
Hidrolisado Proteico de Soro de Leite,,"Para este constituinte foram aprovadas as especificações do fabricante: Ingredia. Saint-Pol-Sur-Ternoise, França.",Fonte de peptídeos bioativos,Não autorizada alegação de propriedade funcional e/ou saúde para esse ingrediente.,"A advertência ""Este produto não deve ser consumido por gestantes, lactantes e crianças.” deve constar na rotulagem do produto.",
Hidróxido de cálcio,1305-62-0,"FCC 

19th JECFA (1975), NMRS 55B (1976), FNP 52 (1992), FAO JECFA MONOGRAPHS 1 (2006)

European pharmacopoeia 9.0

USP-NF",Fonte de Cálcio,"1) Alegação: O cálcio auxilia na formação e manutenção de ossos e dentes. Requisito: As alegações são restritas aos suplementos alimentares cuja quantidade de cálcio atenda aos valores mínimos estabelecidos na IN 28/2018 e suas atualizações.
2) Alegação: O cálcio auxilia na coagulação do sangue. Requisito: As alegações são restritas aos suplementos alimentares cuja quantidade de cálcio atenda aos valores mínimos estabelecidos na IN 28/2018 e suas atualizações.
3) Alegação: O cálcio auxilia no funcionamento muscular. Requisito: As alegações são restritas aos suplementos alimentares cuja quantidade de cálcio atenda aos valores mínimos estabelecidos na IN 28/2018 e suas atualizações.
4) Alegação: O cálcio auxilia no funcionamento neuromuscular. Requisito: As alegações são restritas aos suplementos alimentares cuja quantidade de cálcio atenda aos valores mínimos estabelecidos na IN 28/2018 e suas atualizações.
5) Alegação: O cálcio auxilia no processo de divisão celular. Requisito: As alegações são restritas aos suplementos alimentares cuja quantidade de cálcio atenda aos valores mínimos estabelecidos na IN 28/2018 e suas atualizações.
6) Alegação: O cálcio auxilia no metabolismo energético. Requisito: As alegações são restritas aos suplementos alimentares cuja quantidade de cálcio atenda aos valores mínimos estabelecidos na IN 28/2018 e suas atualizações.
7) Alegação: Fonte de cálcio. Requisito: As alegações são restritas aos suplementos alimentares cuja quantidade de cálcio atenda aos valores mínimos estabelecidos na IN 28/2018 e suas atualizações.
8) Realagação: Alto conteúdo/Rico em/Alto teor de cálcio. Requisitos:
A alegação é restrita aos suplementos alimentares cuja quantidade de cálcio corresponda ao dobro dos valores mínimos estabelecidos na IN 28/2018 e suas atualizações, desde que não ultrapasse o limite máximo estabelecido.",Não há requisitos adicionais,
Hidróxido de magnésio,1309-42-8,"European phamacopoeia 9.0

FCC 

Prepared at the 19th JECFA (1975), published in NMRS 55B (1976) and in FNP 52 (1992). Metals and arsenic specifications revised at the 59th JECFA (2002). An ADI not limited' was established at the 9th JECFA (1965)",Fonte de Magnésio,"1) Alegação:O magnésio auxilia na formação de ossos e dentes. Requisitos:  As alegações são restritas aos suplementos alimentares cuja quantidade de magnésio atenda aos valores mínimos estabelecidos na IN 28/2018 e suas atualizações.
2) Alegação: O magnésio auxilia no metabolismo energético. Requisitos:  As alegações são restritas aos suplementos alimentares cuja quantidade de magnésio atenda aos valores mínimos estabelecidos na IN 28/2018 e suas atualizações
3) Alegação: O magnésio auxilia no metabolismo de proteínas, carboidratos e gorduras. Requisitos:  As alegações são restritas aos suplementos alimentares cuja quantidade de magnésio atenda aos valores mínimos estabelecidos na IN 28/2018 e suas atualizações.
4) Alegação: O magnésio auxilia no equilíbrio dos eletrólitos. Requisitos:  As alegações são restritas aos suplementos alimentares cuja quantidade de magnésio atenda aos valores mínimos estabelecidos na IN 28/2018 e suas atualizações.
5) Alegação:  O magnésio auxilia no funcionamento muscular. Requisitos: As alegações são restritas aos suplementos alimentares cuja quantidade de magnésio atenda aos valores mínimos estabelecidos na IN 28/2018 e suas atualizações.
6) Alegação: O magnésio auxilia no funcionamento neuromuscular. Requisitos: As alegações são restritas aos suplementos alimentares cuja quantidade de magnésio atenda aos valores mínimos estabelecidos na IN 28/2018 e suas atualizações.
7) Alegação: O magnésio auxilia no processo de divisão celular. Requisitos: As alegações são restritas aos suplementos alimentares cuja quantidade de magnésio atenda aos valores mínimos estabelecidos na IN 28/2018 e suas atualizações.
8) Alegação: Fonte de magnésio. Requisitos: As alegações são restritas aos suplementos alimentares cuja quantidade de magnésio atenda aos valores mínimos estabelecidos na IN 28/2018 e suas atualizações.
9) Alegação: Alto conteúdo/Rico em/Alto teor de magnésio. Requisitos: A alegação é restrita aos suplementos alimentares cuja quantidade de magnésio corresponda ao dobro dos valores mínimos estabelecidos na IN 28/2018 e suas atualizações, desde que não ultrapasse o limite máximo estabelecido na IN 28/2018 e suas atualizações.",Não há requisitos adicionais,
Hidróxido de potássio,1310-58-3,"FCC

Prepared at the 19th JECFA (1975), published in NMRS 55B (1976) and in
FNP 52 (1992). Metals and arsenic specifications revised at the 59th
JECFA (2002). An ADI not limited' was established at the 9th JECFA (1965)

PhEur

USP-NF",Fonte de Potássio,Não autorizada alegação de propriedade funcional e/ou saúde para esse ingrediente.,Não há requisitos adicionais,
Hidróxido de sódio,1310-73-2,FCC,Fonte de Sódio,"1) Alegação: Não contém/Livre de/Zero (0 ou 0%) /Sem/Isento de sódio. Requisitos: A alegação é restrita aos suplementos alimentares cuja
recomendação diária do alimento pronto para consumo
forneça no máximo 5 mg de sódio
2) Alegação: Baixo em/Pouco/Baixo teor de/Leve em sódio. Requisitos: A alegação é restrita aos suplementos alimentares cuja
recomendação diária do alimento pronto para consumo
forneça no máximo 40 mg de sódio.",Não há requisitos adicionais,
Hidroximetilbutirato,625-08-1,Para esse constituinte foram aprovadas as especificações do fabricante: TSI Co. - Shanghai - China,Fonte de Hidroximetilbutirato,Não autorizada alegação de propriedade funcional e/ou saúde para esse ingrediente.,"A advertência “Este produto não deve ser consumido por gestantes, lactantes e crianças.” deve constar na rotulagem do produto.",
Hidroximetilbutirato de Cálcio,135236-72-5,"Para esse constituinte foram aprovadas as especificações dos fabricantes: 1) TSI Co. - Shanghai - China; 2) Ningyang Jingtai Biochemical Co. Ltd. - China; 3) Vesta Ingredients, Inc. - Indiana - EUA. 4) Fingres Biotech Inc",Fonte de Hidroximetilbutirato,Não autorizada alegação de propriedade funcional e/ou saúde para esse ingrediente.,"A advertência “Este produto não deve ser consumido por gestantes, lactantes e crianças.” deve constar na rotulagem do produto.",
Hidroximetilbutirato de Cálcio,135236-72-5,Para este constituinte foram aprovadas as especificações do fabricante: ECA HealthCare Inc,"Fonte de
hidroximetilbutirato",Não foi aprovada alegação de propriedade funcional nem de saúde para o ingrediente,"A advertência ""Este produto não deve ser consumido por gestantes, lactantes e
crianças."" deve constar na rotulagem do produto.","Aprovado pela RESOLUÇÃO-RE Nº 3.800, DE 5 DE OUTUBRO DE 2023 - Autorizado apenas para os peticionantes até a inclusão na IN 28/2018 e suas atualizações."
Hidroximetilbutirato de Cálcio,135236-72-5,"Para este constituinte foram aprovadas as especificações do fabricante: FINGRES BIOTECH INC, China","Fonte de
hidroximetilbutirato",Não foi aprovada alegação de propriedade funcional nem de saúde para o ingrediente,"A advertência ""Este produto não deve ser consumido por gestantes, lactantes e
crianças.” deve constar na rotulagem do produto.","Aprovado pela RESOLUÇÃO-RE Nº 362, de 02/02/2023 - Autorizado apenas para os peticionantes até a inclusão na IN 28/2018 e suas atualizações."
Hidroxocobalamina,13422-51-0,USP-NF,Fonte de vitamina B12,"1) Alegação: A vitamina B12 auxilia na formação de células vermelhas do sangue. Requisitos: As alegações são restritas aos suplementos alimentares cuja quantidade de vitamina B12 atenda aos valores mínimos estabelecidos na IN 28/2018 e suas atualizações. O termo ""cianocobalamina"" pode ser usado em substituição ao termo ""vitamina B12"" nas alegações
2) Alegação:  A vitamina B12 auxilia no funcionamento do sistema imune. Requisitos: As alegações são restritas aos suplementos alimentares cuja quantidade de vitamina B12 atenda aos valores mínimos estabelecidos na IN 28/2018 e suas atualizações. O termo ""cianocobalamina"" pode ser usado em substituição ao termo ""vitamina B12"" nas alegações.
3) Alegação: A vitamina B12 auxilia no metabolismo energético. Requisitos: As alegações são restritas aos suplementos alimentares cuja quantidade de vitamina B12 atenda aos valores mínimos estabelecidos na IN 28/2018 e suas atualizações. O termo ""cianocobalamina"" pode ser usado em substituição ao termo ""vitamina B12"" nas alegações
4) Alegação: A vitamina B12 auxilia no metabolismo dos carboidratos, proteínas e gorduras. Requisitos: As alegações são restritas aos suplementos alimentares cuja quantidade de vitamina B12 atenda aos valores mínimos estabelecidos na IN 28/2018 e suas atualizações. O termo ""cianocobalamina"" pode ser usado em substituição ao termo ""vitamina B12"" nas alegações
5) Alegação: A vitamina B12 auxilia no metabolismo da homocisteína. Requisitos: As alegações são restritas aos suplementos alimentares cuja quantidade de vitamina B12 atenda aos valores mínimos estabelecidos na IN 28/2018 e suas atualizações. O termo ""cianocobalamina"" pode ser usado em substituição ao termo ""vitamina B12"" nas alegações.
6) Alegação: A vitamina B12 auxilia no processo de divisão celular. Requisitos: As alegações são restritas aos suplementos alimentares cuja quantidade de vitamina B12 atenda aos valores mínimos estabelecidos na IN 28/2018 e suas atualizações. O termo ""cianocobalamina"" pode ser usado em substituição ao termo ""vitamina B12"" nas alegações
7) Alegação: Fonte de vitamina B12. Requisitos: As alegações são restritas aos suplementos alimentares cuja quantidade de vitamina B12 atenda aos valores mínimos estabelecidos na IN 28/2018 e suas atualizações. O termo ""cianocobalamina"" pode ser usado em substituição ao termo ""vitamina B12"" nas alegações
8) Alegação: Alto conteúdo/Rico em/Alto teor de vitamina B12. Requisitos: A alegação é restrita aos suplementos alimentares cuja quantidade de vitamina B12 corresponda ao dobro dos valores mínimos estabelecidos na IN 28/2018 e suas atualizações, desde que não ultrapasse o limite máximo estabelecido na IN 28/2018. O termo ""cianocobalamina"" pode ser usado em substituição ao termo ""vitamina B12"" nas alegações. 
9) Alegação: A vitamina B12 auxilia na função normal do sistema nervoso. Requisitos: As alegações são restritas aos suplementos alimentares cuja quantidade de vitamina B12 atenda aos valores mínimos estabelecidos na IN 28/2018 e suas atualizações. O termo ""cianocobalamina"" pode ser usado em substituição ao termo ""vitamina B12"" nas alegações.",Não há requisitos adicionais,
Inositol (Mio-inositol / Mesoinositol),87-89-8,"USP-NF

Farmacopeia Europeia 9.0

FCC",Fonte de Inositol,Não autorizada alegação de propriedade funcional e/ou saúde para esse ingrediente.,"A advertência “Este produto não deve ser consumido por gestantes, lactantes e crianças.” deve constar na rotulagem do produto.",
"Inulina obtida da raiz de chicória (Cichorium intybus)                                                                         *O nome do constituinte será alterado na nova atualização da IN 28/2018, para esclarecer que o constituinte aprovado é obtido da chicória.",9005-80-5,"USP-NF 

FCC",Fonte de fibras alimentares,"1) Alegação: As fibras alimentares auxiliam no funcionamento do intestino.
Requisitos: As alegações são restritas aos suplementos alimentares cuja quantidade de fibras alimentares atenda aos valores mínimos estabelecidos na IN 28/2018 e suas atualizações.
2) Alegação: Fonte de fibras. Requisitos: As alegações são restritas aos suplementos alimentares cuja quantidade de fibras alimentares atenda aos valores mínimos estabelecidos na IN 28/2018 e suas atualizações.
3) Alegação: “Inulina/oligofrutose/FOS de chicória são fibras que podem promover a regularidade intestinal pelo aumento da frequência de defecações”. Requisitos: A alegação é restrita aos suplementos alimentares que forneçam, no mínimo, 10 g de inulina ou fruto-oligossacarídeos de chicória na recomendação diária de consumo.",Não há requisitos adicionais,
Iodato de potássio,7758-05-6,FCC,Fonte de Iodo,"1) Alegação:  O iodo auxilia no metabolismo energético. Requisitos: As alegações são restritas aos suplementos alimentares cuja quantidade de iodo atenda aos valores mínimos estabelecidos na IN 28/2018 e suas atualizações.
2) Alegação: O iodo contribui para a manutenção da pele. Requisitos:   As alegações são restritas aos suplementos alimentares cuja quantidade de iodo atenda aos valores mínimos estabelecidos na IN 28/2018 e suas atualizações.",Não há requisitos adicionais,
Iodeto de potássio,7681-11-0,"FCC 

USP-NF",Fonte de Iodo,"1) Alegação:  O iodo auxilia no metabolismo energético. Requisitos: As alegações são restritas aos suplementos alimentares cuja quantidade de iodo atenda aos valores mínimos estabelecidos na IN 28/2018 e suas atualizações.
2) Alegação: O iodo contribui para a manutenção da pele. Requisitos:   As alegações são restritas aos suplementos alimentares cuja quantidade de iodo atenda aos valores mínimos estabelecidos na IN 28/2018 e suas atualizações.",Não há requisitos adicionais,
Iodeto de sódio,7681-82-5,USP-NF,Fonte de Iodo,"1) Alegação:  O iodo auxilia no metabolismo energético. Requisitos: As alegações são restritas aos suplementos alimentares cuja quantidade de iodo atenda aos valores mínimos estabelecidos na IN 28/2018 e suas atualizações.
2) Alegação: O iodo contribui para a manutenção da pele. Requisitos:   As alegações são restritas aos suplementos alimentares cuja quantidade de iodo atenda aos valores mínimos estabelecidos na IN 28/2018 e suas atualizações.",Não há requisitos adicionais,
Isomaltulose,"13718-94-0

58024-13-8",FCC,Fonte de carboidrato,"1) Alegação: Os carboidratos auxiliam na recuperação da função muscular normal após exercícios extenuantes. Requisitos: A alegação é restrita aos suplementos alimentares cuja:
a) quantidade de carboidratos metabolizáveis atenda aos valores mínimos estabelecidos na IN 28/2018 e suas atualizações; e
b) informação sobre o consumo na dose de 4 g/kg de peso corpóreo, nas primeiras 4 a 6 horas após o exercício extenuante, conste na rotulagem do produto.
 2) Alegação: Auxilia a manutenção do equilíbrio de fluidos e eletrólitos e no desempenho de exercícios físicos de resistência. Restrições: A alegação é restrita aos suplementos alimentares que:
a) forneçam carboidratos como principal fonte de energia;
b) contenham no mínimo 80 kcal/L e no máximo 350 kcal/L;
c) contenham no mínimo 75% da energia derivada de carboidratos metabolizáveis;
d) contenham no mínimo 20 mmol/L (460 mg/L) de sódio (na forma de Na+) e máximo 50 mmol/L (1150 mg/L) de sódio (na forma de Na+); e
e) apresentem osmolalidade entre 200 e 330 mOsml/kg de água. 
3) Alegação: Isotônico: Requisitos: A alegação é restrita aos suplementos alimentares que:
a) forneçam carboidratos como principal fonte de energia;
b) contenham no mínimo 80 kcal/L e no máximo 350 kcal/L;
c) contenham no mínimo 75% da energia derivada de carboidratos metabolizáveis;
d) contenham no mínimo 20 mmol/L (460 mg/L) de sódio (na forma de Na+) e máximo 50 mmol/L (1150 mg/L) de sódio (na forma de Na+); e   e) apresentem osmolalidade entre 270 e 330 mOsml/kg de água.",Não há requisitos adicionais,
Lactase de Aspergillus oryzae,,FCC,Fonte da enzima Lactase,1) Alegação: A lactase auxilia a digestão da lactose. Requisitos: A alegação é restrita aos suplementos alimentares cuja quantidade de lactase atenda aos valores mínimos estabelecidos na IN 28/2018 e suas atualizações.,"A informação que a dose deve ser ajustada às necessidades individuais de suplementação de lactase e o consumo de alimentos contendo lactose deve constar na rotulagem do produto. A advertência ""Este produto não deve ser consumido por gestantes, lactantes e crianças"" deve constar na rotulagem do produto.",
Lactase de Aspergillus oryzae expressa em Aspergillus niger,9031-11-2,Para esse constituinte foram aprovadas as especificações do fabricante: DSM Produtos Nutricionais Brasil S.A.,Fonte da enzima Lactase,1) Alegação: A lactase auxilia a digestão da lactose. Requisitos: A alegação é restrita aos suplementos alimentares cuja quantidade de lactase atenda aos valores mínimos estabelecidos na IN 28/2018 e suas atualizações.,"A informação que a dose deve ser ajustada às necessidades individuais de suplementação de lactase e o consumo de alimentos contendo lactose deve constar na rotulagem do produto. A advertência ""Este produto não deve ser consumido por gestantes, lactantes e crianças"" deve constar na rotulagem do produto.",
Lactato de cálcio,814-80-2,"FCC 

 18th JECFA (1974), NMRS 54B (1975), FNP 52 (1992), FAO JECFA MONOGRAPHS 1 (2006)

 USP-NF",Fonte de Cálcio,"1) Alegação: O cálcio auxilia na formação e manutenção de ossos e dentes. Requisito: As alegações são restritas aos suplementos alimentares cuja quantidade de cálcio atenda aos valores mínimos estabelecidos na IN 28/2018 e suas atualizações.
2) Alegação: O cálcio auxilia na coagulação do sangue. Requisito: As alegações são restritas aos suplementos alimentares cuja quantidade de cálcio atenda aos valores mínimos estabelecidos na IN 28/2018 e suas atualizações.
3) Alegação: O cálcio auxilia no funcionamento muscular. Requisito: As alegações são restritas aos suplementos alimentares cuja quantidade de cálcio atenda aos valores mínimos estabelecidos na IN 28/2018 e suas atualizações.
4) Alegação: O cálcio auxilia no funcionamento neuromuscular. Requisito: As alegações são restritas aos suplementos alimentares cuja quantidade de cálcio atenda aos valores mínimos estabelecidos na IN 28/2018 e suas atualizações.
5) Alegação: O cálcio auxilia no processo de divisão celular. Requisito: As alegações são restritas aos suplementos alimentares cuja quantidade de cálcio atenda aos valores mínimos estabelecidos na IN 28/2018 e suas atualizações.
6) Alegação: O cálcio auxilia no metabolismo energético. Requisito: As alegações são restritas aos suplementos alimentares cuja quantidade de cálcio atenda aos valores mínimos estabelecidos na IN 28/2018 e suas atualizações.
7) Alegação: Fonte de cálcio. Requisito: As alegações são restritas aos suplementos alimentares cuja quantidade de cálcio atenda aos valores mínimos estabelecidos na IN 28/2018 e suas atualizações.
8) Realagação: Alto conteúdo/Rico em/Alto teor de cálcio. Requisitos:
A alegação é restrita aos suplementos alimentares cuja quantidade de cálcio corresponda ao dobro dos valores mínimos estabelecidos na IN 28/2018 e suas atualizações, desde que não ultrapasse o limite máximo estabelecido.",Não há requisitos adicionais,
Lactato de cromo (III) triidratado,19751-95-2,"The EFSA Journal (2009) 1112, 1-20

 The EFSA Journal 2012;10(10):2881",Fonte de Cromo,"1) Alegação: O cromo auxilia no metabolismo de proteínas, carboidratos e gorduras. Requisitos: A alegação é restrita aos suplementos alimentares cuja quantidade de cromo atenda aos valores mínimos estabelecidos na IN 28/2018 e suas atualizações.
2) Alegação: Fonte de cromo. Requisitos: A alegação é restrita aos suplementos alimentares cuja quantidade de cromo atenda aos valores mínimos estabelecidos na IN 28/2018 e suas atualizações.
3) Alto conteúdo/Rico em/Alto teor de cromo. Requisitos: A alegação é restrita aos suplementos alimentares cuja quantidade de cromo corresponda ao dobro dos valores mínimos estabelecidos na IN 28/2018 e suas atualizações, desde que não ultrapasse o limite máximo estabelecido na IN 28/2018 e suas atualizações.",Não há requisitos adicionais,
Lactato de magnésio,18917-93-6,"FCC 

27th JECFA (1983), FNP 28 (1983), FNP 52 (1992), FAO JEFCA MONOGRAPHS 1 (2006)",Fonte de Magnésio,"1) Alegação:O magnésio auxilia na formação de ossos e dentes. Requisitos:  As alegações são restritas aos suplementos alimentares cuja quantidade de magnésio atenda aos valores mínimos estabelecidos na IN 28/2018 e suas atualizações.
2) Alegação: O magnésio auxilia no metabolismo energético. Requisitos:  As alegações são restritas aos suplementos alimentares cuja quantidade de magnésio atenda aos valores mínimos estabelecidos na IN 28/2018 e suas atualizações
3) Alegação: O magnésio auxilia no metabolismo de proteínas, carboidratos e gorduras. Requisitos:  As alegações são restritas aos suplementos alimentares cuja quantidade de magnésio atenda aos valores mínimos estabelecidos na IN 28/2018 e suas atualizações.
4) Alegação: O magnésio auxilia no equilíbrio dos eletrólitos. Requisitos:  As alegações são restritas aos suplementos alimentares cuja quantidade de magnésio atenda aos valores mínimos estabelecidos na IN 28/2018 e suas atualizações.
5) Alegação:  O magnésio auxilia no funcionamento muscular. Requisitos: As alegações são restritas aos suplementos alimentares cuja quantidade de magnésio atenda aos valores mínimos estabelecidos na IN 28/2018 e suas atualizações.
6) Alegação: O magnésio auxilia no funcionamento neuromuscular. Requisitos: As alegações são restritas aos suplementos alimentares cuja quantidade de magnésio atenda aos valores mínimos estabelecidos na IN 28/2018 e suas atualizações.
7) Alegação: O magnésio auxilia no processo de divisão celular. Requisitos: As alegações são restritas aos suplementos alimentares cuja quantidade de magnésio atenda aos valores mínimos estabelecidos na IN 28/2018 e suas atualizações.
8) Alegação: Fonte de magnésio. Requisitos: As alegações são restritas aos suplementos alimentares cuja quantidade de magnésio atenda aos valores mínimos estabelecidos na IN 28/2018 e suas atualizações.
9) Alegação: Alto conteúdo/Rico em/Alto teor de magnésio. Requisitos: A alegação é restrita aos suplementos alimentares cuja quantidade de magnésio corresponda ao dobro dos valores mínimos estabelecidos na IN 28/2018 e suas atualizações, desde que não ultrapasse o limite máximo estabelecido na IN 28/2018 e suas atualizações.",Não há requisitos adicionais,
Lactato de potássio,996-31-6,"FCC 

18th JECFA (1974), NMRS 54B (1975),
FNP 52 (1992), FAO JECFA MONOGRAPHS 1 (2006)",Fonte de Potássio,Não autorizada alegação de propriedade funcional e/ou saúde para esse ingrediente.,Não há requisitos adicionais,
Lactato de sódio,72-17-3,FCC,Fonte de Sódio,"1) Alegação: Não contém/Livre de/Zero (0 ou 0%) /Sem/Isento de sódio. Requisitos: A alegação é restrita aos suplementos alimentares cuja
recomendação diária do alimento pronto para consumo
forneça no máximo 5 mg de sódio
2) Alegação: Baixo em/Pouco/Baixo teor de/Leve em sódio. Requisitos: A alegação é restrita aos suplementos alimentares cuja
recomendação diária do alimento pronto para consumo
forneça no máximo 40 mg de sódio.",Não há requisitos adicionais,
Lactato ferroso,5905-52-2,"FCC 

35th JECFA (1989), FNP 49 (1990), FNP 52 (1992), FAO JECFA MONOGRAPHS 1 (2006)",Fonte de Ferro,"1)Alegação: O ferro auxilia na formação das células vermelhas do sangue. Requisitos: As alegações são restritas aos suplementos alimentares cuja quantidade de ferro atenda aos valores mínimos estabelecidos na IN 28/2018 e suas atualizações.
2) Alegação: O ferro auxilia no metabolismo energético. Requisitos: As alegações são restritas aos suplementos alimentares cuja quantidade de ferro atenda aos valores mínimos estabelecidos na IN 28/2018 e suas atualizações.
3) Alegação: O ferro auxilia no transporte do oxigênio no organismo. Requisitos: As alegações são restritas aos suplementos alimentares cuja quantidade de ferro atenda aos valores mínimos estabelecidos na IN 28/2018 e suas atualizações.
4) Alegação: O ferro auxilia no processo de divisão celular. Requisitos: As alegações são restritas aos suplementos alimentares cuja quantidade de ferro atenda aos valores mínimos estabelecidos na IN 28/2018 e suas atualizações.
5) Alegação: O ferro auxilia no funcionamento do sistema imune. Requisitos: As alegações são restritas aos suplementos alimentares cuja quantidade de ferro atenda aos valores mínimos estabelecidos na IN 28/2018 e suas atualizações.
6) Alegação: Fonte de ferro. Requisitos: As alegações são restritas aos suplementos alimentares cuja quantidade de ferro atenda aos valores mínimos estabelecidos na IN 28/2018 e suas atualizações. 
7) Alegação: Alto conteúdo/Rico em/Alto teor de ferro. Requisitos: A alegação é restrita aos suplementos alimentares cuja quantidade de ferro corresponda ao dobro dos valores mínimos estabelecidos na IN 28/2018 e suas atualizações, desde que não ultrapasse o limite máximo estabelecido na IN 28/2018 e suas atualizações.",Não há requisitos adicionais,
Lacticaseibacillus rhamnosus (Lactobacillus rhamnosus) GG (DSM 33156),,Para esse constituinte foram aprovadas as especificações do fabricante: CHR Hansen,Fonte de Lacticaseibacillus rhamnosus (Lactobacillus rhamnosus) GG (DSM 33156),Alegação: O Lactobacillus rhamnosus GG (DSM 33156) pode contribuir com a saúde do trato gastrointestinal. Requisito: A alegação é restrita aos suplementos alimentares cuja quantidade mínima de Lactobacillus rhamnosus GG (DSM 33156) atenda aos valores mínimos estabelecidos na IN 28/2018 e suas atualizações.,"A advertência “Este produto não deve ser consumido por gestantes, lactantes, pessoas imunocomprometidas ou pessoas acometidas de condição de saúde debilitante grave.” deve constar na rotulagem do produto.",
Lactiplantibacillus plantarum (Lactobacillus plantarum) 299V (DSM 9843),,"Para este ingrediente foram aprovadas as especificações do proprietário: 
Lallemand Health Solutions Inc. (Harmonium 1), Québec, Canadá
Lallemand Health Solutions Inc. (Harmonium 2), Québec, Canadá
 Lallemand Health Solutions, Inc. (PerfectLAB), Saint Simon, França",Fonte de Lactiplantibacillus plantarum (Lactobacillus plantarum) 299V (DSM 9843),Alegação: O Lactiplantibacillus plantarum (Lactobacillus plantarum) 299V (DSM 9843) pode contribuir com a saúde do trato gastrointestinal. A alegação é restrita aos suplementos alimentares cuja quantidade mínima de Lactiplantibacillus plantarum (Lactobacillus plantarum) 299V (DSM 9843) fornecida na recomendação diária de consumo do produto atenda aos valores mínimos estabelecidos no Anexo III desta Instrução Normativa.,"A advertência “Este produto não deve ser consumido por gestantes, lactantes, lactentes, crianças, pessoas imunocomprometidas ou acometidas de condição de saúde debilitante grave.” deve constar na rotulagem do produto.",
Lactobacillus  Plantarum 299V (DSM 9843),,"Para este constituinte foram aprovadas as especificações dos fabricantes: Lallemand Health Solutions, Inc. (Harmonium 1, Harmonium 2, PerfectLAB). Quebec, Canadá. Lallemand S.A.S. França. Saint Simon, França","Fonte de Lactobacillus  
Plantarum 299V (DSM 9843)",1) Alegação: O Lactobacillus plantarum 299V pode contribuir para a saúde do trato gastrointestinal.,A advertência “Este produto não deve ser consumido por pessoas imunocomprometidas (seja por uma condição de doença ou pelo uso de medicação imunossupressora) ou pessoas acometidas de condição de saúde debilitante grave.” deve constar na rotulagem do produto.,Aprovado pela Resolução RE Nº  231  de 31/01/2022 - Autorizado apenas para os peticionantes até a inclusão na IN 28/2018 e suas atualizações.
Lactobacillus acidophillus DDS-1® (NCIMB 30333),,Para este ingrediente foram aprovadas as especificações do proprietário: CHR HANSEN INDUSTRIA E COMERCIO LTDA.,fonte de probiótico em suplementos alimentares,O Lactobacillus acidophillus DDS-1® (NCIMB 30333) pode contribuir com a saúde do trato gastrointestinal. Requisitos: A alegação é restrita aos suplementos alimentares cuja quantidade mínima de Lactobacillus acidophillus DDS-1® (NCIMB 30333) fornecida na recomendação diária de consumo do produto atenda aos valores mínimos estabelecidos na Instrução Normativa nº 28/2018.,"

A advertência ""Este produto não deve ser consumido por gestantes, lactantes, lactentes, crianças, pessoas imunocomprometidas ou pessoas acometidas de condição de saúde debilitante grave."" deve constar na rotulagem do produto.",
Lactobacillus acidophilus NCFM (ATCC SD5221),,Para esse constituinte foram aprovadas as especificações do fabricante: Danisco - Madison - EUA e Danisco - Rochester - EUA.,Fonte de Lactobacillus acidophilus NCFM (ATCCSD5221),Alegação: O Lactobacillus acidophilus NCFM  (ATCC SD5221) pode contribuir com a saúde do trato gastrointestinal. Requisitos: A alegação é restrita aos suplementos alimentares cuja quantidade de Lactobacillus acidophilus NCFM  (ATCC SD5221) atenda aos valores mínimos estabelecidos na IN 28/2018 e suas atualizações.,"“Este produto não deve ser consumido por gestantes, lactantes, lactentes, crianças, pessoas imunocomprometidas ou acometidas de condição de saúde debilitante grave.” deve constar na rotulagem do produto.",
Lactobacillus coryniformis CECT 5711,,Para esse constituinte foram aprovadas as especificações do fabricante: Biosearch S.A. Espanha,Fonte de Lactobacillus coryniformis CECT 5711,"Alegação: ""O consumo de Lactobacillus coryniformis CECT 5711 pode auxiliar na resposta imune de idosos à vacina contra influenza."" Requisito: A alegação é restrita aos suplementos alimentares cuja quantidade mínima
de Lactobacillus coryniformis CECT 5711 atenda aos valores mínimos estabelecidos no Anexo III desta Instrução Normativa.",A advertência “Este produto não deve ser consumido por pessoas imunocomprometidas ou pessoas acometidas de condição de saúde debilitante grave.” deve constar na rotulagem do produto.,
Lactobacillus fermentum (CECT 5716),,"Para este constituinte foram aprovadas as especificações dos fabricante: Biosearch S.A., Granada, Espanha",Fonte de Lactobacillus fermentum (CECT 5716),Alegação: O Lactobacillus fermentum (CECT 5716) pode reduzir o risco relacionado à mastite em lactantes saudáveis. A alegação é restrita aos suplementos alimentares cuja quantidade mínima de Lactobacillus fermentum (CECT 5716) fornecida na recomendação diária de consumo do produto atenda aos valores mínimos estabelecidos no Anexo III desta Instrução Normativa.,"	
A advertência “Este produto não deve ser consumido por gestantes, lactentes, crianças, pessoas imunocomprometidas ou acometidas de condição de saúde debilitante grave.” deve constar na rotulagem do produto",
Lactobacillus fermentum CECT 5716,,"Para este constituinte foram aprovadas as especificações dos fabricante: Biosearch S.A., Granada, Espanha",Fonte de Lactobacillus fermentum CECT 5716,1) Alegação: O Lactobacillus fermentum CECT 5716 pode reduzir o risco relacionado à mastite em lactantes saudáveis. Requisitos: As alegações são restritas aos suplementos alimentares cuja quantidade de Lactobacillus fermentum CECT 5716 atenda aos valores mínimos estabelecidos na IN 28/2018 e suas atualizações.,"A advertência ""Este produto não deve ser consumido por gestantes,
lactentes, crianças, pessoas imunocomprometidas ou pessoas acometidas de condição de saúde
debilitante grave.” deve constar na rotulagem do produto.",Aprovado pela Resolução RE Nº 3.723 de 10/11/2022 - Autorizado apenas para os peticionantes até a inclusão na IN 28/2018 e suas atualizações.
Lactobacillus gasseri BNR17 (KCTC 10^902BP),,Para esse constituinte foram aprovadas as especificações do fabricante: UAS Laboratories LLC - EUA.,Fonte de Lactobacillus gasseri BNR17 (KCTC 10902BP),"Alegação: ""O Lactobacillus gasseri BNR17 (KCTC 10902BP) pode contribuir com a saúde do trato gastrointestinal"". Requisitos: A alegação é restrita aos suplementos alimentares cuja quantidade mínima de Lactobacillus gasseri BNR17 (KCTC 10902BP) atenda aos valores mínimos estabelecidos na IN 28/2018 e suas atualizações.","A advertência “Este produto não deve ser consumido por gestantes, lactantes, lactentes, crianças, pessoas imunocomprometidas ou acometidas de condição de saúde debilitante grave."" devem constar na rotulagem do produto.",
"Lactobacillus helveticus - 52 (R0052), Bifidobacterium longum ssp. infantis - 33 (R0033) e Bifidobacterium
bifidum -71 (R0071)",,"Para esse constituinte foram aprovadas as especificações do fabricante: a) Institut Rosell Inc. (Lallemand Health Solutions Inc.); b) Harmonium International, Inc. (1) (Lallemand Health
Solutions Inc.); c) Harmonium International, Inc. (2) (Lallemand Health Solutions Inc.); d) Lallemand S.A.S.","Fonte de Lactobacillus helveticus - 52 (R0052), Bifidobacterium longum ssp. infantis - 33 (R0033) e Bifidobacterium
bifidum -71 (R0071)","1) A associação de Lactobacillus helveticus R0052, Bifodobacterium longum ssp. infantis R0033 e Bifodobacterium bifidum R0071 pode contribuir para a saúde do trato gastrointestinal","A advertência “Este produto não deve ser consumido por gestantes, lactantes, lactentes com menos de 3 meses de idade, pessoas imunocomprometidas ou pessoas
acometidas de condição de saúde debilitante grave.” deve constar na rotulagem do produto.",
"LACTOBACILLUS PLANTARUM (CECT 7527), LACTOBACILLUS PLANTARUM (CECT 7528), LACTOBACILLUS PLANTARUM (CECT 7529)",,"Para este constituinte foram aprovadas as especificações do fabricante AB- BIOTICS S.A. Barcelona, Espanha.","Fonte de LACTOBACILLUS PLANTARUM (CECT 7527), LACTOBACILLUS PLANTARUM (CECT 7528), LACTOBACILLUS PLANTARUM (CECT 7529)","“A associação de Lactobacillus plantarum CECT 7527, Lactobacillus plantarum CECT 7528 e Lactobacillus plantarum CECT 7529 pode auxiliar na redução dos níveis de colesterol”. Requisitos: A alegação é restrita aos suplementos alimentares cuja quantidade mínima de Lactobacillus plantarum CECT 7527, Lactobacillus plantarum CECT 7528 e Lactobacillus plantarum CECT 7529 atenda aos valores mínimos estabelecidos no Anexo III da IN N° 284/2024.","A advertência ""Este produto não deve ser consumido por gestantes, lactantes,
pessoas imunocomprometidas ou pessoas acometidas de condição de saúde
debilitante grave.",
Lactobacillus plantarum DR-7,,"Para este constituinte foram aprovadas as especificações do fabricante: Lactosan GmbH & Co. KG, Kapfenberg - Austria",Fonte de probiótico,1) Alegação: O Lactobacillus plantarum DR 7 pode auxiliar na redução de sensações de estresse e ansiedade em adultos saúdaveis. Requisitos: A alegação é restrita aos suplementos alimentares cuja quantidade mínima de Lactobacillus plantarum DR-7 fornecida na recomendação diária de consumo do produto atenda aos valores mínimos estabelecidos no Anexo III desta Instrução Normativa.,Não há requisitos adicionais,
Lactobacillus reuteri/Limosilactobacillus reuteri (DSM 17938),,Para esse constituinte foram aprovadas as especificações do fabricante BioGaia AB - Suécia.,Fonte de Lactobacillus reuteri/ Limosilactobacillus reuteri (DSM 17938),Alegação 1: O Limosilactobacillus reuteri (DSM 17938) pode contribuir com a saúde do trato gastrointestinal em adultos.    Alegação 2: O Limosilactobacillus reuteri (DSM 17938) pode contribuir para a redução do desconforto intestinal de lactentes menores de 6  meses.   Requisito:  As alegações são restritas aos suplementos alimentares cuja quantidade mínima de Limosilactobacillus reuteri (DSM 17938) atenda aos valores mínimos estabelecidos na IN 28/2018 e suas atualizações.,"A advertência “Este produto não deve ser consumido por gestantes, lactantes, pessoas imunocomprometidas ou pessoas acometidas de condição de saúde debilitante grave.” deve constar na rotulagem do produto.",
LACTOBACILLUS RHAMNOSUS 19070-2 (DSM 26357) E LACTOBACILLUS REUTERI DSM 12246 (CBS 145621),,"Para este constituinte foram aprovadas as especificações dos fabricantes: 1) Centro Sperimentale del Late. Lodi, Itália. (Lactobacillus rhamnosus 19070-2 (DSM 26357)); 2) Lallemand SAS. Saint Simon, França. (Lactobacillus reuteri DSM 12246 (CBS 145621))","Fonte de Lactobacillus rhamnosus s 19070-2 (DSM 26357) e Lactobacillus reuteri DSM 12246 (CBS
145621)",1) Alegação: A associação deLactobacillus rhamnosus 19070-2 e Lactobacillus reuteri DSM 12246 pode contribuir com a saúde do trato gastrointestinal.,,Aprovado pela Resolução RE Nº  597 de 24/02/2022 - Autorizado apenas para os peticionantes até a inclusão na IN 28/2018 e suas atualizações.
Lactobacillus rhamnosus GG/Lacticaseibacillus rhamnosus GG (ATCC 53103),,"Para esse constituinte foram aprovadas as especificações dos fabricantes : 
Probiotical S.p.A - Itália
Danisco, Itália
DSM Produtos Nutricionais Brasil S.A.
Danisco USA Inc - Estados Unidos
DSM Food Specialities B.V., - Estados Unidos 

AB-Biotics S.A., Espanha (fabricação terceirizada: Lactosan GmbH & Co. KG, Áustria).",Fonte de Lactobacillus rhamnosus GG/Lacticaseibacillus rhamnosus GG (ATCC 53103),Alegação: O Lactobacillus rhamnosus GG (ATCC 53103) pode contribuir com a saúde do trato gastrointestinal. Requisito: A alegação é restrita aos suplementos alimentares cuja quantidade mínima de Lactobacillus rhamnosus GG (ATCC 53103) atenda aos valores mínimos estabelecidos na IN 28/2018 e suas atualizações.,A advertência “Este produto não deve ser consumido por pessoas imunocomprometidas ou pessoas acometidas de condição de saúde debilitante grave.” deve constar na rotulagem do produto.,
Lactobacillus rhamnosus HN001/ Lacticaseibacillus rhamnosus HN001  (ATCC SD 5675),,Para esse constituinte foram aprovadas as especificações do fabricante: Danisco - Madison - EUA e Danisco - Rochester - EUA.,Fonte de Lactobacillus rhamnosus HN001/ Lacticaseibacillus rhamnosus HN001  (ATCC SD 5675),"Alegação: O Lactobacillus rhamnosus HN001 (ATCC SD5675) pode reduzir o risco de eczema (dermatite atópica) na infância, quando administrado a gestantes e lactantes, desde a 35ª semana de gestação até o 6º mês de amamentação, e aos seus filhos, lactentes de alto risco, desde o nascimento até os dois anos de idade. Requisitos: A alegação é restrita aos suplementos alimentares cuja quantidade mínima de Lactobacillus rhamnosus HN001 (ATCC SD5675) atenda aos valores mínimos estabelecidos na IN 28/2018 e suas atualizações."," A advertência “O produto não deve ser consumido por pessoas imunocomprometidas ou pessoas acometidas de condição de saúde debilitante grave.” e ""O produto deve ser usado por gestantes e lactantes, desde a 35ª semana de gestação até o 6º mês de amamentação, e aos seus filhos, lactentes de alto risco, desde o nascimento até os dois anos de idade."" devem constar na rotulagem do produto.",
LACTOBACILLUS RHAMNOSUS NCC 4007 (CGMCC 13724),,"Para este constituinte foram aprovadas as especificações do fabricante: Konolfingen Factory. Konolfingen, Suíça",Fonte de LACTOBACILLUS RHAMNOSUS NCC 4007 (CGMCC 13724),Alegação: O LACTOBACILLUS RHAMNOSUS NCC 4007 pode contribuir com a saúde gastrointestinal. Requisitos: A alegação é restrita aos suplementos alimentares cuja quantidade mínima de Lactobacillus rhamnosus NCC 4007 atenda aos valores mínimos estabelecidos no Anexo III da IN N° 28/2018.,"A advertência ""Este produto não deve ser consumido por crianças abaixo de 1 mês, pessoas imunocomprometidas (seja por uma condição de doença ou pelo uso de medicação imunossupressora) ou pessoas acometidas de condição de saúde debilitante grave.""
deve constar na rotulagem do produto","Aprovado pela Resolução RE Nº 3.820, DE 06/10/2021 - Incluído em lista positiva pela IN 284/2024."
Lactoferrina bovina,,"COMMISSION IMPLEMENTING DECISION
of 22 November 2012
authorising the placing on the market of bovine lactoferrin as a novel food ingredient under 
Regulation (EC) No 258/97 of the European Parliament and of the Council (FrieslandCampina)",Fonte de Lactoferrina,Não foi aprovada alegação de propriedade funcional nem de saúde para o ingrediente,"A advertência ""Este produto não deve ser consumido por crianças de até 3 anos de idade em aleitamento materno ou que recebam fórmula infantil enriquecida com lactoferrina e lactantes."" deve constar na rotulagem do produto.",
Lactose,63-42-3,"FCC

USP-NF",Fonte de carboidrato,"1) Alegação: Os carboidratos auxiliam na recuperação da função muscular normal após exercícios extenuantes. Requisitos: A alegação é restrita aos suplementos alimentares cuja:
a) quantidade de carboidratos metabolizáveis atenda aos valores mínimos estabelecidos na IN 28/2018 e suas atualizações; e
b) informação sobre o consumo na dose de 4 g/kg de peso corpóreo, nas primeiras 4 a 6 horas após o exercício extenuante, conste na rotulagem do produto.
 2) Alegação: Auxilia a manutenção do equilíbrio de fluidos e eletrólitos e no desempenho de exercícios físicos de resistência. Restrições: A alegação é restrita aos suplementos alimentares que:
a) forneçam carboidratos como principal fonte de energia;
b) contenham no mínimo 80 kcal/L e no máximo 350 kcal/L;
c) contenham no mínimo 75% da energia derivada de carboidratos metabolizáveis;
d) contenham no mínimo 20 mmol/L (460 mg/L) de sódio (na forma de Na+) e máximo 50 mmol/L (1150 mg/L) de sódio (na forma de Na+); e
e) apresentem osmolalidade entre 200 e 330 mOsml/kg de água. 
3) Alegação: Isotônico: Requisitos: A alegação é restrita aos suplementos alimentares que:
a) forneçam carboidratos como principal fonte de energia;
b) contenham no mínimo 80 kcal/L e no máximo 350 kcal/L;
c) contenham no mínimo 75% da energia derivada de carboidratos metabolizáveis;
d) contenham no mínimo 20 mmol/L (460 mg/L) de sódio (na forma de Na+) e máximo 50 mmol/L (1150 mg/L) de sódio (na forma de Na+); e   e) apresentem osmolalidade entre 270 e 330 mOsml/kg de água.",Não há requisitos adicionais,
Lactulose,4618-18-2, USP-NF,Fonte de fibras alimentares,"1) Alegação: As fibras alimentares auxiliam no funcionamento do intestino.
Requisitos: As alegações são restritas aos suplementos alimentares cuja quantidade de fibras alimentares atenda aos valores mínimos estabelecidos na IN 28/2018 e suas atualizações.
2) Alegação: Fonte de fibras. Requisitos: As alegações são restritas aos suplementos alimentares cuja quantidade de fibras alimentares atenda aos valores mínimos estabelecidos na IN 28/2018 e suas atualizações.",Não há requisitos adicionais,
L-Alanina,"	
56-41-7",FCC,Fonte do aminoácido L-Alanina,Não autorizada alegação de propriedade funcional e/ou saúde para esse ingrediente.,"A advertência ""Este produto não deve ser consumido por gestantes, lactantes e crianças"" deve constar na rotulagem do produto.",
L-Arginina,74-79-3,FCC,Fonte do aminoácido Arginina,Não autorizada alegação de propriedade funcional e/ou saúde para esse ingrediente.,"A advertência ""Este produto não deve ser consumido por gestantes, lactantes e crianças"" deve constar na rotulagem do produto.",
L-Aspartato de L-arginina,7675-83-4,European pharmacopoeia 9.0,Fonte do aminoácido Arginina,Não autorizada alegação de propriedade funcional e/ou saúde para esse ingrediente.,"A advertência ""Este produto não deve ser consumido por gestantes, lactantes e crianças"" deve constar na rotulagem do produto.",
L-carnitina L-tartarato/Tartarato de L-carnitina,36687-82-8,"FCC 

The EFSA Journal (2003)19, 1-13",Fonte de Carnitina,Não autorizada alegação de propriedade funcional e/ou saúde para esse ingrediente.,"A advertência ""Este produto não deve ser consumido por gestantes, lactantes e crianças"" deve constar na rotulagem do produto.",
L-Cisteína,52-90-4,JP XVII - THE JAPANESE PHARMACOPOEIA,Fonte do aminoácido L-Cisteína,Não autorizada alegação de propriedade funcional e/ou saúde para esse ingrediente.,"A advertência ""Este produto não deve ser consumido por gestantes, lactantes e crianças"" deve constar na rotulagem do produto.",
L-cistina,,Farmacopeia Europeia 10ª Ed. 2020,"Fonte do
aminoácido cisteína",Não foi aprovada alegação de propriedade funcional nem de saúde para o ingrediente,"A advertência “Este produto não deve ser consumido por gestantes, lactantes e
crianças.” deve constar na rotulagem do produto.","Aprovado pela RESOLUÇÃO-RE Nº 4.795, DE 14 DE DEZEMBRO DE 2023 - Autorizado apenas para os peticionantes até a inclusão na IN 28/2018 e suas atualizações."
Lecitina,8002-43-5,Para este constituinte foram aprovadas as especificações do fabricante: Pronova Biopharma Norge AS – Sandefjord – Noruega.,"Fonte de Lipídeos
Fonte de Ácido linoleico n-6
Ácido  alfa-linolênico n-3",Não autorizada alegação de propriedade funcional e/ou saúde para esse ingrediente.,Não há requisitos adicionais,
Lecitina de soja com alto teor de fosfatidilserina,,Para esse contituínte foram aprovadas as especificações do fabricante Lipogen - Haifa - Israel.,Fonte de fosfatidilserina,Não autorizada alegação de propriedade funcional e/ou saúde para esse ingrediente.,"A advertência ""Este produto não deve ser consumido por gestantes, lactantes e crianças"" deve constar na rotulagem do produto.",
Levedura autolisada (Saccharomyces cerevisiae),,FCC,Fonte de proteínas,"1) Alegação: Fonte de proteínas. Requisitos: A alegação é restrita aos suplementos alimentares cuja: a) quantidade de proteína atenda aos valores mínimos estabelecidos na IN 28/2018 e suas atualizações; e b) quantidade de aminoácidos essenciais por grama de proteína do produto atenda aos valores mínimos estabelecidos para a proteína de referência, conforme IN 28/2018 e suas atualizações.
2) Alegação: As proteínas auxiliam na formação dos músculos e ossos. Requisitos: A alegação é restrita aos suplementos alimentares cuja: a) quantidade de proteína atenda aos valores mínimos estabelecidos na IN 28/2018 e suas atualizações; e b) quantidade de aminoácidos essenciais por grama de proteína do produto atenda aos valores mínimos estabelecidos para a proteína de referência, conforme IN 28/2018 e suas atualizações.
3) Alegação: Alto conteúdo/Rico em/Alto teor de proteínas. Requisitos: A alegação é restrita aos suplementos alimentares cuja: a) quantidade de proteína corresponda ao dobro dos valores mínimos estabelecidos na IN 28/2018 e suas atualizações; e b) quantidade de aminoácidos essenciais por grama de proteína do produto atenda aos valores mínimos estabelecidos para a proteína de referência, conforme IN 28/2018 e suas atualizações.",Não há requisitos adicionais,
Levedura de cerveja (Saccharomyces cerevisiae),,FCC,Fonte de proteínas,"1) Alegação: Fonte de proteínas. Requisitos: A alegação é restrita aos suplementos alimentares cuja: a) quantidade de proteína atenda aos valores mínimos estabelecidos na IN 28/2018 e suas atualizações; e b) quantidade de aminoácidos essenciais por grama de proteína do produto atenda aos valores mínimos estabelecidos para a proteína de referência, conforme IN 28/2018 e suas atualizações.
2) Alegação: As proteínas auxiliam na formação dos músculos e ossos. Requisitos: A alegação é restrita aos suplementos alimentares cuja: a) quantidade de proteína atenda aos valores mínimos estabelecidos na IN 28/2018 e suas atualizações; e b) quantidade de aminoácidos essenciais por grama de proteína do produto atenda aos valores mínimos estabelecidos para a proteína de referência, conforme IN 28/2018 e suas atualizações.
3) Alegação: Alto conteúdo/Rico em/Alto teor de proteínas. Requisitos: A alegação é restrita aos suplementos alimentares cuja: a) quantidade de proteína corresponda ao dobro dos valores mínimos estabelecidos na IN 28/2018 e suas atualizações; e b) quantidade de aminoácidos essenciais por grama de proteína do produto atenda aos valores mínimos estabelecidos para a proteína de referência, conforme IN 28/2018 e suas atualizações.",Não há requisitos adicionais,
Levedura enriquecida com selênio,,"The EFSA Journal (2008) 766, 1-42",Fonte de Selênio,"1) Alegação: O selênio é um antioxidante que auxilia na proteção dos danos causados pelos radicais livres. Requisitos: As alegações são restritas aos suplementos alimentares cuja quantidade de selênio atenda aos valores mínimos estabelecidos na IN 28/2018 e suas atualizações
2) Alegação: O selênio auxilia no funcionamento do sistema imune. Requisitos: As alegações são restritas aos suplementos alimentares cuja quantidade de selênio atenda aos valores mínimos estabelecidos na IN 28/2018 e suas atualizações.
3) Alegação: Fonte de selênio. Requisitos: As alegações são restritas aos suplementos alimentares cuja quantidade de selênio atenda aos valores mínimos estabelecidos na IN 28/2018 e suas atualizações.
4) Alegação: Alto conteúdo/Rico em/Alto teor de selênio. Requisitos: A alegação é restrita aos suplementos alimentares cuja quantidade de selênio corresponda ao dobro dos valores mínimos estabelecidos na IN 28/2018 e suas atualizações., desde que não ultrapasse o limite máximo estabelecido na IN 28/2018 e suas atualizações.",Não há requisitos adicionais,
"Levedura inativa seca (Saccharomyces cerevisiae, S. fragilisouTorula utilis)",,FCC,Fonte de proteínas,"1) Alegação: Fonte de proteínas. Requisitos: A alegação é restrita aos suplementos alimentares cuja: a) quantidade de proteína atenda aos valores mínimos estabelecidos na IN 28/2018 e suas atualizações; e b) quantidade de aminoácidos essenciais por grama de proteína do produto atenda aos valores mínimos estabelecidos para a proteína de referência, conforme IN 28/2018 e suas atualizações.
2) Alegação: As proteínas auxiliam na formação dos músculos e ossos. Requisitos: A alegação é restrita aos suplementos alimentares cuja: a) quantidade de proteína atenda aos valores mínimos estabelecidos na IN 28/2018 e suas atualizações; e b) quantidade de aminoácidos essenciais por grama de proteína do produto atenda aos valores mínimos estabelecidos para a proteína de referência, conforme IN 28/2018 e suas atualizações.
3) Alegação: Alto conteúdo/Rico em/Alto teor de proteínas. Requisitos: A alegação é restrita aos suplementos alimentares cuja: a) quantidade de proteína corresponda ao dobro dos valores mínimos estabelecidos na IN 28/2018 e suas atualizações; e b) quantidade de aminoácidos essenciais por grama de proteína do produto atenda aos valores mínimos estabelecidos para a proteína de referência, conforme IN 28/2018 e suas atualizações.",Não há requisitos adicionais,
Levocarnitina/L-carnitina,541-15-1,"FCC 

European pharmacopoeia 9.0

USP-NF",Fonte de Carnitina,Não autorizada alegação de propriedade funcional e/ou saúde para esse ingrediente.,"A advertência ""Este produto não deve ser consumido por gestantes, lactantes e crianças"" deve constar na rotulagem do produto.",
L-Fenilalanina,63-91-2,"European pharmacopoeia 9.0 

 USP-NF

FCC",Fonte do aminoácido L-Fenilalanina,Não autorizada alegação de propriedade funcional e/ou saúde para esse ingrediente.,"A advertência ""Este produto não deve ser consumido por gestantes, lactantes e crianças"" deve constar na rotulagem do produto.",
L-Glutamina,56-85-9,FCC,Fonte do aminoácido L-Glutamina,Não autorizada alegação de propriedade funcional e/ou saúde para esse ingrediente.,"A advertência ""Este produto não deve ser consumido por gestantes, lactantes e crianças"" deve constar na rotulagem do produto.",
L-Histidina,71-00-1,"European pharmacopoeia 9.0 

USP-NF

FCC",Fonte do aminoácido L-Histidina,Não autorizada alegação de propriedade funcional e/ou saúde para esse ingrediente.,"A advertência ""Este produto não deve ser consumido por gestantes, lactantes e crianças"" deve constar na rotulagem do produto.",
Licopeno de Blakeslea trispora,502-65-8,"FCC 

67th JECFA (2006), FAO JECFA MONOGRAPHS 3 (2006)",Fonte de Licopeno,Não autorizada alegação de propriedade funcional e/ou saúde para esse ingrediente.,"A advertência ""Este produto não deve ser consumido por gestantes, lactantes e crianças"" deve constar na rotulagem do produto.",
Licopeno de tomate,502-65-8,"FCC 

71st JECFA (2009), FAO JECFA MONOGRAPHS 7 (2009)",Fonte de Licopeno,Não autorizada alegação de propriedade funcional e/ou saúde para esse ingrediente.,"A advertência ""Este produto não deve ser consumido por gestantes, lactantes e crianças"" deve constar na rotulagem do produto.",
Licopeno sintético,502-65-8,"FCC 6

USP-NF

67th JECFA (2006), FAO JECFA MONOGRAPHS 3 (2006)",Fonte de Licopeno,Não autorizada alegação de propriedade funcional e/ou saúde para esse ingrediente.,"A advertência ""Este produto não deve ser consumido por gestantes, lactantes e crianças"" deve constar na rotulagem do produto.",
Limosilactobacillus reuteri (DSM 17938) ou Lactobacillus reuteri (DSM 17938),,"Para esse constituinte foram aprovadas as especificações do fabricante: BioGaia AB. Stockholm, Sweden",Fonte de Limosilactobacillus reuteri (DSM 17938) ou Lactobacillus reuteri (DSM 17938),"“Limosilactobacillus reuteri (DSM 17938) pode contribuir com a saúde do trato gastrointestinal em lactentes, crianças e adultos.”","A advertência ""Este produto não deve ser consumido por gestantes, lactantes, pessoas imunocomprometidas ou pessoas acometidas de condição de saúde debilitante grave.” deve constar na rotulagem do produto.",Aprovado pela Resolução RE Nº 2.781 de 15/07/2021 - Autorizado apenas para os peticionantes até a inclusão na IN 28/2018 e suas atualizações.
Lisinato de cálcio,6150-68-1,"The EFSA Journal (2008) 761, 1-11",Fonte de Cálcio,"1) Alegação: O cálcio auxilia na formação e manutenção de ossos e dentes. Requisito: As alegações são restritas aos suplementos alimentares cuja quantidade de cálcio atenda aos valores mínimos estabelecidos na IN 28/2018 e suas atualizações.
2) Alegação: O cálcio auxilia na coagulação do sangue. Requisito: As alegações são restritas aos suplementos alimentares cuja quantidade de cálcio atenda aos valores mínimos estabelecidos na IN 28/2018 e suas atualizações.
3) Alegação: O cálcio auxilia no funcionamento muscular. Requisito: As alegações são restritas aos suplementos alimentares cuja quantidade de cálcio atenda aos valores mínimos estabelecidos na IN 28/2018 e suas atualizações.
4) Alegação: O cálcio auxilia no funcionamento neuromuscular. Requisito: As alegações são restritas aos suplementos alimentares cuja quantidade de cálcio atenda aos valores mínimos estabelecidos na IN 28/2018 e suas atualizações.
5) Alegação: O cálcio auxilia no processo de divisão celular. Requisito: As alegações são restritas aos suplementos alimentares cuja quantidade de cálcio atenda aos valores mínimos estabelecidos na IN 28/2018 e suas atualizações.
6) Alegação: O cálcio auxilia no metabolismo energético. Requisito: As alegações são restritas aos suplementos alimentares cuja quantidade de cálcio atenda aos valores mínimos estabelecidos na IN 28/2018 e suas atualizações.
7) Alegação: Fonte de cálcio. Requisito: As alegações são restritas aos suplementos alimentares cuja quantidade de cálcio atenda aos valores mínimos estabelecidos na IN 28/2018 e suas atualizações.
8) Realagação: Alto conteúdo/Rico em/Alto teor de cálcio. Requisitos:
A alegação é restrita aos suplementos alimentares cuja quantidade de cálcio corresponda ao dobro dos valores mínimos estabelecidos na IN 28/2018 e suas atualizações, desde que não ultrapasse o limite máximo estabelecido.",Não há requisitos adicionais,
Lisinato de magnésio,6150-68-1,"The EFSA Journal (2008) 761, 1-11",Fonte de Magnésio,"1) Alegação:O magnésio auxilia na formação de ossos e dentes. Requisitos:  As alegações são restritas aos suplementos alimentares cuja quantidade de magnésio atenda aos valores mínimos estabelecidos na IN 28/2018 e suas atualizações.
2) Alegação: O magnésio auxilia no metabolismo energético. Requisitos:  As alegações são restritas aos suplementos alimentares cuja quantidade de magnésio atenda aos valores mínimos estabelecidos na IN 28/2018 e suas atualizações
3) Alegação: O magnésio auxilia no metabolismo de proteínas, carboidratos e gorduras. Requisitos:  As alegações são restritas aos suplementos alimentares cuja quantidade de magnésio atenda aos valores mínimos estabelecidos na IN 28/2018 e suas atualizações.
4) Alegação: O magnésio auxilia no equilíbrio dos eletrólitos. Requisitos:  As alegações são restritas aos suplementos alimentares cuja quantidade de magnésio atenda aos valores mínimos estabelecidos na IN 28/2018 e suas atualizações.
5) Alegação:  O magnésio auxilia no funcionamento muscular. Requisitos: As alegações são restritas aos suplementos alimentares cuja quantidade de magnésio atenda aos valores mínimos estabelecidos na IN 28/2018 e suas atualizações.
6) Alegação: O magnésio auxilia no funcionamento neuromuscular. Requisitos: As alegações são restritas aos suplementos alimentares cuja quantidade de magnésio atenda aos valores mínimos estabelecidos na IN 28/2018 e suas atualizações.
7) Alegação: O magnésio auxilia no processo de divisão celular. Requisitos: As alegações são restritas aos suplementos alimentares cuja quantidade de magnésio atenda aos valores mínimos estabelecidos na IN 28/2018 e suas atualizações.
8) Alegação: Fonte de magnésio. Requisitos: As alegações são restritas aos suplementos alimentares cuja quantidade de magnésio atenda aos valores mínimos estabelecidos na IN 28/2018 e suas atualizações.
9) Alegação: Alto conteúdo/Rico em/Alto teor de magnésio. Requisitos: A alegação é restrita aos suplementos alimentares cuja quantidade de magnésio corresponda ao dobro dos valores mínimos estabelecidos na IN 28/2018 e suas atualizações, desde que não ultrapasse o limite máximo estabelecido na IN 28/2018 e suas atualizações.",Não há requisitos adicionais,
Lisinato de zinco,23333-98-4,"The EFSA Journal (2008) 761, 1-11",Fonte de Zinco,"1) Alegação: O zinco é um antioxidante que auxilia na proteção dos danos causados pelos radicais livres. Requisitos: As alegações são restritas aos suplementos alimentares cuja quantidade de zinco atenda aos valores mínimos estabelecidos na IN 28/2018 e suas atualizações.
2) Alegação: O zinco auxilia na visão. Requisitos: As alegações são restritas aos suplementos alimentares cuja quantidade de zinco atenda aos valores mínimos estabelecidos na IN 28/2018 e suas atualizações.
3) Alegação: O zinco auxilia no metabolismo da vitamina A. Requisitos: As alegações são restritas aos suplementos alimentares cuja quantidade de zinco atenda aos valores mínimos estabelecidos na IN 28/2018 e suas atualizações
4) Alegação: O zinco contribui para a manutenção do cabelo, da pele e das unhas. Requisitos: As alegações são restritas aos suplementos alimentares cuja quantidade de zinco atenda aos valores mínimos estabelecidos na IN 28/2018 e suas atualizações
5) Alegação: O zinco auxilia no metabolismo de proteínas, carboidratos e gorduras. Requisitos: As alegações são restritas aos suplementos alimentares cuja quantidade de zinco atenda aos valores mínimos estabelecidos na IN 28/2018 e suas atualizações
6) Alegação: O zinco auxilia na síntese de proteínas. Requisitos: As alegações são restritas aos suplementos alimentares cuja quantidade de zinco atenda aos valores mínimos estabelecidos na IN 28/2018 e suas atualizações.
7) Alegação: O zinco auxilia no processo de divisão celular. Requisitos: As alegações são restritas aos suplementos alimentares cuja quantidade de zinco atenda aos valores mínimos estabelecidos na IN 28/2018 e suas atualizações
8) Alegação: O zinco auxilia na manutenção de ossos. Requisitos: As alegações são restritas aos suplementos alimentares cuja quantidade de zinco atenda aos valores mínimos estabelecidos na IN 28/2018 e suas atualizações
9) Alegação: O zinco auxilia no funcionamento do sistema imune. Requisitos: As alegações são restritas aos suplementos alimentares cuja quantidade de zinco atenda aos valores mínimos estabelecidos na IN 28/2018 e suas atualizações
10) Alegação: Fonte de zinco.Requisitos: As alegações são restritas aos suplementos alimentares cuja quantidade de zinco atenda aos valores mínimos estabelecidos na IN 28/2018 e suas atualizações
11) Alegação: Alto conteúdo/Rico em/Alto teor de zinco. Requisitos: A alegação é restrita aos suplementos alimentares cuja quantidade de zinco corresponda ao dobro dos valores mínimos estabelecidos na IN 28/2018 e suas atualizações, desde que não ultrapasse o limite máximo estabelecido na IN 28/2018 e suas atualizações.",Não há requisitos adicionais,
L-Isoleucina,73-32-5,"European pharmacopoeia 9.0 

USP-NF

FCC",Fonte do aminoácido L-Isoleucina,Não autorizada alegação de propriedade funcional e/ou saúde para esse ingrediente.,"A advertência ""Este produto não deve ser consumido por gestantes, lactantes e crianças"" deve constar na rotulagem do produto.",
L-Leucina,61-90-5,"European pharmacopoeia 9.0 

USP-NF

FCC",Fonte do aminoácido L-Leucina,Não autorizada alegação de propriedade funcional e/ou saúde para esse ingrediente.,"A advertência ""Este produto não deve ser consumido por gestantes, lactantes e crianças"" deve constar na rotulagem do produto.",
L-metilfolato de cálcio,151533-22-1,"65th JECFA (2005), FNP
52 Add 13 (2005), FAO JECFA MOGRAPHS 1 (2006)",Fonte de Ácido Fólico,"1) Alegação: O ácido fólico auxilia na formação do tubo neural do feto durante a gravidez. Requisitos: As alegações são restritas aos suplementos alimentares cuja quantidade de ácido fólico atenda aos valores mínimos estabelecidos na IN 28/2018 e suas atualizações. O termo ""vitamina B9"" pode ser usado em substituição ao termo ""ácido fólico"" nas alegações.
2) Alegação: O ácido fólico auxilia na síntese de aminoácidos.  Requisitos:  As alegações são restritas aos suplementos alimentares cuja quantidade de ácido fólico atenda aos valores mínimos estabelecidos na IN 28/2018 e suas atualizações. O termo ""vitamina B9"" pode ser usado em substituição ao termo ""ácido fólico"" nas alegações.
3) Alegação: O ácido fólico auxilia no processo de divisão celular. Requisitos: As alegações são restritas aos suplementos alimentares cuja quantidade de ácido fólico atenda aos valores mínimos estabelecidos na IN 28/2018 e suas atualizações. O termo ""vitamina B9"" pode ser usado em substituição ao termo ""ácido fólico"" nas alegações.
4) Alegação: O ácido fólico auxilia no funcionamento do sistema imune. Requisitos:  As alegações são restritas aos suplementos alimentares cuja quantidade de ácido fólico atenda aos valores mínimos estabelecidos na IN 28/2018 e suas atualizações. O termo ""vitamina B9"" pode ser usado em substituição ao termo ""ácido fólico"" nas alegações.
5) Alegação: O ácido fólico auxilia no metabolismo da homocisteína.
Requisitos:  As alegações são restritas aos suplementos alimentares cuja quantidade de ácido fólico atenda aos valores mínimos estabelecidos na IN 28/2018 e suas atualizações. O termo ""vitamina B9"" pode ser usado em substituição ao termo ""ácido fólico"" nas alegações.
6) Alegação: O ácido fólico auxilia na formação das células vermelhas do sangue. Requisitos:  As alegações são restritas aos suplementos alimentares cuja quantidade de ácido fólico atenda aos valores mínimos estabelecidos na IN 28/2018 e suas atualizações. O termo ""vitamina B9"" pode ser usado em substituição ao termo ""ácido fólico"" nas alegações.
7) Alegação: Fonte de ácido fólico. Requisitos:  As alegações são restritas aos suplementos alimentares cuja quantidade de ácido fólico atenda aos valores mínimos estabelecidos na IN 28/2018 e suas atualizações. O termo ""vitamina B9"" pode ser usado em substituição ao termo ""ácido fólico"" nas alegações.
8) Alegação: Alto conteúdo/Rico em/Alto teor de ácido fólico. Requisitos:   A alegação é restrita aos suplementos alimentares cuja quantidade de ácido fólico corresponda ao dobro dos valores mínimos estabelecidos na IN 28/2018 e suas atualizações, desde que não ultrapasse o limite máximo estabelecido na IN 28/2018. O termo ""vitamina B9"" pode ser usado em substituição ao termo ""ácido fólico"" nas alegações.",Não há requisitos adicionais,v
L-metilfolato de glicosamina,181972-37-1,European Food Safety Authority - EFSA,Fonte de Ácido Fólico,"1) Alegação: O ácido fólico auxilia na formação do tubo neural do feto durante a gravidez. Requisitos: As alegações são restritas aos suplementos alimentares cuja quantidade de ácido fólico atenda aos valores mínimos estabelecidos na IN 28/2018 e suas atualizações.
2) Alegação: O ácido fólico auxilia na síntese de aminoácidos.  Requisitos: As alegações são restritas aos suplementos alimentares cuja quantidade de ácido fólico atenda aos valores mínimos estabelecidos na IN 28/2018 e suas atualizações.
3) Alegação: O ácido fólico auxilia no processo de divisão celular. Requisitos: As alegações são restritas aos suplementos alimentares cuja quantidade de ácido fólico atenda aos valores mínimos estabelecidos na IN 28/2018 e suas atualizações. 
4) Alegação: O ácido fólico auxilia no funcionamento do sistema imune. Requisitos: As alegações são restritas aos suplementos alimentares cuja quantidade de ácido fólico atenda aos valores mínimos estabelecidos na IN 28/2018 e suas atualizações.
5) Alegação: O ácido fólico auxilia no metabolismo da homocisteína.
Requisitos: As alegações são restritas aos suplementos alimentares cuja quantidade de ácido fólico atenda aos valores mínimos estabelecidos na IN 28/2018 e suas atualizações.
6) Alegação: O ácido fólico auxilia na formação das células vermelhas do sangue. Requisitos: As alegações são restritas aos suplementos alimentares cuja quantidade de ácido fólico atenda aos valores mínimos estabelecidos na IN 28/2018 e suas atualizações.
7) Alegação: Fonte de ácido fólico. Requisitos: As alegações são restritas aos suplementos alimentares cuja quantidade de ácido fólico atenda aos valores mínimos estabelecidos na IN 28/2018 e suas atualizações.
8) Alegação: Alto conteúdo/Rico em/Alto teor de ácido fólico. Requisitos:  A alegação é restrita aos suplementos alimentares cuja quantidade de ácido fólico corresponda ao dobro dos valores mínimos estabelecidos na IN 28/2018 e suas atualizações, desde que não ultrapasse o limite máximo estabelecido.","A advertência “EM GESTANTES, DEVE SER AVALIADO SE A CONDIÇÃO MATERNA JUSTIFICA O RISCO POTENCIAL PARA O FETO, CONSIDERANDO QUE AS EVIDÊNCIAS SÃO MUITO LIMITADAS PARA DETERMINAR O RISCO DA GLICOSAMINA NA GESTAÇÃO"" deve constar na rotulagem do produto.","constituinte PERMITIDO APENAS PARA SUPLEMENTOS ALIMENTARES INDICADOS PARA INDIVÍDUOS A PARTIR DE 19 ANOS DE IDADE E GESTANTES, conforme nota vii do Anexo I da IN 76/2020."
L-Metionina,63-68-3,"European pharmacopoeia 9.0 

 USP-NF

FCC",Fonte do aminoácido L-Metionina,Não autorizada alegação de propriedade funcional e/ou saúde para esse ingrediente.,"A advertência ""Este produto não deve ser consumido por gestantes, lactantes e crianças"" deve constar na rotulagem do produto.",
L-Prolina,147-85-3,FCC,Fonte do aminoácido L-Prolina,Não autorizada alegação de propriedade funcional e/ou saúde para esse ingrediente.,"A advertência ""Este produto não deve ser consumido por gestantes, lactantes e crianças"" deve constar na rotulagem do produto.",
L-Selenometionina,3211-76-5,"USP-NF 

FCC",Fonte de Selênio,"1) Alegação: O selênio é um antioxidante que auxilia na proteção dos danos causados pelos radicais livres. Requisitos: As alegações são restritas aos suplementos alimentares cuja quantidade de selênio atenda aos valores mínimos estabelecidos na IN 28/2018 e suas atualizações
2) Alegação: O selênio auxilia no funcionamento do sistema imune. Requisitos: As alegações são restritas aos suplementos alimentares cuja quantidade de selênio atenda aos valores mínimos estabelecidos na IN 28/2018 e suas atualizações.
3) Alegação: Fonte de selênio. Requisitos: As alegações são restritas aos suplementos alimentares cuja quantidade de selênio atenda aos valores mínimos estabelecidos na IN 28/2018 e suas atualizações.
4) Alegação: Alto conteúdo/Rico em/Alto teor de selênio. Requisitos: A alegação é restrita aos suplementos alimentares cuja quantidade de selênio corresponda ao dobro dos valores mínimos estabelecidos na IN 28/2018 e suas atualizações., desde que não ultrapasse o limite máximo estabelecido na IN 28/2018 e suas atualizações.",Não há requisitos adicionais,
L-Serina,56-45-1,FCC,Fonte do aminoácido L-Serina,Não autorizada alegação de propriedade funcional e/ou saúde para esse ingrediente.,"A advertência ""Este produto não deve ser consumido por gestantes, lactantes e crianças"" deve constar na rotulagem do produto.",
L-teanina de folhas de Camellia sinensis.,3081-61-6,Para este constituinte foram aprovadas as especificações do fabricante: Blue California CO.,Fonte de L-teanina,Não foi aprovada alegação de propriedade funcional nem de saúde para o ingrediente,,
L-Tirosina,60-18-4,"European pharmacopoeia 9.0 

 USP-NF

FCC",Fonte do aminoácido L-Tirosina,Não autorizada alegação de propriedade funcional e/ou saúde para esse ingrediente.,"A advertência ""Este produto não deve ser consumido por gestantes, lactantes e crianças"" deve constar na rotulagem do produto.",
L-Treonina,72-19-5,"European pharmacopoeia 9.0 

 USP-NF

FCC",Fonte de L-Treonina,Não autorizada alegação de propriedade funcional e/ou saúde para esse ingrediente.,Não há requisitos adicionais,
L-Triptofano,73-22-3,"European pharmacopoeia 9.0 

 USP-NF

FCC",Fonte do aminoácido Triptofano,Não autorizada alegação de propriedade funcional e/ou saúde para esse ingrediente.,"A advertência ""Este produto não deve ser consumido por gestantes, lactantes e crianças"" deve constar na rotulagem do produto.",
L-triptofano de glicose de milho (Zea maysL.),,Para este constituinte foram aprovadas as especificações do fabricante: Kyowa Hakko Bio Co Ltd - Tóquio - Japão.,Fonte do aminoácido Triptofano,Não autorizada alegação de propriedade funcional e/ou saúde para esse ingrediente.,"A advertência ""Este produto não deve ser consumido por gestantes, lactantes e crianças"" deve constar na rotulagem do produto.",
Luteína da flor deTagetes erecta,127-40-2,"FCC 

63rd JECFA (2004), FNP52 Add 12 (2004), FAO JECFA MONOGRAPHS 11 (2006)

USP-NF",Fonte de Luteína,Não autorizada alegação de propriedade funcional e/ou saúde para esse ingrediente.,"A advertência ""Este produto não deve ser consumido por gestantes, lactantes e crianças"" deve constar na rotulagem do produto.",
L-Valina,72-18-4,"European pharmacopoeia 9.0 

 USP-NF

FCC",Fonte do aminoácido L-Valina,Não autorizada alegação de propriedade funcional e/ou saúde para esse ingrediente.,"A advertência ""Este produto não deve ser consumido por gestantes, lactantes e crianças"" deve constar na rotulagem do produto.",
Magnésio citrato malato,1259381-40-2,The EFSA Journal 2018;16(12):5484,Fonte de Magnésio,"1) Alegação:O magnésio auxilia na formação de ossos e dentes. Requisitos:  As alegações são restritas aos suplementos alimentares cuja quantidade de magnésio atenda aos valores mínimos estabelecidos na IN 28/2018 e suas atualizações.
2) Alegação: O magnésio auxilia no metabolismo energético. Requisitos:  As alegações são restritas aos suplementos alimentares cuja quantidade de magnésio atenda aos valores mínimos estabelecidos na IN 28/2018 e suas atualizações
3) Alegação: O magnésio auxilia no metabolismo de proteínas, carboidratos e gorduras. Requisitos:  As alegações são restritas aos suplementos alimentares cuja quantidade de magnésio atenda aos valores mínimos estabelecidos na IN 28/2018 e suas atualizações.
4) Alegação: O magnésio auxilia no equilíbrio dos eletrólitos. Requisitos:  As alegações são restritas aos suplementos alimentares cuja quantidade de magnésio atenda aos valores mínimos estabelecidos na IN 28/2018 e suas atualizações.
5) Alegação:  O magnésio auxilia no funcionamento muscular. Requisitos: As alegações são restritas aos suplementos alimentares cuja quantidade de magnésio atenda aos valores mínimos estabelecidos na IN 28/2018 e suas atualizações.
6) Alegação: O magnésio auxilia no funcionamento neuromuscular. Requisitos: As alegações são restritas aos suplementos alimentares cuja quantidade de magnésio atenda aos valores mínimos estabelecidos na IN 28/2018 e suas atualizações.
7) Alegação: O magnésio auxilia no processo de divisão celular. Requisitos: As alegações são restritas aos suplementos alimentares cuja quantidade de magnésio atenda aos valores mínimos estabelecidos na IN 28/2018 e suas atualizações.
8) Alegação: Fonte de magnésio. Requisitos: As alegações são restritas aos suplementos alimentares cuja quantidade de magnésio atenda aos valores mínimos estabelecidos na IN 28/2018 e suas atualizações.
9) Alegação: Alto conteúdo/Rico em/Alto teor de magnésio. Requisitos: A alegação é restrita aos suplementos alimentares cuja quantidade de magnésio corresponda ao dobro dos valores mínimos estabelecidos na IN 28/2018 e suas atualizações, desde que não ultrapasse o limite máximo estabelecido na IN 28/2018 e suas atualizações.",Não há requisitos adicionais,
Magnésio creatina quelato,,Para este constituinte foram aprovadas as especificações do fabricante: Albion Laboratories Inc - Utah - EUA.,Fonte de Magnésio,"1) Alegação:O magnésio auxilia na formação de ossos e dentes. Requisitos:  As alegações são restritas aos suplementos alimentares cuja quantidade de magnésio atenda aos valores mínimos estabelecidos na IN 28/2018 e suas atualizações.
2) Alegação: O magnésio auxilia no metabolismo energético. Requisitos:  As alegações são restritas aos suplementos alimentares cuja quantidade de magnésio atenda aos valores mínimos estabelecidos na IN 28/2018 e suas atualizações
3) Alegação: O magnésio auxilia no metabolismo de proteínas, carboidratos e gorduras. Requisitos:  As alegações são restritas aos suplementos alimentares cuja quantidade de magnésio atenda aos valores mínimos estabelecidos na IN 28/2018 e suas atualizações.
4) Alegação: O magnésio auxilia no equilíbrio dos eletrólitos. Requisitos:  As alegações são restritas aos suplementos alimentares cuja quantidade de magnésio atenda aos valores mínimos estabelecidos na IN 28/2018 e suas atualizações.
5) Alegação:  O magnésio auxilia no funcionamento muscular. Requisitos: As alegações são restritas aos suplementos alimentares cuja quantidade de magnésio atenda aos valores mínimos estabelecidos na IN 28/2018 e suas atualizações.
6) Alegação: O magnésio auxilia no funcionamento neuromuscular. Requisitos: As alegações são restritas aos suplementos alimentares cuja quantidade de magnésio atenda aos valores mínimos estabelecidos na IN 28/2018 e suas atualizações.
7) Alegação: O magnésio auxilia no processo de divisão celular. Requisitos: As alegações são restritas aos suplementos alimentares cuja quantidade de magnésio atenda aos valores mínimos estabelecidos na IN 28/2018 e suas atualizações.
8) Alegação: Fonte de magnésio. Requisitos: As alegações são restritas aos suplementos alimentares cuja quantidade de magnésio atenda aos valores mínimos estabelecidos na IN 28/2018 e suas atualizações.
9) Alegação: Alto conteúdo/Rico em/Alto teor de magnésio. Requisitos: A alegação é restrita aos suplementos alimentares cuja quantidade de magnésio corresponda ao dobro dos valores mínimos estabelecidos na IN 28/2018 e suas atualizações, desde que não ultrapasse o limite máximo estabelecido na IN 28/2018 e suas atualizações.",Não há requisitos adicionais,
Malato de cálcio,17482-42-7,"FCC 

19th JECFA (1975), NMRS 55B (1976), FNP 52 (1992), FAO JECFA MONOGRAPHS 1 (2006)

USP-NF",Fonte de Cálcio,"1) Alegação: O cálcio auxilia na formação e manutenção de ossos e dentes. Requisito: As alegações são restritas aos suplementos alimentares cuja quantidade de cálcio atenda aos valores mínimos estabelecidos na IN 28/2018 e suas atualizações.
2) Alegação: O cálcio auxilia na coagulação do sangue. Requisito: As alegações são restritas aos suplementos alimentares cuja quantidade de cálcio atenda aos valores mínimos estabelecidos na IN 28/2018 e suas atualizações.
3) Alegação: O cálcio auxilia no funcionamento muscular. Requisito: As alegações são restritas aos suplementos alimentares cuja quantidade de cálcio atenda aos valores mínimos estabelecidos na IN 28/2018 e suas atualizações.
4) Alegação: O cálcio auxilia no funcionamento neuromuscular. Requisito: As alegações são restritas aos suplementos alimentares cuja quantidade de cálcio atenda aos valores mínimos estabelecidos na IN 28/2018 e suas atualizações.
5) Alegação: O cálcio auxilia no processo de divisão celular. Requisito: As alegações são restritas aos suplementos alimentares cuja quantidade de cálcio atenda aos valores mínimos estabelecidos na IN 28/2018 e suas atualizações.
6) Alegação: O cálcio auxilia no metabolismo energético. Requisito: As alegações são restritas aos suplementos alimentares cuja quantidade de cálcio atenda aos valores mínimos estabelecidos na IN 28/2018 e suas atualizações.
7) Alegação: Fonte de cálcio. Requisito: As alegações são restritas aos suplementos alimentares cuja quantidade de cálcio atenda aos valores mínimos estabelecidos na IN 28/2018 e suas atualizações.
8) Realagação: Alto conteúdo/Rico em/Alto teor de cálcio. Requisitos:
A alegação é restrita aos suplementos alimentares cuja quantidade de cálcio corresponda ao dobro dos valores mínimos estabelecidos na IN 28/2018 e suas atualizações, desde que não ultrapasse o limite máximo estabelecido.",Não há requisitos adicionais,
Malato de magnésio,869-06-7,"The EFSA Journal (2006) 391a,b,c,d, 1-6",Fonte de Magnésio,"1) Alegação:O magnésio auxilia na formação de ossos e dentes. Requisitos:  As alegações são restritas aos suplementos alimentares cuja quantidade de magnésio atenda aos valores mínimos estabelecidos na IN 28/2018 e suas atualizações.
2) Alegação: O magnésio auxilia no metabolismo energético. Requisitos:  As alegações são restritas aos suplementos alimentares cuja quantidade de magnésio atenda aos valores mínimos estabelecidos na IN 28/2018 e suas atualizações
3) Alegação: O magnésio auxilia no metabolismo de proteínas, carboidratos e gorduras. Requisitos:  As alegações são restritas aos suplementos alimentares cuja quantidade de magnésio atenda aos valores mínimos estabelecidos na IN 28/2018 e suas atualizações.
4) Alegação: O magnésio auxilia no equilíbrio dos eletrólitos. Requisitos:  As alegações são restritas aos suplementos alimentares cuja quantidade de magnésio atenda aos valores mínimos estabelecidos na IN 28/2018 e suas atualizações.
5) Alegação:  O magnésio auxilia no funcionamento muscular. Requisitos: As alegações são restritas aos suplementos alimentares cuja quantidade de magnésio atenda aos valores mínimos estabelecidos na IN 28/2018 e suas atualizações.
6) Alegação: O magnésio auxilia no funcionamento neuromuscular. Requisitos: As alegações são restritas aos suplementos alimentares cuja quantidade de magnésio atenda aos valores mínimos estabelecidos na IN 28/2018 e suas atualizações.
7) Alegação: O magnésio auxilia no processo de divisão celular. Requisitos: As alegações são restritas aos suplementos alimentares cuja quantidade de magnésio atenda aos valores mínimos estabelecidos na IN 28/2018 e suas atualizações.
8) Alegação: Fonte de magnésio. Requisitos: As alegações são restritas aos suplementos alimentares cuja quantidade de magnésio atenda aos valores mínimos estabelecidos na IN 28/2018 e suas atualizações.
9) Alegação: Alto conteúdo/Rico em/Alto teor de magnésio. Requisitos: A alegação é restrita aos suplementos alimentares cuja quantidade de magnésio corresponda ao dobro dos valores mínimos estabelecidos na IN 28/2018 e suas atualizações, desde que não ultrapasse o limite máximo estabelecido na IN 28/2018 e suas atualizações.",Não há requisitos adicionais,
Malato de potássio,585-09-1,,Fonte de Potássio,Não autorizada alegação de propriedade funcional e/ou saúde para esse ingrediente.,Não há requisitos adicionais,
Malato de zinco,"	
2847-05-4","The EFSA Journal (2006) 391a,b,c,d, 1-6",Fonte de Zinco,"1) Alegação: O zinco é um antioxidante que auxilia na proteção dos danos causados pelos radicais livres. Requisitos: As alegações são restritas aos suplementos alimentares cuja quantidade de zinco atenda aos valores mínimos estabelecidos na IN 28/2018 e suas atualizações.
2) Alegação: O zinco auxilia na visão. Requisitos: As alegações são restritas aos suplementos alimentares cuja quantidade de zinco atenda aos valores mínimos estabelecidos na IN 28/2018 e suas atualizações.
3) Alegação: O zinco auxilia no metabolismo da vitamina A. Requisitos: As alegações são restritas aos suplementos alimentares cuja quantidade de zinco atenda aos valores mínimos estabelecidos na IN 28/2018 e suas atualizações
4) Alegação: O zinco contribui para a manutenção do cabelo, da pele e das unhas. Requisitos: As alegações são restritas aos suplementos alimentares cuja quantidade de zinco atenda aos valores mínimos estabelecidos na IN 28/2018 e suas atualizações
5) Alegação: O zinco auxilia no metabolismo de proteínas, carboidratos e gorduras. Requisitos: As alegações são restritas aos suplementos alimentares cuja quantidade de zinco atenda aos valores mínimos estabelecidos na IN 28/2018 e suas atualizações
6) Alegação: O zinco auxilia na síntese de proteínas. Requisitos: As alegações são restritas aos suplementos alimentares cuja quantidade de zinco atenda aos valores mínimos estabelecidos na IN 28/2018 e suas atualizações.
7) Alegação: O zinco auxilia no processo de divisão celular. Requisitos: As alegações são restritas aos suplementos alimentares cuja quantidade de zinco atenda aos valores mínimos estabelecidos na IN 28/2018 e suas atualizações
8) Alegação: O zinco auxilia na manutenção de ossos. Requisitos: As alegações são restritas aos suplementos alimentares cuja quantidade de zinco atenda aos valores mínimos estabelecidos na IN 28/2018 e suas atualizações
9) Alegação: O zinco auxilia no funcionamento do sistema imune. Requisitos: As alegações são restritas aos suplementos alimentares cuja quantidade de zinco atenda aos valores mínimos estabelecidos na IN 28/2018 e suas atualizações
10) Alegação: Fonte de zinco.Requisitos: As alegações são restritas aos suplementos alimentares cuja quantidade de zinco atenda aos valores mínimos estabelecidos na IN 28/2018 e suas atualizações
11) Alegação: Alto conteúdo/Rico em/Alto teor de zinco. Requisitos: A alegação é restrita aos suplementos alimentares cuja quantidade de zinco corresponda ao dobro dos valores mínimos estabelecidos na IN 28/2018 e suas atualizações, desde que não ultrapasse o limite máximo estabelecido na IN 28/2018 e suas atualizações.",Não há requisitos adicionais,
Maltodextrina,,"FCC

USP-NF",Fonte de carboidrato,"1) Alegação: Os carboidratos auxiliam na recuperação da função muscular normal após exercícios extenuantes. Requisitos: A alegação é restrita aos suplementos alimentares cuja:
a) quantidade de carboidratos metabolizáveis atenda aos valores mínimos estabelecidos na IN 28/2018 e suas atualizações; e
b) informação sobre o consumo na dose de 4 g/kg de peso corpóreo, nas primeiras 4 a 6 horas após o exercício extenuante, conste na rotulagem do produto.
 2) Alegação: Auxilia a manutenção do equilíbrio de fluidos e eletrólitos e no desempenho de exercícios físicos de resistência. Restrições: A alegação é restrita aos suplementos alimentares que:
a) forneçam carboidratos como principal fonte de energia;
b) contenham no mínimo 80 kcal/L e no máximo 350 kcal/L;
c) contenham no mínimo 75% da energia derivada de carboidratos metabolizáveis;
d) contenham no mínimo 20 mmol/L (460 mg/L) de sódio (na forma de Na+) e máximo 50 mmol/L (1150 mg/L) de sódio (na forma de Na+); e
e) apresentem osmolalidade entre 200 e 330 mOsml/kg de água. 
3) Alegação: Isotônico: Requisitos: A alegação é restrita aos suplementos alimentares que:
a) forneçam carboidratos como principal fonte de energia;
b) contenham no mínimo 80 kcal/L e no máximo 350 kcal/L;
c) contenham no mínimo 75% da energia derivada de carboidratos metabolizáveis;
d) contenham no mínimo 20 mmol/L (460 mg/L) de sódio (na forma de Na+) e máximo 50 mmol/L (1150 mg/L) de sódio (na forma de Na+); e   e) apresentem osmolalidade entre 270 e 330 mOsml/kg de água.",Não há requisitos adicionais,
Maltodextrina resistente de milho (Zea maysL.),,"Para este constituinte foram aprovadas as especificações dos fabricantes: Tate & Lyle - Ilinois - EUA e                                                                                                                                            ADM – Archer Daniels Midland Company, localizada em Clinton/EUA e Tiajin/China.",Fonte de fibras alimentares,"1) Alegação: As fibras alimentares auxiliam no funcionamento do intestino.
Requisitos: As alegações são restritas aos suplementos alimentares cuja quantidade de fibras alimentares atenda aos valores mínimos estabelecidos na IN 28/2018 e suas atualizações.
2) Alegação: Fonte de fibras. Requisitos: As alegações são restritas aos suplementos alimentares cuja quantidade de fibras alimentares atenda aos valores mínimos estabelecidos na IN 28/2018 e suas atualizações.",Não há requisitos adicionais,
Mel,,"Para estes constituintes, aplicam-se somente as especificações estabelecidas na Instrução Normativa nº 11, de 20 de outubro de 2000, que aprova os regulamentos técnicos de identidade e qualidade do mel, e suas atualizações.",Fonte de carboidrato,"1) Alegação: Os carboidratos auxiliam na recuperação da função muscular normal após exercícios extenuantes. Requisitos: A alegação é restrita aos suplementos alimentares cuja:
a) quantidade de carboidratos metabolizáveis atenda aos valores mínimos estabelecidos na IN 28/2018 e suas atualizações; e
b) informação sobre o consumo na dose de 4 g/kg de peso corpóreo, nas primeiras 4 a 6 horas após o exercício extenuante, conste na rotulagem do produto.
 2) Alegação: Auxilia a manutenção do equilíbrio de fluidos e eletrólitos e no desempenho de exercícios físicos de resistência. Restrições: A alegação é restrita aos suplementos alimentares que:
a) forneçam carboidratos como principal fonte de energia;
b) contenham no mínimo 80 kcal/L e no máximo 350 kcal/L;
c) contenham no mínimo 75% da energia derivada de carboidratos metabolizáveis;
d) contenham no mínimo 20 mmol/L (460 mg/L) de sódio (na forma de Na+) e máximo 50 mmol/L (1150 mg/L) de sódio (na forma de Na+); e
e) apresentem osmolalidade entre 200 e 330 mOsml/kg de água. 
3) Alegação: Isotônico: Requisitos: A alegação é restrita aos suplementos alimentares que:
a) forneçam carboidratos como principal fonte de energia;
b) contenham no mínimo 80 kcal/L e no máximo 350 kcal/L;
c) contenham no mínimo 75% da energia derivada de carboidratos metabolizáveis;
d) contenham no mínimo 20 mmol/L (460 mg/L) de sódio (na forma de Na+) e máximo 50 mmol/L (1150 mg/L) de sódio (na forma de Na+); e   e) apresentem osmolalidade entre 270 e 330 mOsml/kg de água.",Não há requisitos adicionais,
Melatonina,73-31-4,USP-NF,Fonte de Melatonina,Não autorizada alegação de propriedade funcional e/ou saúde para esse ingrediente.,"A advertência ""Este produto não deve ser consumido por gestantes, lactantes, crianças e pessoas envolvidas em atividades que requerem atenção constante. Pessoas com enfermidades e/ou sob o uso de medicamentos, consulte seu médico.""
deve constar na rotulagem do produto.",
Membrana de casca de ovo,,"Para esse constituinte foram aprovadas as especificações do fabricante: ESM Technologies. Missouri, EUA",Fonte de ácido hialurônico,Não autorizada alegação de propriedade funcional e/ou saúde para esse ingrediente.,"A advertência ""Este produto não deve ser consumido por indivíduos portadores de alergia à proteína de ovo."" “Este produto não deve ser consumido por gestantes, lactantes e crianças.” deve constar na rotulagem do produto. ",
Membrana de casca de ovo,,"Para esse constituinte foram aprovadas as especificações do fabricante: ESM Technologies. Missouri, EUA",Fonte de Colágeno,Não autorizada alegação de propriedade funcional e/ou saúde para esse ingrediente.,"A advertência ""Este produto não deve ser consumido por indivíduos portadores de alergia à proteína de ovo."" “Este produto não deve ser consumido por gestantes, lactantes e crianças.” deve constar na rotulagem do produto. ",
Membrana de casca de ovo,,"Para esse constituinte foram aprovadas as especificações do fabricante: ESM Technologies. Missouri, EUA",Fonte de Glicosaminoglicanos,Não autorizada alegação de propriedade funcional e/ou saúde para esse ingrediente.,"A advertência ""Este produto não deve ser consumido por indivíduos portadores de alergia à proteína de ovo."" “Este produto não deve ser consumido por gestantes, lactantes e crianças.” deve constar na rotulagem do produto.",
Menaquinona-7,2124-57-4,USP-NF,Fonte de Vitamina K,"1) Alegacão: A vitamina K auxilia na coagulação do sangue. Requisitos: As alegações são restritas aos suplementos alimentares cuja quantidade de vitamina K atenda aos valores mínimos estabelecidos na IN 28/2018 e suas atualizações.
2) Alegação: A vitamina K auxilia na manutenção dos ossos. Requisitos: As alegações são restritas aos suplementos alimentares cuja quantidade de vitamina K atenda aos valores mínimos estabelecidos na IN 28/2018 e suas atualizações.
3) Alegação: Fonte de vitamina K. Requisitos: As alegações são restritas aos suplementos alimentares cuja quantidade de vitamina K atenda aos valores mínimos estabelecidos na IN 28/2018 e suas atualizações.
4) Alegação: Alto conteúdo/Rico em/Alto teor de vitamina K.  Requisitos: A alegação é restrita aos suplementos alimentares cuja quantidade de vitamina K corresponda ao dobro dos valores mínimos estabelecidos na IN 28/2018 e suas atualizações, desde que não ultrapasse o limite máximo estabelecido.",Não há requisitos adicionais,
Meso-zeaxantina,31272-50-1,FCC,Fonte de Zeaxantina,Não autorizada alegação de propriedade funcional e/ou saúde para esse ingrediente.,"A advertência ""Este produto não deve ser consumido por gestantes, lactantes e crianças"" deve constar na rotulagem do produto.",
Metilcobalamina,13422-55-4,"The EFSA Journal (2008) 815, 1-21

USP-NF",Fonte de vitamina B12,"1) Alegação: A vitamina B12 auxilia na formação de células vermelhas do sangue. Requisitos: As alegações são restritas aos suplementos alimentares cuja quantidade de vitamina B12 atenda aos valores mínimos estabelecidos na IN 28/2018 e suas atualizações. O termo ""cianocobalamina"" pode ser usado em substituição ao termo ""vitamina B12"" nas alegações
2) Alegação:  A vitamina B12 auxilia no funcionamento do sistema imune. Requisitos: As alegações são restritas aos suplementos alimentares cuja quantidade de vitamina B12 atenda aos valores mínimos estabelecidos na IN 28/2018 e suas atualizações. O termo ""cianocobalamina"" pode ser usado em substituição ao termo ""vitamina B12"" nas alegações.
3) Alegação: A vitamina B12 auxilia no metabolismo energético. Requisitos: As alegações são restritas aos suplementos alimentares cuja quantidade de vitamina B12 atenda aos valores mínimos estabelecidos na IN 28/2018 e suas atualizações. O termo ""cianocobalamina"" pode ser usado em substituição ao termo ""vitamina B12"" nas alegações
4) Alegação: A vitamina B12 auxilia no metabolismo dos carboidratos, proteínas e gorduras. Requisitos: As alegações são restritas aos suplementos alimentares cuja quantidade de vitamina B12 atenda aos valores mínimos estabelecidos na IN 28/2018 e suas atualizações. O termo ""cianocobalamina"" pode ser usado em substituição ao termo ""vitamina B12"" nas alegações
5) Alegação: A vitamina B12 auxilia no metabolismo da homocisteína. Requisitos: As alegações são restritas aos suplementos alimentares cuja quantidade de vitamina B12 atenda aos valores mínimos estabelecidos na IN 28/2018 e suas atualizações. O termo ""cianocobalamina"" pode ser usado em substituição ao termo ""vitamina B12"" nas alegações.
6) Alegação: A vitamina B12 auxilia no processo de divisão celular. Requisitos: As alegações são restritas aos suplementos alimentares cuja quantidade de vitamina B12 atenda aos valores mínimos estabelecidos na IN 28/2018 e suas atualizações. O termo ""cianocobalamina"" pode ser usado em substituição ao termo ""vitamina B12"" nas alegações
7) Alegação: Fonte de vitamina B12. Requisitos: As alegações são restritas aos suplementos alimentares cuja quantidade de vitamina B12 atenda aos valores mínimos estabelecidos na IN 28/2018 e suas atualizações. O termo ""cianocobalamina"" pode ser usado em substituição ao termo ""vitamina B12"" nas alegações
8) Alegação: Alto conteúdo/Rico em/Alto teor de vitamina B12. Requisitos: A alegação é restrita aos suplementos alimentares cuja quantidade de vitamina B12 corresponda ao dobro dos valores mínimos estabelecidos na IN 28/2018 e suas atualizações, desde que não ultrapasse o limite máximo estabelecido na IN 28/2018. O termo ""cianocobalamina"" pode ser usado em substituição ao termo ""vitamina B12"" nas alegações. 
9) Alegação: A vitamina B12 auxilia na função normal do sistema nervoso. Requisitos: As alegações são restritas aos suplementos alimentares cuja quantidade de vitamina B12 atenda aos valores mínimos estabelecidos na IN 28/2018 e suas atualizações. O termo ""cianocobalamina"" pode ser usado em substituição ao termo ""vitamina B12"" nas alegações.",Não há requisitos adicionais,
Metilsulfonilmetano (MSM),67-71-0,"Farmacopeia Americana (USP) 

USP Dietary Supplements Compendium (USP-DSC)",Fonte de Metilsulfonilmetano,Não autorizada alegação de propriedade funcional e/ou saúde para esse ingrediente.,"A advertência ""Este produto não deve ser consumido por gestantes, lactantes e crianças"" deve constar na rotulagem do produto.",
Mistura de tocoferóis,,"FCC 

30th JECFA (1986), FNP 37 (1986), FNP 52 (1992), FAO JECFA MONOGRAPHS 1 (2006)",Fonte de Vitamina E,"1) Alegação: A vitamina E é um antioxidante que auxilia na proteção dos danos causados pelos radicais livres. Requisitos: A alegação é restrita aos suplementos alimentares cuja quantidade de vitamina E atenda aos valores mínimos estabelecidos na IN 28/2018 e suas atualizações.
2) Alegação: Fonte de vitamina E. Requisitos: A alegação é restrita aos suplementos alimentares cuja quantidade de vitamina E atenda aos valores mínimos estabelecidos na IN 28/2018 e suas atualizações
3) Alegação: Alto conteúdo/Rico em/Alto teor de vitamina E. Requisitos: A alegação é restrita aos suplementos alimentares cuja quantidade de vitamina E corresponda ao dobro dos valores mínimos estabelecidos na IN 28/2018 e suas atualizações, desde que não ultrapasse o limite máximo estabelecido na IN 28/2018 e suas atualizações.",Não há requisitos adicionais,
Molibdato de amônio,12054-85-2,USP-NF,Fonte de Molibdênio,"1) Alegação: O molibdênio auxilia no metabolismo dos aminoácidos sulfurados. Requisitos: A alegação é restrita aos suplementos alimentares cuja quantidade de molibdênio atenda aos valores mínimos estabelecidos na IN 28/2018 e suas atualizações.
2) Alegação: Fonte de molibdênio. Requisitos: O molibdênio auxilia no metabolismo dos aminoácidos sulfurados. Requisitos: A alegação é restrita aos suplementos alimentares cuja quantidade de molibdênio atenda aos valores mínimos estabelecidos na IN 28/2018 e suas atualizações.
3) Alegação: Alto conteúdo/Rico em/Alto teor de molibdênio. Requisitos: A alegação é restrita aos suplementos alimentares cuja quantidade de molibdênio corresponda ao dobro dos valores mínimos estabelecidos na IN 28/2018 e suas atualizações, desde que não ultrapasse o limite máximo estabelecido na IN 28/2018 e suas atualizações.",Não há requisitos adicionais,
Molibdato de potássio,"	
13446-49-6","The EFSA Journal (2009) 1136, 1-21",Fonte de Molibdênio,"1) Alegação: O molibdênio auxilia no metabolismo dos aminoácidos sulfurados. Requisitos: A alegação é restrita aos suplementos alimentares cuja quantidade de molibdênio atenda aos valores mínimos estabelecidos na IN 28/2018 e suas atualizações.
2) Alegação: Fonte de molibdênio. Requisitos: O molibdênio auxilia no metabolismo dos aminoácidos sulfurados. Requisitos: A alegação é restrita aos suplementos alimentares cuja quantidade de molibdênio atenda aos valores mínimos estabelecidos na IN 28/2018 e suas atualizações.
3) Alegação: Alto conteúdo/Rico em/Alto teor de molibdênio. Requisitos: A alegação é restrita aos suplementos alimentares cuja quantidade de molibdênio corresponda ao dobro dos valores mínimos estabelecidos na IN 28/2018 e suas atualizações, desde que não ultrapasse o limite máximo estabelecido na IN 28/2018 e suas atualizações.",Não há requisitos adicionais,
Molibdato de sódio,7631-95-0,,Fonte de Molibdênio,"1) Alegação: O molibdênio auxilia no metabolismo dos aminoácidos sulfurados. Requisitos: A alegação é restrita aos suplementos alimentares cuja quantidade de molibdênio atenda aos valores mínimos estabelecidos na IN 28/2018 e suas atualizações.
2) Alegação: Fonte de molibdênio. Requisitos: O molibdênio auxilia no metabolismo dos aminoácidos sulfurados. Requisitos: A alegação é restrita aos suplementos alimentares cuja quantidade de molibdênio atenda aos valores mínimos estabelecidos na IN 28/2018 e suas atualizações.
3) Alegação: Alto conteúdo/Rico em/Alto teor de molibdênio. Requisitos: A alegação é restrita aos suplementos alimentares cuja quantidade de molibdênio corresponda ao dobro dos valores mínimos estabelecidos na IN 28/2018 e suas atualizações, desde que não ultrapasse o limite máximo estabelecido na IN 28/2018 e suas atualizações.",Não há requisitos adicionais,
Molibdato de sódio diidratado,10102-40-6,"European pharmacopoeia 9.0 

FCC",Fonte de Molibdênio,"1) Alegação: O molibdênio auxilia no metabolismo dos aminoácidos sulfurados. Requisitos: A alegação é restrita aos suplementos alimentares cuja quantidade de molibdênio atenda aos valores mínimos estabelecidos na IN 28/2018 e suas atualizações.
2) Alegação: Fonte de molibdênio. Requisitos: O molibdênio auxilia no metabolismo dos aminoácidos sulfurados. Requisitos: A alegação é restrita aos suplementos alimentares cuja quantidade de molibdênio atenda aos valores mínimos estabelecidos na IN 28/2018 e suas atualizações.
3) Alegação: Alto conteúdo/Rico em/Alto teor de molibdênio. Requisitos: A alegação é restrita aos suplementos alimentares cuja quantidade de molibdênio corresponda ao dobro dos valores mínimos estabelecidos na IN 28/2018 e suas atualizações, desde que não ultrapasse o limite máximo estabelecido na IN 28/2018 e suas atualizações.",Não há requisitos adicionais,
Monometilsilanotriol estabilizado em colágeno hidrolisado de peixe,2445-53-6,Para esse constituinte foram aprovadas as especificações do fabricante: SEDIFA Laboratoire SAM - Mônaco,Fonte de Silício,Não autorizada alegação de propriedade funcional e/ou saúde para esse ingrediente.,"A advertência “Este produto não deve ser consumido por gestantes, lactantes e crianças.” deve constar na rotulagem do produto.",
Mononucleotídeo de beta-nicotinamida,1094-61-7,"Para este ingrediente foram aprovadas as especificações do proprietário: EFFEPHARM (SHANGHAI) CO., LTD. -
Shanghai City/China.",Fonte de Niacina,"1) Alegação: A niacina contribui para a manutenção da pele. Requisitos: A alegação é restrita aos suplementos alimentares cuja quantidade de niacina atenda aos valores mínimos estabelecidos na IN 28/2018 e suas atualizações. O termo ""vitamina B3"" pode ser usado em substituição ao termo ""niacina"" nas alegações.
2) Alegação: A niacina auxilia na manutenção de mucosas. Requisitos: A alegação é restrita aos suplementos alimentares cuja quantidade de niacina atenda aos valores mínimos estabelecidos na IN 28/2018 e suas atualizações. O termo ""vitamina B3"" pode ser usado em substituição ao termo ""niacina"" nas alegações.
3) Alegação: A niacina auxilia no metabolismo energético.  Requisitos: A alegação é restrita aos suplementos alimentares cuja quantidade de niacina atenda aos valores mínimos estabelecidos na IN 28/2018 e suas atualizações. O termo ""vitamina B3"" pode ser usado em substituição ao termo ""niacina"" nas alegações.
4) Alegação: A niacina auxilia no metabolismo de proteínas, carboidratos e gorduras.  Requisitos: A alegação é restrita aos suplementos alimentares cuja quantidade de niacina atenda aos valores mínimos estabelecidos na IN 28/2018 e suas atualizações. O termo ""vitamina B3"" pode ser usado em substituição ao termo ""niacina"" nas alegações.
5) Alegação: Fonte de niacina.  Requisitos: A alegação é restrita aos suplementos alimentares cuja quantidade de niacina atenda aos valores mínimos estabelecidos na IN 28/2018 e suas atualizações. O termo ""vitamina B3"" pode ser usado em substituição ao termo ""niacina"" nas alegações.
6) Alegação: Alto conteúdo/Rico em/Alto teor de niacina. Requisitos: A alegação é restrita aos suplementos alimentares cuja quantidade de niacina corresponda ao dobro dos valores mínimos estabelecidos na IN 28/2018 e suas atualizações, desde que não ultrapasse o limite máximo estabelecido na IN 28/2018. O termo ""vitamina B3"" pode ser usado em substituição ao termo ""niacina"" nas alegações.",Não há requisitos adicionais,
N-acetil-L-metionina,65-82-7,FCC,Fonte do aminoácido L-Metionina,Não autorizada alegação de propriedade funcional e/ou saúde para esse ingrediente.,"A advertência ""Este produto não deve ser consumido por gestantes, lactantes e crianças"" deve constar na rotulagem do produto.",
Nicotinamida/Niacinamida,98-92-0,"European pharmacopoeia 9.0 

FCC",Fonte de Niacina,"1) Alegação: A niacina contribui para a manutenção da pele. Requisitos: A alegação é restrita aos suplementos alimentares cuja quantidade de niacina atenda aos valores mínimos estabelecidos na IN 28/2018 e suas atualizações. O termo ""vitamina B3"" pode ser usado em substituição ao termo ""niacina"" nas alegações.
2) Alegação: A niacina auxilia na manutenção de mucosas. Requisitos: A alegação é restrita aos suplementos alimentares cuja quantidade de niacina atenda aos valores mínimos estabelecidos na IN 28/2018 e suas atualizações. O termo ""vitamina B3"" pode ser usado em substituição ao termo ""niacina"" nas alegações.
3) Alegação: A niacina auxilia no metabolismo energético.  Requisitos: A alegação é restrita aos suplementos alimentares cuja quantidade de niacina atenda aos valores mínimos estabelecidos na IN 28/2018 e suas atualizações. O termo ""vitamina B3"" pode ser usado em substituição ao termo ""niacina"" nas alegações.
4) Alegação: A niacina auxilia no metabolismo de proteínas, carboidratos e gorduras.  Requisitos: A alegação é restrita aos suplementos alimentares cuja quantidade de niacina atenda aos valores mínimos estabelecidos na IN 28/2018 e suas atualizações. O termo ""vitamina B3"" pode ser usado em substituição ao termo ""niacina"" nas alegações.
5) Alegação: Fonte de niacina.  Requisitos: A alegação é restrita aos suplementos alimentares cuja quantidade de niacina atenda aos valores mínimos estabelecidos na IN 28/2018 e suas atualizações. O termo ""vitamina B3"" pode ser usado em substituição ao termo ""niacina"" nas alegações.
6) Alegação: Alto conteúdo/Rico em/Alto teor de niacina. Requisitos: A alegação é restrita aos suplementos alimentares cuja quantidade de niacina corresponda ao dobro dos valores mínimos estabelecidos na IN 28/2018 e suas atualizações, desde que não ultrapasse o limite máximo estabelecido na IN 28/2018. O termo ""vitamina B3"" pode ser usado em substituição ao termo ""niacina"" nas alegações.",Não há requisitos adicionais,
Nitrato de tiamina/Tiamina mononitrato,532-43-4,"European pharmacopoeia 9.0 

FCC 

USP-NF",Fonte de vitamina B1,"1) Alegação: A tiamina auxilia no metabolismo energético. Requisitos: A alegação é restrita aos suplementos alimentares cuja quantidade de tiamina atenda aos valores mínimos estabelecidos na IN 28/2018 e suas atualizações. O termo ""vitamina B1"" pode ser usado em substituição ao termo ""tiamina"" nas alegações.
2) Alegação:  A tiamina auxilia no metabolismo de proteínas, carboidratos e gorduras. Requisitos:  A alegação é restrita aos suplementos alimentares cuja quantidade de tiamina atenda aos valores mínimos estabelecidos na IN 28/2018 e suas atualizações. O termo ""vitamina B1"" pode ser usado em substituição ao termo ""tiamina"" nas alegações.
3) Alegação: Fonte de tiamina. Requisitos: A alegação é restrita aos suplementos alimentares cuja quantidade de tiamina atenda aos valores mínimos estabelecidos na IN 28/2018 e suas atualizações. O termo ""vitamina B1"" pode ser usado em substituição ao termo ""tiamina"" nas alegações.
4) Alegação: Alto conteúdo/Rico em/Alto teor de tiamina. Requisitos: A alegação é restrita aos suplementos alimentares cuja quantidade de tiamina corresponda ao dobro dos valores mínimos estabelecidos na IN 28/2018 e suas atualizações, desde que não ultrapasse o limite máximo estabelecido na IN 28/2018. O termo ""vitamina B1"" pode ser usado em substituição ao termo ""tiamina"" nas alegações.
5) Alegação: A tiamina auxilia na função normal do sistema nervoso. Requisitos: As alegações são restritas aos suplementos alimentares cuja quantidade de vitamina B1 atenda aos valores mínimos estabelecidos na IN 28/2018 e suas atualizações.  O termo ""vitamina B1"" pode ser usado em substituição ao termo ""tiamina"" nas alegações.",Não há requisitos adicionais,
Oleína de palma (Elaeis guineenses),,"Codex Alimentarius Standard For Named Vegetable Oils, CXS 210-1999","Fonte de Lipídeos
Fonte de Ácido linoleico n-6
Ácido  alfa-linolênico n-3",Não autorizada alegação de propriedade funcional e/ou saúde para esse ingrediente.,Não há requisitos adicionais,
Oleína de palmiste (Elaeis guineenses),,"Codex Alimentarius Standard For Named Vegetable Oils, CXS 210-1999","Fonte de Lipídeos
Fonte de Ácido linoleico n-6
Ácido  alfa-linolênico n-3",Não autorizada alegação de propriedade funcional e/ou saúde para esse ingrediente.,Não há requisitos adicionais,
Óleo de abacate (Persea americana),,"""A composição de ácidos graxos deve atender ao disposto na IN nº 87/2021. RDC nº 481 e IN nº 87, de 2021.""","Fonte de Lipídeos
Fonte de Ácido linoleico n-6
Ácido  alfa-linolênico n-3",Não autorizada alegação de propriedade funcional e/ou saúde para esse ingrediente.,Não há requisitos adicionais,
Óleo de alga Aurantiochytrium sp. NH6181 rico em ácido docosahexaenóico (DHA),,"Para esse constituinte foram aprovadas as especificações do fabricante: Archer Daniels Midland Company, Illinois, Estados Unidos","Fonte de lipídeos
Fonte de DHA","1) Alegação: Fonte de Omega 3. Requisitos: A alegação é restrita aos suplementos alimentares cuja quantidade de EPA e DHA atenda aos valores mínimos estabelecidos na IN 28/2018 e suas atualizações.
2) Alegação: Os ácidos graxos ômega 3 EPA e DHA auxiliam na redução dos triglicerídeos. Requisitos: A alegação é restrita aos suplementos alimentares que forneçam no mínimo 1.500 mg de EPA e DHA somados na recomendação diária de consumo. Não é permitida a alegação caso o suplemento alimentar possua associação de ingredientes fontes de fitoesterois com ingredientes fontes de ácidos graxos ômega 3.",Não há requisitos adicionais,
Óleo de alho (Allium sativumL.),8000-78-0,FCC,Fonte de Alicina,Não autorizada alegação de propriedade funcional e/ou saúde para esse ingrediente.,"A advertência ""Este produto não deve ser consumido por gestantes, lactantes e crianças"" deve constar na rotulagem do produto.",
Óleo de amêndoas (Prunus dulcis),,"European pharmacopeia 9.0

Codex Alimentarius Standard For Named Vegetable Oils, CXS 210-1999

RDC nº 481 e IN nº 87, de 2021","Fonte de Lipídeos
Fonte de Ácido linoleico n-6
Ácido  alfa-linolênico n-3",Não autorizada alegação de propriedade funcional e/ou saúde para esse ingrediente.,Não há requisitos adicionais,
Óleo de amendoim (Arachis hypogaeaL.),8002-03-7.,"FCC 

USP-NF 

RDC nº 481 e IN nº 87, de 2021","Fonte de Lipídeos
Fonte de Ácido linoleico n-6
Ácido  alfa-linolênico n-3",Não autorizada alegação de propriedade funcional e/ou saúde para esse ingrediente.,Não há requisitos adicionais,
Óleo de atum refinado,,STANDARD FOR FISH OILS CODEX STAN 329-2017 Adopted in 2017,"Fonte de EPA
Fonte de DHA","A alegação é restrita aos suplementos alimentares cuja quantidade de EPA e DHA atenda aos valores mínimos estabelecidos na IN 28/2018 e suas atualizações.

Alegação: Os ácidos graxos ômega 3 EPA e DHA auxiliam na redução dos triglicerídeos. Requisitos: A alegação é restrita aos suplementos alimentares que forneçam no mínimo 1.500 mg de EPA e DHA somados na recomendação diária de consumo.

Não é permitida a alegação caso o suplemento alimentar possua associação de ingredientes fontes de fitoesterois com ingredientes fontes de ácidos graxos ômega 3.
Não é permitida a alegação caso o suplemento alimentar possua indicação para indivíduos de 4 a 8 anos ou de 9 a 18 anos.",Não há requisitos adicionais,
Óleo de avestruz (Struthio camelus),,"STANDARD FOR EDIBLE FATS AND OILS
NOT COVERED BY INDIVIDUAL STANDARDS
CXS 19-1981 

RDC nº 42/2013. 

Para esse constituinte foram aprovadas as especificações de perfil de ácidos graxos: Ácido palmítico(C16:0) 17 – 35%, Ácido palmitoleico (C16:1) 5,8 – 10%, Ácido esteárico (C18:0) 3,68 - 11,2%, Ácido oleico (C18:1) 27 - 47%, Ácido linoleico (C18:2) 12 – 28%, Ácido linolênico (C18:3) 0,8 – 11,5%.",Fonte de Lipídeos totais,Não autorizada alegação de propriedade funcional e/ou saúde para esse ingrediente.,Não há requisitos adicionais,
Óleo de babaçu (Orbignyasp.),,"
Codex Alimentarius Standard For Named Vegetable OilS, CXS 210-1999

RDC nº 481 e IN nº 87, de 2021","Fonte de Lipídeos
Fonte de Ácido linoleico n-6
Ácido  alfa-linolênico n-3",Não autorizada alegação de propriedade funcional e/ou saúde para esse ingrediente.,Não há requisitos adicionais,
"Óleo de canola (Brassica napusL.,B. rapaL.,B. junceaL. eB. tournefortii Gouan)",,"Codex Alimentarius Standard For Named Vegetable OilS, CXS 210-1999

RDC nº 481 e IN nº 87, de 2021","Fonte de Lipídeos
Fonte de Ácido linoleico n-6
Ácido  alfa-linolênico n-3",Não autorizada alegação de propriedade funcional e/ou saúde para esse ingrediente.,Não há requisitos adicionais,
"Óleo de canola com baixo teor de ácido erúcico (Brassica napusL.,B. rapaL.,B. junceaL. eB. tournefortii Gouan)",120962-03-0," 
Codex Alimentarius Standard For Named Vegetable Oils, CXS 210-1999

FCC 

RDC nº 481 e IN nº 87, de 2021, e
e IN MAPA nº 49, de 2006

USP-NF","Fonte de Lipídeos
Fonte de Ácido linoleico n-6
Ácido  alfa-linolênico n-3",Não autorizada alegação de propriedade funcional e/ou saúde para esse ingrediente.,Não há requisitos adicionais,
Óleo de cártamo (Carthamus tinctoriousL.),8001-23-8," 
Codex Alimentarius Standard For Named Vegetable OilS, CXS 210-1999

RDC nº 481 e IN nº 87, de 2021","Fonte de Lipídeos
Fonte de Ácido linoleico n-6
Ácido  alfa-linolênico n-3",Não autorizada alegação de propriedade funcional e/ou saúde para esse ingrediente.,Não há requisitos adicionais,
Óleo de cártamo com alto teor de ácido oleico (Carthamus tinctoriousL.),," 
Codex Alimentarius Standard For Named Vegetable OilS, CXS 210-1999

RDC nº 481 e IN nº 87, de 2021","Fonte de Lipídeos
Fonte de Ácido linoleico n-6
Ácido  alfa-linolênico n-3",Não autorizada alegação de propriedade funcional e/ou saúde para esse ingrediente.,Não há requisitos adicionais,
ÓLEO DE CASCA DE LARANJA DOCE EM PÓ,,"Para este constituinte foram aprovadas as especificações do fabricante: Nexira, Brasil.",Fonte de d-limoneno,Não foi aprovada alegação de propriedade funcional nem de saúde para o ingrediente,"A advertência “Este produto não deve ser consumido por gestantes, lactantes e crianças.” deve constar na rotulagem do produto.",
Óleo de castanha do Brasil (Bertholletia exceisa),,"Perfil de ácidos graxos:
C12:0 (láurico ou dodecanóico) 0,1 - 0,8
C14:0 (mirístico ou tetradecanóico) 0,1 – 0,6
C16:0 (palmítico ou hexadecanóico) 12,0 – 16,0
C16:1 (palmitoléico ou cis-9-hexadecenóico) 0,08 – 0,3
C18:0 (esteárico ou octadecanóico) 6,0 – 13,0
C18:1Ñ9c (oléico ou cis-9-octadecenóico) 24,0 – 48,0
C18:2n-6 (LA ou linoléico ou cis-9,cis-12-octadecadienóico) 30,0 – 47,0
C18:3n-6 (GLA ou g-linolênico ou cis-6,cis-9,cis-12-octadecatrienóico) 0 – 0,1
C18:3n-3 (ALA ou α-linolênico ou is-9,cis-12-cis-15-octadecatrienóico) 0,07 – 0,2
C20:0 (araquídico ou eicosanóico) 0 – 1,4
C20:1 (gadoléico ou cis-9-eicosanóico) 0,05 – 0,12
C22:0 (behênio ou docosanóico) 0,02 – 0,2
C24:0 (lignocêrico ou tetracosanóico) 0,1 – 0,2

* A partir de março de 2023, a composição de ácidos graxos deve atender ao disposto na IN nº 87/2021.
 
RDC nº 481 e IN nº 87, de 2021","Fonte de Lipídeos
Fonte de Ácido linoleico n-6
Ácido  alfa-linolênico n-3",Não autorizada alegação de propriedade funcional e/ou saúde para esse ingrediente.,Não há requisitos adicionais,
Óleo de coco (Cocos nuciferaL.),8001-31-8,"Codex Alimentarius Standard For Named Vegetable OilS, CXS 210-1999

RDC nº 481 e IN nº 87, de 2021

FCC

USP-NF","Fonte de Lipídeos
Fonte de Ácido linoleico n-6
Ácido  alfa-linolênico n-3",Não autorizada alegação de propriedade funcional e/ou saúde para esse ingrediente.,Não há requisitos adicionais,
Óleo de farelo de arroz (Oryza sativaL).,," 
Codex Alimentarius Standard For Named Vegetable OilS, CXS 210-1999

 RDC nº 481 e IN nº 87, de 2021","Fonte de Lipídeos
Fonte de Ácido linoleico n-6
Ácido  alfa-linolênico n-3",Não autorizada alegação de propriedade funcional e/ou saúde para esse ingrediente.,Não há requisitos adicionais,
Óleo de fígado de bacalhau,,"Cod liver oil (Ph.Eur. 2012; USP 35
Santé Canadá

USP-NF","Fonte de Lipídeos
Fonte de Ácido linoleico n-6
Ácido  alfa-linolênico n-3",Não autorizada alegação de propriedade funcional e/ou saúde para esse ingrediente.,Não há requisitos adicionais,
Óleo de gergelim (Sesamum indicumL.),," RDC nº 481 e IN nº 87, de 2021

USP-NF","Fonte de Lipídeos
Fonte de Ácido linoleico n-6
Ácido  alfa-linolênico n-3",Não autorizada alegação de propriedade funcional e/ou saúde para esse ingrediente.,Não há requisitos adicionais,
Óleo de girassol (Helianthus annuusL.),8001-21-6,"
Codex Alimentarius Standard For Named Vegetable Oils, CXS 210-1999

FCC 

USP-NF

RDC nº 481 e IN nº 87, de 2021, e
e IN MAPA nº 49, de 2006","Fonte de Lipídeos
Fonte de Ácido linoleico n-6
Ácido  alfa-linolênico n-3",Não autorizada alegação de propriedade funcional e/ou saúde para esse ingrediente.,Não há requisitos adicionais,
Óleo de girassol com alto teor de ácido oleico (Helianthus annuusL.),,"
Codex Alimentarius Standard For Named Vegetable Oils, CXS 210-1999

RDC nº 481 e IN nº 87, de 2021, e
e IN MAPA nº 49, de 2006","Fonte de Lipídeos
Fonte de Ácido linoleico n-6
Ácido  alfa-linolênico n-3",Não autorizada alegação de propriedade funcional e/ou saúde para esse ingrediente.,Não há requisitos adicionais,
Óleo de girassol com médio teor de ácido oleico (Helianthus annuusL.),,"
Codex Alimentarius Standard For Named Vegetable Oils, CXS 210-1999

RDC nº 481 e IN nº 87, de 2021, e
e IN MAPA nº 49, de 2006","Fonte de Lipídeos
Fonte de Ácido linoleico n-6
Ácido  alfa-linolênico n-3",Não autorizada alegação de propriedade funcional e/ou saúde para esse ingrediente.,Não há requisitos adicionais,
Óleo de krill (Euphasia superba),,"FCC 

USP-NF","Fonte de EPA
Fonte de DHA","1) Alegação: Fonte de Omega 3. Requisitos: A alegação é restrita aos suplementos alimentares cuja quantidade de EPA e DHA atenda aos valores mínimos estabelecidos na IN 28/2018 e suas atualizações.
2) Alegação: Os ácidos graxos ômega 3 EPA e DHA auxiliam na redução dos triglicerídeos. Requisitos: A alegação é restrita aos suplementos alimentares que forneçam no mínimo 1.500 mg de EPA e DHA somados na recomendação diária de consumo. Não é permitida a alegação caso o suplemento alimentar possua associação de ingredientes fontes de fitoesterois com ingredientes fontes de ácidos graxos ômega 3.",Não há requisitos adicionais,
Óleo de linhaça/linho (Linum usitatissimumL.),8001-26-1,"USP-NF

Codex Alimentarius Standard For Named Vegetable OilS, CXS 210-1999

RDC nº 481 e IN nº 87, de 2021","Fonte de Lipídeos
Fonte de Ácido linoleico n-6
Ácido  alfa-linolênico n-3",Não autorizada alegação de propriedade funcional e/ou saúde para esse ingrediente.,Não há requisitos adicionais,
Óleo de macadâmia,,"C12:0 (láurico ou dodecanóico) possui a faixa de especificação de 0,0 – 0,1; C14:0 (mirístico ou tetradecanóico) possui a faixa de especificação de 0,3 – 1,0; C16:0 (palmítico ou hexadecanóico) possui a faixa de especificação de 1,37 – 32,31; C16:1 (palmitoléico ou cis-9-hexadecenóico) possui a faixa de especificação de 8,25 – 29,64; C18:0 (esteárico ou octadecanóico) possui a faixa de especificação de 1,2 – 84,35; C18:1Ñ9c (oléico ou cis-9-octadecenóico) possui a faixa de especificação de 8,2 – 67,30; C18:2 ômega 6 trans )t-linoleico) possui a faixa de especificação de 1,03 – 8,20; C18:2n-6 (LA ou linoléico ou cis-9,cis-12-octadecadienóico) possui a faixa de especificação de 1,3 – 13,1; C18:3n-6 (GLA ou g-linolênico ou cis-6,cis-9,cis-12-octadecatrienóico) possui a faixa de especificação de 0,1 – 13,18; C18:3n-3 (ALA ou α-linolênico ou is-9,cis-12-cis-15-octadecatrienóico) possui a faixa de especificação de 3,87 – 8,21; C20:0 (araquídico ou eicosanóico) possui a faixa de especificação de 1,8 – 4,4; C20:1 (gadoléico ou cis-9-eicosenóico) possui a faixa de especificação de 1,9 – 3,62; C22:0 (behênio ou docosanóico) possui a faixa de especificação de 1,18 – 1,32; C22:1 (erúcico ou cis-13-docosenóico) possui a faixa de especificação de 0,3 – 0,4; C24:0 (lignocêrico ou tetracosanóico) possui a faixa de especificação de 0,42 – 0,66.

* A partir de março de 2023, a composição de ácidos graxos deve atender ao disposto na IN nº 87/2021.
 
RDC nº 481 e IN nº 87, de 2021","Fonte de Lipídeos
Fonte de Ácido linoleico n-6
Ácido  alfa-linolênico n-3",Não autorizada alegação de propriedade funcional e/ou saúde para esse ingrediente.,Não há requisitos adicionais,
"Óleo de microalgas Prototheca moriformis W. Krüger, alto oleico",,Para esse constituinte foram aprovadas as especificações do fabricante Solasyme Bunge Produtos  Renováveis Ltda - Orindiúva - São Paulo,Fonte de lipídeos,Não autorizada alegação de propriedade funcional e/ou saúde para esse ingrediente.,Não há requisitos adicionais,
Óleo de microalgas Schizochytrium sp T18 com ácido docosahexaenóico (DHA),,"Comissão Europeia (Commission lmplementing Regulation (EU) 2018/1023,
de 23 de julho de 2018",Fonte de DHA,"1) Alegação: Fonte de Omega 3. Requisitos: A alegação é restrita aos suplementos alimentares cuja quantidade de EPA e DHA atenda aos valores mínimos estabelecidos na IN 28/2018 e suas atualizações.
2) Alegação: Os ácidos graxos ômega 3 EPA e DHA auxiliam na redução dos triglicerídeos. Requisitos: A alegação é restrita aos suplementos alimentares que forneçam no mínimo 1.500 mg de EPA e DHA somados na recomendação diária de consumo. Não é permitida a alegação caso o suplemento alimentar possua associação de ingredientes fontes de fitoesterois com ingredientes fontes de ácidos graxos ômega 3.",Não há requisitos adicionais,Aprovado Resolução- RE nº  392 em 14/02/2019 - Autorizado apenas para os peticionantes até a inclusão na IN 28/2018 e suas atualizações.
Óleo de microalgas Schizochytrium sp. ATCC PTA-9695 com ácido docosaexaenoico (DHA),,"COMMISSION IMPLEMENTING REGULATION (EU) 2017/2470 
of 20 December 2017 
establishing the Union list of novel foods in accordance with Regulation (EU) 2015/2283 of the  European Parliament and of the Council on novel foods
Para o óleo de Schizochytrium sp. (ATCC PTA-9695) 

USP-NF",Fonte de DHA,"1) Alegação: Fonte de Omega 3. Requisitos: A alegação é restrita aos suplementos alimentares cuja quantidade de EPA e DHA atenda aos valores mínimos estabelecidos na IN 28/2018 e suas atualizações.
2) Alegação: Os ácidos graxos ômega 3 EPA e DHA auxiliam na redução dos triglicerídeos. Requisitos: A alegação é restrita aos suplementos alimentares que forneçam no mínimo 1.500 mg de EPA e DHA somados na recomendação diária de consumo. Não é permitida a alegação caso o suplemento alimentar possua associação de ingredientes fontes de fitoesterois com ingredientes fontes de ácidos graxos ômega 3.",Não há requisitos adicionais,
Óleo de milho (Zea maysL.),8001-30-7,"Codex Alimentarius Standard For Named Vegetable OilS, CXS 210-1999

RDC nº 481 e IN nº 87, de 2021, e
e IN MAPA nº 49, de 2006","Fonte de Lipídeos
Fonte de Ácido linoleico n-6
Ácido  alfa-linolênico n-3",Não autorizada alegação de propriedade funcional e/ou saúde para esse ingrediente.,Não há requisitos adicionais,
Óleo de palma (Elaeis guineenses),8002-75-3,"USP-NF

Codex Alimentarius Standard For Named Vegetable OilS, CXS 210-1999

RDC nº 481 e IN nº 87, de 2021

FCC","Fonte de Lipídeos
Fonte de Ácido linoleico n-6
Ácido  alfa-linolênico n-3",Não autorizada alegação de propriedade funcional e/ou saúde para esse ingrediente.,Não há requisitos adicionais,
Óleo de palmiste (Elaeis guineenses),8023-79-8,"
Codex Alimentarius Standard For Named Vegetable OilS, CXS 210-1999

RDC nº 481 e IN nº 87, de 2021","Fonte de Lipídeos
Fonte de Ácido linoleico n-6
Ácido  alfa-linolênico n-3",Não autorizada alegação de propriedade funcional e/ou saúde para esse ingrediente.,Não há requisitos adicionais,
Óleo de peixe,,"STANDARD FOR FISH OILS
CODEX STAN 329-2017
Adopted in 2017

Farmacopeia Europeia 9.0 

USP-NF","Fonte de EPA
Fonte de DHA","1) Alegação: Fonte de Omega 3. Requisitos: A alegação é restrita aos suplementos alimentares cuja quantidade de EPA e DHA atenda aos valores mínimos estabelecidos na IN 28/2018 e suas atualizações.

2) Alegação: Os ácidos graxos ômega 3 EPA e DHA auxiliam na redução dos triglicerídeos. Requisitos: A alegação é restrita aos suplementos alimentares que forneçam no mínimo 1.500 mg de EPA e DHA somados na recomendação diária de consumo. Não é permitida a alegação caso o suplemento alimentar possua associação de ingredientes fontes de fitoesterois com ingredientes fontes de ácidos graxos ômega 3. Não é permitida a alegação caso o suplemento alimentar possua indicação para indivíduos de 4 a 8 anos ou de 9 a 18 anos.

3) Alegação: O EPA e o DHA contribuem para o normal funcionamento do coração. Requisitos: A alegação é restrita aos suplementos alimentares que forneçam no mínimo 250 mg de EPA e DHA somados na recomendação diária de consumo.",Não há requisitos adicionais,
Óleo de Peixe com alto teor de DHA,8016-13-5,"STANDARD FOR FISH OILS
CODEX STAN 329-2017
Adopted in 2017               

Para este constituinte foram aprovadas as especificações do fabricante Sofinol AS - Manno - Suíça.",Fonte de DHA,"1) Alegação: Fonte de Omega 3. Requisitos: A alegação é restrita aos suplementos alimentares cuja quantidade de EPA e DHA atenda aos valores mínimos estabelecidos na IN 28/2018 e suas atualizações.
2) Alegação: Os ácidos graxos ômega 3 EPA e DHA auxiliam na redução dos triglicerídeos. Requisitos: A alegação é restrita aos suplementos alimentares que forneçam no mínimo 1.500 mg de EPA e DHA somados na recomendação diária de consumo. Não é permitida a alegação caso o suplemento alimentar possua associação de ingredientes fontes de fitoesterois com ingredientes fontes de ácidos graxos ômega 3.",Não há requisitos adicionais,
Óleo de prímula (Oenothera biennisL.),90028-66-3,"USP-NF

RDC nº 481 e IN nº 87, de 2021","Fonte de Lipídeos
Fonte de Ácido linoleico n-6",Não autorizada alegação de propriedade funcional e/ou saúde para esse ingrediente.,Não há requisitos adicionais,
Óleo de semente de abóbora (famíliaCurcubitaceae),,"Perfil de Ácidos Graxos: 
C14:0 (mirístico ou tetradecanóico) 0,18 - 0,5
C16:0 (palmítico ou hexadecanóico) 8,0 - 25,4
C16:1 (palmitoléico ou cis-9-hexadecenóico) 0,1 - 0,72
C17:0 (margárico) 0 - 0,2
C18:0 (esteárico ou octadecanóico) 3,0 - 11,2
C18:1Ñ9c (oléico ou cis-9-octadecenóico) 39,7 - 65,0
C18:3n-6 (GLA ou g-linolênico ou cis-6,cis-9,cis-12-octadecatrienóico) 0,1 - 0,9
C20:0 (araquídico ou eicosanóico) 0,3 - 1,0
C20:2 0,1 - 0,9
C22:1 (erúcico ou cis-13-docosenóico) 0 - 0,8

* A partir de março de 2023, a composição de ácidos graxos deve atender ao disposto na IN nº 87/2021.
 
RDC nº 481 e IN nº 87, de 2021","Fonte de Lipídeos
Fonte de Ácido linoleico n-6
Ácido  alfa-linolênico n-3",Não autorizada alegação de propriedade funcional e/ou saúde para esse ingrediente.,Não há requisitos adicionais,
Óleo de semente de algodão (Gossypiumspp.),8001-29-4,"FCC 

USP-NF

RDC nº 481 e IN nº 87, de 2021, e
e IN MAPA nº 49, de 2006","Fonte de Lipídeos
Fonte de Ácido linoleico n-6
Ácido  alfa-linolênico n-3",Não autorizada alegação de propriedade funcional e/ou saúde para esse ingrediente.,Não há requisitos adicionais,
Óleo de semente de borragem (Borago officinalisL.),84012-16-8,"USP-NF

RDC nº 481 e IN nº 87, de 2021","Fonte de Lipídeos
Fonte de Ácido linoleico n-6",Não autorizada alegação de propriedade funcional e/ou saúde para esse ingrediente.,Não há requisitos adicionais,
Óleo de semente de chia (Salvia hispanicaL.),,"Para estes constituinte foram aprovadas as especificações do fabricante Trio S.A. - Santiago, Chile. 

* A partir de março de 2023, a composição de ácidos graxos deve atender ao disposto na IN nº 87/2021.
 
RDC nº 481 e IN nº 87, de 2021","Fonte de Lipídeos
Fonte de Ácido linoleico n-6
Ácido  alfa-linolênico n-3",Não autorizada alegação de propriedade funcional e/ou saúde para esse ingrediente.,Não há requisitos adicionais,
Óleo de semente de mostarda branca (Sinapis albaL. ouBrassica hirta Moench),,"USP-NF

FCC 

Codex Alimentarius Standard For Named Vegetable OilS, CXS 210-1999

RDC nº 481 e IN nº 87, de 2021","Fonte de Lipídeos
Fonte de Ácido linoleico n-6
Ácido  alfa-linolênico n-3",Não autorizada alegação de propriedade funcional e/ou saúde para esse ingrediente.,Não há requisitos adicionais,
Óleo de semente de mostarda marrom e amarela (Brassica junceaL.CzernajeweCossen),,"USP-NF

FCC 

Codex Alimentarius Standard For Named Vegetable OilS, CXS 210-1999

RDC nº 481 e IN nº 87, de 2021","Fonte de Lipídeos
Fonte de Ácido linoleico n-6
Ácido  alfa-linolênico n-3",Não autorizada alegação de propriedade funcional e/ou saúde para esse ingrediente.,Não há requisitos adicionais,
Óleo de semente de mostarda preta (Brassica nigraL. Koch),,"USP-NF

FCC 

Codex Alimentarius Standard For Named Vegetable OilS, CXS 210-1999

RDC nº 481 e IN nº 87, de 2021","Fonte de Lipídeos
Fonte de Ácido linoleico n-6
Ácido  alfa-linolênico n-3",Não autorizada alegação de propriedade funcional e/ou saúde para esse ingrediente.,Não há requisitos adicionais,
Óleo de semente de uva (Vitis viniferaL.),,"Codex Alimentarius Standard For Named Vegetable OilS, CXS 210-1999

RDC nº 481 e IN nº 87, de 2021","Fonte de Lipídeos
Fonte de Ácido linoleico n-6
Ácido  alfa-linolênico n-3",Não autorizada alegação de propriedade funcional e/ou saúde para esse ingrediente.,Não há requisitos adicionais,
Óleo de soja (Glycine maxL.Merr),8001-22-7,"
Codex Alimentarius Standard For Named Vegetable OilS, CXS 210-1999

RDC nº 481 e IN nº 87, de 2021, e
e IN MAPA nº 49, de 2006

FCC","Fonte de Lipídeos
Fonte de Ácido linoleico n-6
Ácido  alfa-linolênico n-3",Não autorizada alegação de propriedade funcional e/ou saúde para esse ingrediente.,Não há requisitos adicionais,
Óleo extraído da semente de Buglossoides arvensis,,The EFSA Journal 2015; 13(2):4029,Fonte de ácido alfa-linolênico (ALA) e ácido estearidônico (SDA),Não autorizada alegação de propriedade funcional e/ou saúde para esse ingrediente.,"A advertência ""Este produto não deve ser consumido por gestantes, lactantes e crianças.” deve constar na rotulagem do produto.",Aprovado pela Resolução RE Nº  2.745 de 18/08/2022 - Autorizado apenas para os peticionantes até a inclusão na IN 28/2018 e suas atualizações.
Oligopeptídeos de colágeno,,Para este constituinte foram aprovadas as especificações do fabricante: JBS S/A,Fonte de oligopeptídeos de colágeno,1) Alegação: Os oligopeptídeos de colágeno podem contribuir para melhorar a elasticidade e firmeza da pele. Requisitos: A alegação é restrita aos suplementos alimentares cuja quantidade mínima de oligopeptídeos de colágeno fornecida na recomendação diária de consumo do produto atenda aos valores mínimos estabelecidos no Anexo III desta Instrução Normativa.,"A advertência ""Este produto não deve ser consumido por gestantes, lactantes e crianças."" deve constar na rotulagem do produto.",
Ortofosfato férrico/Fosfato férrico,10045-86-0,FCC,Fonte de Ferro,"1)Alegação: O ferro auxilia na formação das células vermelhas do sangue. Requisitos: As alegações são restritas aos suplementos alimentares cuja quantidade de ferro atenda aos valores mínimos estabelecidos na IN 28/2018 e suas atualizações.
2) Alegação: O ferro auxilia no metabolismo energético. Requisitos: As alegações são restritas aos suplementos alimentares cuja quantidade de ferro atenda aos valores mínimos estabelecidos na IN 28/2018 e suas atualizações.
3) Alegação: O ferro auxilia no transporte do oxigênio no organismo. Requisitos: As alegações são restritas aos suplementos alimentares cuja quantidade de ferro atenda aos valores mínimos estabelecidos na IN 28/2018 e suas atualizações.
4) Alegação: O ferro auxilia no processo de divisão celular. Requisitos: As alegações são restritas aos suplementos alimentares cuja quantidade de ferro atenda aos valores mínimos estabelecidos na IN 28/2018 e suas atualizações.
5) Alegação: O ferro auxilia no funcionamento do sistema imune. Requisitos: As alegações são restritas aos suplementos alimentares cuja quantidade de ferro atenda aos valores mínimos estabelecidos na IN 28/2018 e suas atualizações.
6) Alegação: Fonte de ferro. Requisitos: As alegações são restritas aos suplementos alimentares cuja quantidade de ferro atenda aos valores mínimos estabelecidos na IN 28/2018 e suas atualizações. 
7) Alegação: Alto conteúdo/Rico em/Alto teor de ferro. Requisitos: A alegação é restrita aos suplementos alimentares cuja quantidade de ferro corresponda ao dobro dos valores mínimos estabelecidos na IN 28/2018 e suas atualizações, desde que não ultrapasse o limite máximo estabelecido na IN 28/2018 e suas atualizações.",Não há requisitos adicionais,
Óxido de cálcio,1305-78-8,"FCC 

19th JECFA (1975), NMRS 55B (1976), FNP 52 (1992), FAO JECFA MONOGRAPHS 1 (2006)

USP-NF",Fonte de Cálcio,"1) Alegação: O cálcio auxilia na formação e manutenção de ossos e dentes. Requisito: As alegações são restritas aos suplementos alimentares cuja quantidade de cálcio atenda aos valores mínimos estabelecidos na IN 28/2018 e suas atualizações.
2) Alegação: O cálcio auxilia na coagulação do sangue. Requisito: As alegações são restritas aos suplementos alimentares cuja quantidade de cálcio atenda aos valores mínimos estabelecidos na IN 28/2018 e suas atualizações.
3) Alegação: O cálcio auxilia no funcionamento muscular. Requisito: As alegações são restritas aos suplementos alimentares cuja quantidade de cálcio atenda aos valores mínimos estabelecidos na IN 28/2018 e suas atualizações.
4) Alegação: O cálcio auxilia no funcionamento neuromuscular. Requisito: As alegações são restritas aos suplementos alimentares cuja quantidade de cálcio atenda aos valores mínimos estabelecidos na IN 28/2018 e suas atualizações.
5) Alegação: O cálcio auxilia no processo de divisão celular. Requisito: As alegações são restritas aos suplementos alimentares cuja quantidade de cálcio atenda aos valores mínimos estabelecidos na IN 28/2018 e suas atualizações.
6) Alegação: O cálcio auxilia no metabolismo energético. Requisito: As alegações são restritas aos suplementos alimentares cuja quantidade de cálcio atenda aos valores mínimos estabelecidos na IN 28/2018 e suas atualizações.
7) Alegação: Fonte de cálcio. Requisito: As alegações são restritas aos suplementos alimentares cuja quantidade de cálcio atenda aos valores mínimos estabelecidos na IN 28/2018 e suas atualizações.
8) Realagação: Alto conteúdo/Rico em/Alto teor de cálcio. Requisitos:
A alegação é restrita aos suplementos alimentares cuja quantidade de cálcio corresponda ao dobro dos valores mínimos estabelecidos na IN 28/2018 e suas atualizações, desde que não ultrapasse o limite máximo estabelecido.",Não há requisitos adicionais,
Óxido de cobre,1317-38-0,"The EFSA Journal (2009) 1089, 1-15",Fonte de Cobre,"1) Alegação:  O cobre auxilia no funcionamento do sistema imune. Requisitos:  As alegações são restritas aos suplementos alimentares cuja quantidade de cobre atenda aos valores mínimos estabelecidos na IN 28/2018 e suas atualizações.
2) Alegação: O cobre auxilia no metabolismo energético . Requisitos:  As alegações são restritas aos suplementos alimentares cuja quantidade de cobre atenda aos valores mínimos estabelecidos na IN 28/2018 e suas atualizações.
3) Alegação: O cobre contribui para a pigmentação de cabelo e pele. Requisitos:  As alegações são restritas aos suplementos alimentares cuja quantidade de cobre atenda aos valores mínimos estabelecidos na IN 28/2018 e suas atualizações.
4) Alegação: O cobre auxilia no transporte de ferro no organismo. Requisitos:  As alegações são restritas aos suplementos alimentares cuja quantidade de cobre atenda aos valores mínimos estabelecidos na IN 28/2018 e suas atualizações.
5) Alegação: O cobre é um antioxidante que auxilia na proteção dos danos causados pelos radicais livres. Requisitos:  As alegações são restritas aos suplementos alimentares cuja quantidade de cobre atenda aos valores mínimos estabelecidos na IN 28/2018 e suas atualizações.
6) Alegação:  O cobre auxilia na manutenção dos tecidos conjuntivos. Requisitos:  As alegações são restritas aos suplementos alimentares cuja quantidade de cobre atenda aos valores mínimos estabelecidos na IN 28/2018 e suas atualizações.
7) Alegação: Fonte de cobre. Requisitos:  As alegações são restritas aos suplementos alimentares cuja quantidade de cobre atenda aos valores mínimos estabelecidos na IN 28/2018 e suas atualizações.
8) Alegação:  Alto conteúdo/Rico em/Alto teor de cobre. Requisitos: A alegação é restrita aos suplementos alimentares cuja quantidade de cobre corresponda ao dobro dos valores mínimos estabelecidos na IN 28/2018 e suas atualizações, desde que não ultrapasse o limite máximo estabelecido na IN 28/2018 e suas atualizações.",Não há requisitos adicionais,
Óxido de magnésio,1309-48-4,"USP-NF

European pharmacopoeia 9.0
 
Prepared at the 17th JECFA (1973), published in FNP 4 (1978) and in FNP 52 (1992). Metals and arsenic specifications revised at the 57th JECFA (2001). An ADI not limited' was established at the 9th JECFA (1965) 

 FCC",Fonte de Magnésio,"1) Alegação:O magnésio auxilia na formação de ossos e dentes. Requisitos:  As alegações são restritas aos suplementos alimentares cuja quantidade de magnésio atenda aos valores mínimos estabelecidos na IN 28/2018 e suas atualizações.
2) Alegação: O magnésio auxilia no metabolismo energético. Requisitos:  As alegações são restritas aos suplementos alimentares cuja quantidade de magnésio atenda aos valores mínimos estabelecidos na IN 28/2018 e suas atualizações
3) Alegação: O magnésio auxilia no metabolismo de proteínas, carboidratos e gorduras. Requisitos:  As alegações são restritas aos suplementos alimentares cuja quantidade de magnésio atenda aos valores mínimos estabelecidos na IN 28/2018 e suas atualizações.
4) Alegação: O magnésio auxilia no equilíbrio dos eletrólitos. Requisitos:  As alegações são restritas aos suplementos alimentares cuja quantidade de magnésio atenda aos valores mínimos estabelecidos na IN 28/2018 e suas atualizações.
5) Alegação:  O magnésio auxilia no funcionamento muscular. Requisitos: As alegações são restritas aos suplementos alimentares cuja quantidade de magnésio atenda aos valores mínimos estabelecidos na IN 28/2018 e suas atualizações.
6) Alegação: O magnésio auxilia no funcionamento neuromuscular. Requisitos: As alegações são restritas aos suplementos alimentares cuja quantidade de magnésio atenda aos valores mínimos estabelecidos na IN 28/2018 e suas atualizações.
7) Alegação: O magnésio auxilia no processo de divisão celular. Requisitos: As alegações são restritas aos suplementos alimentares cuja quantidade de magnésio atenda aos valores mínimos estabelecidos na IN 28/2018 e suas atualizações.
8) Alegação: Fonte de magnésio. Requisitos: As alegações são restritas aos suplementos alimentares cuja quantidade de magnésio atenda aos valores mínimos estabelecidos na IN 28/2018 e suas atualizações.
9) Alegação: Alto conteúdo/Rico em/Alto teor de magnésio. Requisitos: A alegação é restrita aos suplementos alimentares cuja quantidade de magnésio corresponda ao dobro dos valores mínimos estabelecidos na IN 28/2018 e suas atualizações, desde que não ultrapasse o limite máximo estabelecido na IN 28/2018 e suas atualizações.",Não há requisitos adicionais,
Óxido de zinco,1314-13-2,"European pharmacopoeia 9.0 

USP-NF

FCC",Fonte de Zinco,"1) Alegação: O zinco é um antioxidante que auxilia na proteção dos danos causados pelos radicais livres. Requisitos: As alegações são restritas aos suplementos alimentares cuja quantidade de zinco atenda aos valores mínimos estabelecidos na IN 28/2018 e suas atualizações.
2) Alegação: O zinco auxilia na visão. Requisitos: As alegações são restritas aos suplementos alimentares cuja quantidade de zinco atenda aos valores mínimos estabelecidos na IN 28/2018 e suas atualizações.
3) Alegação: O zinco auxilia no metabolismo da vitamina A. Requisitos: As alegações são restritas aos suplementos alimentares cuja quantidade de zinco atenda aos valores mínimos estabelecidos na IN 28/2018 e suas atualizações
4) Alegação: O zinco contribui para a manutenção do cabelo, da pele e das unhas. Requisitos: As alegações são restritas aos suplementos alimentares cuja quantidade de zinco atenda aos valores mínimos estabelecidos na IN 28/2018 e suas atualizações
5) Alegação: O zinco auxilia no metabolismo de proteínas, carboidratos e gorduras. Requisitos: As alegações são restritas aos suplementos alimentares cuja quantidade de zinco atenda aos valores mínimos estabelecidos na IN 28/2018 e suas atualizações
6) Alegação: O zinco auxilia na síntese de proteínas. Requisitos: As alegações são restritas aos suplementos alimentares cuja quantidade de zinco atenda aos valores mínimos estabelecidos na IN 28/2018 e suas atualizações.
7) Alegação: O zinco auxilia no processo de divisão celular. Requisitos: As alegações são restritas aos suplementos alimentares cuja quantidade de zinco atenda aos valores mínimos estabelecidos na IN 28/2018 e suas atualizações
8) Alegação: O zinco auxilia na manutenção de ossos. Requisitos: As alegações são restritas aos suplementos alimentares cuja quantidade de zinco atenda aos valores mínimos estabelecidos na IN 28/2018 e suas atualizações
9) Alegação: O zinco auxilia no funcionamento do sistema imune. Requisitos: As alegações são restritas aos suplementos alimentares cuja quantidade de zinco atenda aos valores mínimos estabelecidos na IN 28/2018 e suas atualizações
10) Alegação: Fonte de zinco.Requisitos: As alegações são restritas aos suplementos alimentares cuja quantidade de zinco atenda aos valores mínimos estabelecidos na IN 28/2018 e suas atualizações
11) Alegação: Alto conteúdo/Rico em/Alto teor de zinco. Requisitos: A alegação é restrita aos suplementos alimentares cuja quantidade de zinco corresponda ao dobro dos valores mínimos estabelecidos na IN 28/2018 e suas atualizações, desde que não ultrapasse o limite máximo estabelecido na IN 28/2018 e suas atualizações.",Não há requisitos adicionais,
Palmitato de ascorbila/Ácido 6-palmitoil-L-ascórbico,137-66-6,"European pharmacopoeia 9.0 

FCC 

USP-NF

Prepared at the 17th JECFA (1973), published in FNP 4 (1978) and in FNP 52 (1992). Metals and arsenic specifications revised at the 61st JECFA (2003) An ADI of 0-1.25 mg/kg bw was established at the 17th JECFA (1973)",Fonte de vitamina C,"1) Alegação: A vitamina C auxilia na absorção de ferro dos alimentos. Requisitos: As alegações são restritas aos suplementos alimentares cuja quantidade de vitamina C atenda aos valores mínimos estabelecidos na IN 28/2018 e suas atualizações.
2) Alegação: A vitamina C é um antioxidante que auxilia na proteção dos danos causados pelos radicais livres. Requisitos: As alegações são restritas aos suplementos alimentares cuja quantidade de vitamina C atenda aos valores mínimos estabelecidos na IN 28/2018 e suas atualizações.
3) Alegação: A vitamina C auxilia no funcionamento do sistema imune. Requisitos: As alegações são restritas aos suplementos alimentares cuja quantidade de vitamina C atenda aos valores mínimos estabelecidos na IN 28/2018 e suas atualizações.
4) Alegação: A vitamina C auxilia na formação do colágeno. Requisitos: As alegações são restritas aos suplementos alimentares cuja quantidade de vitamina C atenda aos valores mínimos estabelecidos na IN 28/2018 e suas atualizações.
5) Alegação: A vitamina C auxilia na regeneração da forma reduzida da vitamina E. Requisitos: As alegações são restritas aos suplementos alimentares cuja quantidade de vitamina C atenda aos valores mínimos estabelecidos na IN 28/2018 e suas atualizações.
6) Alegação: A vitamina C auxilia no metabolismo energético. Requisitos: As alegações são restritas aos suplementos alimentares cuja quantidade de vitamina C atenda aos valores mínimos estabelecidos na IN 28/2018 e suas atualizações.
7) Alegação: A vitamina C auxilia no metabolismo de proteínas e gorduras. Requisitos: As alegações são restritas aos suplementos alimentares cuja quantidade de vitamina C atenda aos valores mínimos estabelecidos na IN 28/2018 e suas atualizações.
8) Alegação: Fonte de vitamina C. Requisitos: As alegações são restritas aos suplementos alimentares cuja quantidade de vitamina C atenda aos valores mínimos estabelecidos na IN 28/2018 e suas atualizações.
9) Alegação: Alto conteúdo/Rico em/Alto teor de vitamina C. Requisitos: A alegação é restrita aos suplementos alimentares cuja quantidade de vitamina C corresponda ao dobro dos valores mínimos estabelecidos na IN 28/2018 e suas atualizações, desde que não ultrapasse o limite máximo estabelecido na IN 28/2018 e suas atualizações.",Não há requisitos adicionais,
Palmitato de retinol/Palmitato de retinila,79-81-2,"European pharmacopoeia 9.0

JP XVII 1510",Fonte de Vitamina A,"1) Alegação: A vitamina A auxilia na visão. Requisitos: As alegações são restritas aos suplementos alimentares cuja quantidade de vitamina A atenda aos valores mínimos estabelecidos na IN 28/2018 e suas atualizações..
2) Alegação: A vitamina A auxilia no funcionamento do sistema imune. Requisitos: As alegações são restritas aos suplementos alimentares cuja quantidade de vitamina A atenda aos valores mínimos estabelecidos na IN 28/2018 e suas atualizações.
3) Alegação: A vitamina A auxilia no metabolismo do ferro. Requisitos: As alegações são restritas aos suplementos alimentares cuja quantidade de vitamina A atenda aos valores mínimos estabelecidos na IN 28/2018 e suas atualizações.
4) Alegação: A vitamina A contribui para a manutenção da pele. Requisitos: As alegações são restritas aos suplementos alimentares cuja quantidade de vitamina A atenda aos valores mínimos estabelecidos na IN 28/2018 e suas atualizações.
5) Alegação: A vitamina A auxilia na manutenção de mucosas.  Requisitos: As alegações são restritas aos suplementos alimentares cuja quantidade de vitamina A atenda aos valores mínimos estabelecidos na IN 28/2018 e suas atualizações
6) Alegação: A vitamina A auxilia no processo de diferenciação celular. Requisitos: As alegações são restritas aos suplementos alimentares cuja quantidade de vitamina A atenda aos valores mínimos estabelecidos na IN 28/2018 e suas atualizações.
7) Alegação: Fonte de vitamina A. Requisitos: As alegações são restritas aos suplementos alimentares cuja quantidade de vitamina A atenda aos valores mínimos estabelecidos na IN 28/2018 e suas atualizações.
8) Alegação: Alto conteúdo/Rico em/Alto teor de vitamina A. Requisitos: A alegação é restrita aos suplementos alimentares cuja quantidade de vitamina A corresponda ao dobro dos valores mínimos estabelecidos na IN 28/2018 e suas atualizações., desde que não ultrapasse o limite máximo estabelecido na IN 28/2018 e suas atualizações.",Não há requisitos adicionais,
Palmitoiletanolamida,544-31-0,"Para esse constituinte foram aprovadas as especificações do fabricante: Shilpa Medicare Limited, Raichur Karnataka State, Índia",Fonte de Palmitoiletanolamida,Não autorizada alegação de propriedade funcional e/ou saúde para esse ingrediente.,"A advertência “Este produto não deve ser consumido por gestantes, lactantes e crianças.” deve constar na rotulagem do produto.",
Pantenol/Dexpantenol/D-pantenol,81-13-0, FCC,Fonte de Ácido pantotêncio,"1) Alegação: O ácido pantotênico auxilia no metabolismo energético. Requisitos: A alegação é restrita aos suplementos alimentares cuja quantidade de ácido pantotênico atenda aos valores mínimos estabelecidos na IN 28/2018 e suas atualizações. O termo ""vitamina B5"" pode ser usado em substituição ao termo ""ácido pantotênico"" nas alegações.
2) Alegação: Fonte de ácido pantotênico. Requisitos: A alegação é restrita aos suplementos alimentares cuja quantidade de ácido pantotênico atenda aos valores mínimos estabelecidos na IN 28/2018 e suas atualizações. O termo ""vitamina B5"" pode ser usado em substituição ao termo ""ácido pantotênico"" nas alegações.
3) Alegação: Alto conteúdo/Rico em/Alto teor de ácido pantotênico.Requisitos: A alegação é restrita aos suplementos alimentares cuja quantidade de ácido pantotênico corresponda ao dobro dos valores mínimos estabelecidos na IN 28/2018 e suas atualizações, desde que não ultrapasse o limite máximo estabelecido na IN 28/2018. O termo ""vitamina B5"" pode ser usado em substituição ao termo ""ácido pantotênico"" nas alegações.",Não há requisitos adicionais,
Pectina,9000-69-5,"71st JECFA (2009), FAO JECFA MONOGRAPHS 7 (2009)

 USP-NF 

FCC",Fonte de fibras alimentares,"1) Alegação: As fibras alimentares auxiliam no funcionamento do intestino. Requisitos: As alegações são restritas aos suplementos alimentares cuja quantidade de fibras alimentares atenda aos valores mínimos estabelecidos na IN 28/2018 e suas atualizações.
2) Alegação: Fonte de fibras. Requisitos: As alegações são restritas aos suplementos alimentares cuja quantidade de fibras alimentares atenda aos valores mínimos estabelecidos na IN 28/2018 e suas atualizações.",Não há requisitos adicionais,
"Pediococcus acidilactici CECT7483, Lactobacillus plantarum CECT7484 e Lactobacillus plantarum CECT7485",,"Para este constituinte foram aprovadas as especificações do fabricante: AB-Biotics. Barcelona, Espanha.","Fonte de Pediococcus acidilactici CECT7483, Lactobacillus plantarum CECT7484 e Lactobacillus plantarum CECT7485","1) Alegação: Os probióticos Pediococus acidilactici CECT7483, Lactobacillus plantarum CECT7484 e Lactobacillus plantarum CECT7485 podem contribuir com a saúde do trato gastrointestinal.","A advertência “Este produto não deve ser consumido por gestantes, lactantes, lactentes, crianças, pessoas imunocomproCmetidas ou pessoas acometidas de condição de saúde debilitante grave.” deve constar na rotulagem do produto.","Aprovado pela Resolução RE Nº 3.938, DE 1°/10/2020 - Autorizado apenas para o peticionante até a inclusão na IN 28/2018 e suas atualizações."
Peptídeos Bioativos de Colágeno Hidrolisado com peso molecular médio 3kDa,,"Para este constituinte foram aprovadas as especificações do fabricante: Gelita do Brasil Ltda, São Paulo - SP.",Fonte de peptídeos bioativos de colágeno hidrolisado com peso molecular médio 3kDa,"1) Alegação: ""Os peptídeos bioativos de colágeno hidrolisado com peso molecular médio de 3kDa podem contribuir para a manutenção da saúde das articulações."" Requisitos: As alegações são restritas aos suplementos alimentares cuja quantidade de peptídeos bioativos de colágeno hidrolisado com peso molecular médio 3kDa atenda aos valores mínimos estabelecidos na IN 28/2018 e suas atualizações.","A advertência ""Este produto não deve ser consumido por gestantes, lactantes e crianças.” deve constar na rotulagem do produto.",Aprovado pela Resolução RE Nº  3.169 de 23/09/2022 - Autorizado apenas para os peticionantes até a inclusão na IN 28/2018 e suas atualizações.
Peptídeos Bioativos de Colágeno Hidrolisado com peso molecular médio de 2kDa,,Para esse constituinte foram aprovadas as especificações do fabricante: Gelita do Brasil Ltda - Cotia - SP.,Fonte de peptídeos bioativos de colágeno,"Alegação: ""Os peptídeos bioativos de colágeno hidrolisado com peso molecular médio de 2kDa auxiliam na manutenção da saúde da pele"". Requisito: A alegação é restrita aos suplementos alimentares cuja quantidade mínima de peptídeos bioativos de colágeno hidrolisado com peso molecular médio de 2kDa atenda aos valores mínimos estabelecidos no Anexo III desta Instrução Normativa.","A advertência “Este produto não deve ser consumido por gestantes, lactantes e crianças.” deve constar na rotulagem do produto.",
Picolinato de cromo,14639-25-9,"The EFSA Journal 2010;8(12):1883

 USP-NF",Fonte de Cromo,"1) Alegação: O cromo auxilia no metabolismo de proteínas, carboidratos e gorduras. Requisitos: A alegação é restrita aos suplementos alimentares cuja quantidade de cromo atenda aos valores mínimos estabelecidos na IN 28/2018 e suas atualizações.
2) Alegação: Fonte de cromo. Requisitos: A alegação é restrita aos suplementos alimentares cuja quantidade de cromo atenda aos valores mínimos estabelecidos na IN 28/2018 e suas atualizações.
3) Alto conteúdo/Rico em/Alto teor de cromo. Requisitos: A alegação é restrita aos suplementos alimentares cuja quantidade de cromo corresponda ao dobro dos valores mínimos estabelecidos na IN 28/2018 e suas atualizações, desde que não ultrapasse o limite máximo estabelecido na IN 28/2018 e suas atualizações.",Não há requisitos adicionais,
Picolinato de zinco,17949-65-4,"The EFSA Journal (2009) 1113, 1-41",Fonte de Zinco,"1) Alegação: O zinco é um antioxidante que auxilia na proteção dos danos causados pelos radicais livres. Requisitos: As alegações são restritas aos suplementos alimentares cuja quantidade de zinco atenda aos valores mínimos estabelecidos na IN 28/2018 e suas atualizações.
2) Alegação: O zinco auxilia na visão. Requisitos: As alegações são restritas aos suplementos alimentares cuja quantidade de zinco atenda aos valores mínimos estabelecidos na IN 28/2018 e suas atualizações.
3) Alegação: O zinco auxilia no metabolismo da vitamina A. Requisitos: As alegações são restritas aos suplementos alimentares cuja quantidade de zinco atenda aos valores mínimos estabelecidos na IN 28/2018 e suas atualizações
4) Alegação: O zinco contribui para a manutenção do cabelo, da pele e das unhas. Requisitos: As alegações são restritas aos suplementos alimentares cuja quantidade de zinco atenda aos valores mínimos estabelecidos na IN 28/2018 e suas atualizações
5) Alegação: O zinco auxilia no metabolismo de proteínas, carboidratos e gorduras. Requisitos: As alegações são restritas aos suplementos alimentares cuja quantidade de zinco atenda aos valores mínimos estabelecidos na IN 28/2018 e suas atualizações
6) Alegação: O zinco auxilia na síntese de proteínas. Requisitos: As alegações são restritas aos suplementos alimentares cuja quantidade de zinco atenda aos valores mínimos estabelecidos na IN 28/2018 e suas atualizações.
7) Alegação: O zinco auxilia no processo de divisão celular. Requisitos: As alegações são restritas aos suplementos alimentares cuja quantidade de zinco atenda aos valores mínimos estabelecidos na IN 28/2018 e suas atualizações
8) Alegação: O zinco auxilia na manutenção de ossos. Requisitos: As alegações são restritas aos suplementos alimentares cuja quantidade de zinco atenda aos valores mínimos estabelecidos na IN 28/2018 e suas atualizações
9) Alegação: O zinco auxilia no funcionamento do sistema imune. Requisitos: As alegações são restritas aos suplementos alimentares cuja quantidade de zinco atenda aos valores mínimos estabelecidos na IN 28/2018 e suas atualizações
10) Alegação: Fonte de zinco.Requisitos: As alegações são restritas aos suplementos alimentares cuja quantidade de zinco atenda aos valores mínimos estabelecidos na IN 28/2018 e suas atualizações
11) Alegação: Alto conteúdo/Rico em/Alto teor de zinco. Requisitos: A alegação é restrita aos suplementos alimentares cuja quantidade de zinco corresponda ao dobro dos valores mínimos estabelecidos na IN 28/2018 e suas atualizações, desde que não ultrapasse o limite máximo estabelecido na IN 28/2018 e suas atualizações.",Não há requisitos adicionais,
Pidolato de cálcio,31377-05-6,"The EFSA Journal (2007) 495-503, 1-10",Fonte de Cálcio,"1) Alegação: O cálcio auxilia na formação e manutenção de ossos e dentes. Requisito: As alegações são restritas aos suplementos alimentares cuja quantidade de cálcio atenda aos valores mínimos estabelecidos na IN 28/2018 e suas atualizações.
2) Alegação: O cálcio auxilia na coagulação do sangue. Requisito: As alegações são restritas aos suplementos alimentares cuja quantidade de cálcio atenda aos valores mínimos estabelecidos na IN 28/2018 e suas atualizações.
3) Alegação: O cálcio auxilia no funcionamento muscular. Requisito: As alegações são restritas aos suplementos alimentares cuja quantidade de cálcio atenda aos valores mínimos estabelecidos na IN 28/2018 e suas atualizações.
4) Alegação: O cálcio auxilia no funcionamento neuromuscular. Requisito: As alegações são restritas aos suplementos alimentares cuja quantidade de cálcio atenda aos valores mínimos estabelecidos na IN 28/2018 e suas atualizações.
5) Alegação: O cálcio auxilia no processo de divisão celular. Requisito: As alegações são restritas aos suplementos alimentares cuja quantidade de cálcio atenda aos valores mínimos estabelecidos na IN 28/2018 e suas atualizações.
6) Alegação: O cálcio auxilia no metabolismo energético. Requisito: As alegações são restritas aos suplementos alimentares cuja quantidade de cálcio atenda aos valores mínimos estabelecidos na IN 28/2018 e suas atualizações.
7) Alegação: Fonte de cálcio. Requisito: As alegações são restritas aos suplementos alimentares cuja quantidade de cálcio atenda aos valores mínimos estabelecidos na IN 28/2018 e suas atualizações.
8) Realagação: Alto conteúdo/Rico em/Alto teor de cálcio. Requisitos:
A alegação é restrita aos suplementos alimentares cuja quantidade de cálcio corresponda ao dobro dos valores mínimos estabelecidos na IN 28/2018 e suas atualizações, desde que não ultrapasse o limite máximo estabelecido.",Não há requisitos adicionais,
Pidolato de ferro,69916-59-2,"The EFSA Journal (2007) 495-503, 1-10",Fonte de Ferro,"1)Alegação: O ferro auxilia na formação das células vermelhas do sangue. Requisitos: As alegações são restritas aos suplementos alimentares cuja quantidade de ferro atenda aos valores mínimos estabelecidos na IN 28/2018 e suas atualizações.
2) Alegação: O ferro auxilia no metabolismo energético. Requisitos: As alegações são restritas aos suplementos alimentares cuja quantidade de ferro atenda aos valores mínimos estabelecidos na IN 28/2018 e suas atualizações.
3) Alegação: O ferro auxilia no transporte do oxigênio no organismo. Requisitos: As alegações são restritas aos suplementos alimentares cuja quantidade de ferro atenda aos valores mínimos estabelecidos na IN 28/2018 e suas atualizações.
4) Alegação: O ferro auxilia no processo de divisão celular. Requisitos: As alegações são restritas aos suplementos alimentares cuja quantidade de ferro atenda aos valores mínimos estabelecidos na IN 28/2018 e suas atualizações.
5) Alegação: O ferro auxilia no funcionamento do sistema imune. Requisitos: As alegações são restritas aos suplementos alimentares cuja quantidade de ferro atenda aos valores mínimos estabelecidos na IN 28/2018 e suas atualizações.
6) Alegação: Fonte de ferro. Requisitos: As alegações são restritas aos suplementos alimentares cuja quantidade de ferro atenda aos valores mínimos estabelecidos na IN 28/2018 e suas atualizações. 
7) Alegação: Alto conteúdo/Rico em/Alto teor de ferro. Requisitos: A alegação é restrita aos suplementos alimentares cuja quantidade de ferro corresponda ao dobro dos valores mínimos estabelecidos na IN 28/2018 e suas atualizações, desde que não ultrapasse o limite máximo estabelecido na IN 28/2018 e suas atualizações.",Não há requisitos adicionais,
Pidolato de magnésio,62003-27-4,"The EFSA Journal (2007) 495-503, 1-10",Fonte de Magnésio,"1) Alegação:O magnésio auxilia na formação de ossos e dentes. Requisitos:  As alegações são restritas aos suplementos alimentares cuja quantidade de magnésio atenda aos valores mínimos estabelecidos na IN 28/2018 e suas atualizações.
2) Alegação: O magnésio auxilia no metabolismo energético. Requisitos:  As alegações são restritas aos suplementos alimentares cuja quantidade de magnésio atenda aos valores mínimos estabelecidos na IN 28/2018 e suas atualizações
3) Alegação: O magnésio auxilia no metabolismo de proteínas, carboidratos e gorduras. Requisitos:  As alegações são restritas aos suplementos alimentares cuja quantidade de magnésio atenda aos valores mínimos estabelecidos na IN 28/2018 e suas atualizações.
4) Alegação: O magnésio auxilia no equilíbrio dos eletrólitos. Requisitos:  As alegações são restritas aos suplementos alimentares cuja quantidade de magnésio atenda aos valores mínimos estabelecidos na IN 28/2018 e suas atualizações.
5) Alegação:  O magnésio auxilia no funcionamento muscular. Requisitos: As alegações são restritas aos suplementos alimentares cuja quantidade de magnésio atenda aos valores mínimos estabelecidos na IN 28/2018 e suas atualizações.
6) Alegação: O magnésio auxilia no funcionamento neuromuscular. Requisitos: As alegações são restritas aos suplementos alimentares cuja quantidade de magnésio atenda aos valores mínimos estabelecidos na IN 28/2018 e suas atualizações.
7) Alegação: O magnésio auxilia no processo de divisão celular. Requisitos: As alegações são restritas aos suplementos alimentares cuja quantidade de magnésio atenda aos valores mínimos estabelecidos na IN 28/2018 e suas atualizações.
8) Alegação: Fonte de magnésio. Requisitos: As alegações são restritas aos suplementos alimentares cuja quantidade de magnésio atenda aos valores mínimos estabelecidos na IN 28/2018 e suas atualizações.
9) Alegação: Alto conteúdo/Rico em/Alto teor de magnésio. Requisitos: A alegação é restrita aos suplementos alimentares cuja quantidade de magnésio corresponda ao dobro dos valores mínimos estabelecidos na IN 28/2018 e suas atualizações, desde que não ultrapasse o limite máximo estabelecido na IN 28/2018 e suas atualizações.",Não há requisitos adicionais,
Pidolato de manganês,29193-02-0,"The EFSA Journal (2009) 1114, 1-23",Fonte de Manganês,"1) Alegação: O manganês é um antioxidante que auxilia na proteção dos danos causados pelos radicais livres. Requisitos: As alegações são restritas aos suplementos alimentares cuja quantidade de manganês atenda aos valores mínimos estabelecidos na IN 28/2018 e suas atualizações
2) Alegação: O manganês auxilia na formação de ossos.  Requisitos: As alegações são restritas aos suplementos alimentares cuja quantidade de manganês atenda aos valores mínimos estabelecidos na IN 28/2018 e suas atualizações
3) Alegação: O manganês auxilia no metabolismo energético.  Requisitos: As alegações são restritas aos suplementos alimentares cuja quantidade de manganês atenda aos valores mínimos estabelecidos na IN 28/2018 e suas atualizações
4) Alegação:  O manganês auxilia na manutenção dos tecidos conectivos. Requisitos: As alegações são restritas aos suplementos alimentares cuja quantidade de manganês atenda aos valores mínimos estabelecidos na IN 28/2018 e suas atualizações
5) Alegação: Fonte de manganês.  Requisitos: As alegações são restritas aos suplementos alimentares cuja quantidade de manganês atenda aos valores mínimos estabelecidos na IN 28/2018 e suas atualizações
6) Alegação:  Alto conteúdo/Rico em/Alto teor de manganês. Requisitos: A alegação é restrita aos suplementos alimentares cuja quantidade de manganês corresponda ao dobro dos valores mínimos estabelecidos na IN 28/2018 e suas atualizações, desde que não ultrapasse o limite máximo estabelecido na IN 28/2018 e suas atualizações.",Não há requisitos adicionais,
Pidolato de potássio,4810-50-8,,Fonte de Potássio,Não autorizada alegação de propriedade funcional e/ou saúde para esse ingrediente.,Não há requisitos adicionais,
Pidolato de zinco,15454-75-8,"The EFSA Journal (2007) 495-503, 1-10",Fonte de Zinco,"1) Alegação: O zinco é um antioxidante que auxilia na proteção dos danos causados pelos radicais livres. Requisitos: As alegações são restritas aos suplementos alimentares cuja quantidade de zinco atenda aos valores mínimos estabelecidos na IN 28/2018 e suas atualizações.
2) Alegação: O zinco auxilia na visão. Requisitos: As alegações são restritas aos suplementos alimentares cuja quantidade de zinco atenda aos valores mínimos estabelecidos na IN 28/2018 e suas atualizações.
3) Alegação: O zinco auxilia no metabolismo da vitamina A. Requisitos: As alegações são restritas aos suplementos alimentares cuja quantidade de zinco atenda aos valores mínimos estabelecidos na IN 28/2018 e suas atualizações
4) Alegação: O zinco contribui para a manutenção do cabelo, da pele e das unhas. Requisitos: As alegações são restritas aos suplementos alimentares cuja quantidade de zinco atenda aos valores mínimos estabelecidos na IN 28/2018 e suas atualizações
5) Alegação: O zinco auxilia no metabolismo de proteínas, carboidratos e gorduras. Requisitos: As alegações são restritas aos suplementos alimentares cuja quantidade de zinco atenda aos valores mínimos estabelecidos na IN 28/2018 e suas atualizações
6) Alegação: O zinco auxilia na síntese de proteínas. Requisitos: As alegações são restritas aos suplementos alimentares cuja quantidade de zinco atenda aos valores mínimos estabelecidos na IN 28/2018 e suas atualizações.
7) Alegação: O zinco auxilia no processo de divisão celular. Requisitos: As alegações são restritas aos suplementos alimentares cuja quantidade de zinco atenda aos valores mínimos estabelecidos na IN 28/2018 e suas atualizações
8) Alegação: O zinco auxilia na manutenção de ossos. Requisitos: As alegações são restritas aos suplementos alimentares cuja quantidade de zinco atenda aos valores mínimos estabelecidos na IN 28/2018 e suas atualizações
9) Alegação: O zinco auxilia no funcionamento do sistema imune. Requisitos: As alegações são restritas aos suplementos alimentares cuja quantidade de zinco atenda aos valores mínimos estabelecidos na IN 28/2018 e suas atualizações
10) Alegação: Fonte de zinco.Requisitos: As alegações são restritas aos suplementos alimentares cuja quantidade de zinco atenda aos valores mínimos estabelecidos na IN 28/2018 e suas atualizações
11) Alegação: Alto conteúdo/Rico em/Alto teor de zinco. Requisitos: A alegação é restrita aos suplementos alimentares cuja quantidade de zinco corresponda ao dobro dos valores mínimos estabelecidos na IN 28/2018 e suas atualizações, desde que não ultrapasse o limite máximo estabelecido na IN 28/2018 e suas atualizações.",Não há requisitos adicionais,
Pirofosfato férrico de sódio/Difosfato férrico de sódio,1332-96-3,FCC,Fonte de Ferro,"1)Alegação: O ferro auxilia na formação das células vermelhas do sangue. Requisitos: As alegações são restritas aos suplementos alimentares cuja quantidade de ferro atenda aos valores mínimos estabelecidos na IN 28/2018 e suas atualizações.
2) Alegação: O ferro auxilia no metabolismo energético. Requisitos: As alegações são restritas aos suplementos alimentares cuja quantidade de ferro atenda aos valores mínimos estabelecidos na IN 28/2018 e suas atualizações.
3) Alegação: O ferro auxilia no transporte do oxigênio no organismo. Requisitos: As alegações são restritas aos suplementos alimentares cuja quantidade de ferro atenda aos valores mínimos estabelecidos na IN 28/2018 e suas atualizações.
4) Alegação: O ferro auxilia no processo de divisão celular. Requisitos: As alegações são restritas aos suplementos alimentares cuja quantidade de ferro atenda aos valores mínimos estabelecidos na IN 28/2018 e suas atualizações.
5) Alegação: O ferro auxilia no funcionamento do sistema imune. Requisitos: As alegações são restritas aos suplementos alimentares cuja quantidade de ferro atenda aos valores mínimos estabelecidos na IN 28/2018 e suas atualizações.
6) Alegação: Fonte de ferro. Requisitos: As alegações são restritas aos suplementos alimentares cuja quantidade de ferro atenda aos valores mínimos estabelecidos na IN 28/2018 e suas atualizações. 
7) Alegação: Alto conteúdo/Rico em/Alto teor de ferro. Requisitos: A alegação é restrita aos suplementos alimentares cuja quantidade de ferro corresponda ao dobro dos valores mínimos estabelecidos na IN 28/2018 e suas atualizações, desde que não ultrapasse o limite máximo estabelecido na IN 28/2018 e suas atualizações.",Não há requisitos adicionais,
Pirofosfato férrico/Difosfato férrico,10058-44-3,FCC,Fonte de Ferro,"1)Alegação: O ferro auxilia na formação das células vermelhas do sangue. Requisitos: As alegações são restritas aos suplementos alimentares cuja quantidade de ferro atenda aos valores mínimos estabelecidos na IN 28/2018 e suas atualizações.
2) Alegação: O ferro auxilia no metabolismo energético. Requisitos: As alegações são restritas aos suplementos alimentares cuja quantidade de ferro atenda aos valores mínimos estabelecidos na IN 28/2018 e suas atualizações.
3) Alegação: O ferro auxilia no transporte do oxigênio no organismo. Requisitos: As alegações são restritas aos suplementos alimentares cuja quantidade de ferro atenda aos valores mínimos estabelecidos na IN 28/2018 e suas atualizações.
4) Alegação: O ferro auxilia no processo de divisão celular. Requisitos: As alegações são restritas aos suplementos alimentares cuja quantidade de ferro atenda aos valores mínimos estabelecidos na IN 28/2018 e suas atualizações.
5) Alegação: O ferro auxilia no funcionamento do sistema imune. Requisitos: As alegações são restritas aos suplementos alimentares cuja quantidade de ferro atenda aos valores mínimos estabelecidos na IN 28/2018 e suas atualizações.
6) Alegação: Fonte de ferro. Requisitos: As alegações são restritas aos suplementos alimentares cuja quantidade de ferro atenda aos valores mínimos estabelecidos na IN 28/2018 e suas atualizações. 
7) Alegação: Alto conteúdo/Rico em/Alto teor de ferro. Requisitos: A alegação é restrita aos suplementos alimentares cuja quantidade de ferro corresponda ao dobro dos valores mínimos estabelecidos na IN 28/2018 e suas atualizações, desde que não ultrapasse o limite máximo estabelecido na IN 28/2018 e suas atualizações.",Não há requisitos adicionais,
Piruvato de cálcio,52009-14-0,"The EFSA Journal (2009) 1088, 1-25",Fonte de Cálcio,"1) Alegação: O cálcio auxilia na formação e manutenção de ossos e dentes. Requisito: As alegações são restritas aos suplementos alimentares cuja quantidade de cálcio atenda aos valores mínimos estabelecidos na IN 28/2018 e suas atualizações.
2) Alegação: O cálcio auxilia na coagulação do sangue. Requisito: As alegações são restritas aos suplementos alimentares cuja quantidade de cálcio atenda aos valores mínimos estabelecidos na IN 28/2018 e suas atualizações.
3) Alegação: O cálcio auxilia no funcionamento muscular. Requisito: As alegações são restritas aos suplementos alimentares cuja quantidade de cálcio atenda aos valores mínimos estabelecidos na IN 28/2018 e suas atualizações.
4) Alegação: O cálcio auxilia no funcionamento neuromuscular. Requisito: As alegações são restritas aos suplementos alimentares cuja quantidade de cálcio atenda aos valores mínimos estabelecidos na IN 28/2018 e suas atualizações.
5) Alegação: O cálcio auxilia no processo de divisão celular. Requisito: As alegações são restritas aos suplementos alimentares cuja quantidade de cálcio atenda aos valores mínimos estabelecidos na IN 28/2018 e suas atualizações.
6) Alegação: O cálcio auxilia no metabolismo energético. Requisito: As alegações são restritas aos suplementos alimentares cuja quantidade de cálcio atenda aos valores mínimos estabelecidos na IN 28/2018 e suas atualizações.
7) Alegação: Fonte de cálcio. Requisito: As alegações são restritas aos suplementos alimentares cuja quantidade de cálcio atenda aos valores mínimos estabelecidos na IN 28/2018 e suas atualizações.
8) Realagação: Alto conteúdo/Rico em/Alto teor de cálcio. Requisitos:
A alegação é restrita aos suplementos alimentares cuja quantidade de cálcio corresponda ao dobro dos valores mínimos estabelecidos na IN 28/2018 e suas atualizações, desde que não ultrapasse o limite máximo estabelecido.",Não há requisitos adicionais,
Piruvato de magnésio,18983-79-4,"The EFSA Journal (2009) 1088, 1-25",Fonte de Magnésio,"1) Alegação:O magnésio auxilia na formação de ossos e dentes. Requisitos:  As alegações são restritas aos suplementos alimentares cuja quantidade de magnésio atenda aos valores mínimos estabelecidos na IN 28/2018 e suas atualizações.
2) Alegação: O magnésio auxilia no metabolismo energético. Requisitos:  As alegações são restritas aos suplementos alimentares cuja quantidade de magnésio atenda aos valores mínimos estabelecidos na IN 28/2018 e suas atualizações
3) Alegação: O magnésio auxilia no metabolismo de proteínas, carboidratos e gorduras. Requisitos:  As alegações são restritas aos suplementos alimentares cuja quantidade de magnésio atenda aos valores mínimos estabelecidos na IN 28/2018 e suas atualizações.
4) Alegação: O magnésio auxilia no equilíbrio dos eletrólitos. Requisitos:  As alegações são restritas aos suplementos alimentares cuja quantidade de magnésio atenda aos valores mínimos estabelecidos na IN 28/2018 e suas atualizações.
5) Alegação:  O magnésio auxilia no funcionamento muscular. Requisitos: As alegações são restritas aos suplementos alimentares cuja quantidade de magnésio atenda aos valores mínimos estabelecidos na IN 28/2018 e suas atualizações.
6) Alegação: O magnésio auxilia no funcionamento neuromuscular. Requisitos: As alegações são restritas aos suplementos alimentares cuja quantidade de magnésio atenda aos valores mínimos estabelecidos na IN 28/2018 e suas atualizações.
7) Alegação: O magnésio auxilia no processo de divisão celular. Requisitos: As alegações são restritas aos suplementos alimentares cuja quantidade de magnésio atenda aos valores mínimos estabelecidos na IN 28/2018 e suas atualizações.
8) Alegação: Fonte de magnésio. Requisitos: As alegações são restritas aos suplementos alimentares cuja quantidade de magnésio atenda aos valores mínimos estabelecidos na IN 28/2018 e suas atualizações.
9) Alegação: Alto conteúdo/Rico em/Alto teor de magnésio. Requisitos: A alegação é restrita aos suplementos alimentares cuja quantidade de magnésio corresponda ao dobro dos valores mínimos estabelecidos na IN 28/2018 e suas atualizações, desde que não ultrapasse o limite máximo estabelecido na IN 28/2018 e suas atualizações.",Não há requisitos adicionais,
Pó de Cogumelo Agaricus Bisporus contendo vitamina D2 tratados com radiação UV,,"The EFSA Journal 2020;18(1):5948

Regulamento de Execução (UE) 2017/2470.",Fonte de vitamina D 2 (ergocalciferol),"1)  Alegação: A vitamina D auxilia na formação de ossos e dentes. Requisitos: As alegações são restritas aos suplementos alimentares cuja quantidade de vitamina D atenda aos valores mínimos estabelecidos na IN 28/2018 e suas atualizações.
2) Alegação: A vitamina D auxilia na absorção de cálcio e fósforo. As alegações são restritas aos suplementos alimentares cuja quantidade de vitamina D atenda aos valores mínimos estabelecidos na IN 28/2018 e suas atualizações.
3) Alegação: A vitamina D auxilia no funcionamento do sistema imune. As alegações são restritas aos suplementos alimentares cuja quantidade de vitamina D atenda aos valores mínimos estabelecidos na IN 28/2018 e suas atualizações.
4) Alegação: A vitamina D auxilia no funcionamento muscular. As alegações são restritas aos suplementos alimentares cuja quantidade de vitamina D atenda aos valores mínimos estabelecidos na IN 28/2018 e suas atualizações.
5) Alegação: A vitamina D auxilia na manutenção de níveis de cálcio no sangue. As alegações são restritas aos suplementos alimentares cuja quantidade de vitamina D atenda aos valores mínimos estabelecidos na IN 28/2018 e suas atualizações.
6) Alegação: A vitamina D auxilia no processo de divisão celular. As alegações são restritas aos suplementos alimentares cuja quantidade de vitamina D atenda aos valores mínimos estabelecidos na IN 28/2018 e suas atualizações.
7) Alegação: Fonte de vitamina D. As alegações são restritas aos suplementos alimentares cuja quantidade de vitamina D atenda aos valores mínimos estabelecidos na IN 28/2018 e suas atualizações.
8) Alegação: Alto conteúdo/Rico em/Alto teor de vitamina D. Requisitos: A alegação é restrita aos suplementos alimentares cuja quantidade de vitamina D corresponda ao dobro dos valores mínimos estabelecidos na IN 28/2018 e suas atualizações, desde que não ultrapasse o limite máximo estabelecido na IN 28/2018 e suas atualizações.",A advertência “Este produto não deve ser consumido por lactentes.” deve constar na rotulagem do produto.,
Pólen apícola desidratado,,"Para estes constituintes, aplicam-se somente as especificações estabelecidas na Instrução Normativa nº 3, de 19 de janeiro de 2001, que aprova os regulamentos técnicos de identidade e qualidade de apitoxina, cera de abelha, geleia real, geleia real liofilizada, pólen apícola, própolis e extrato de própolis, e suas atualizações.",Fonte de proteínas,"1) Alegação: Fonte de proteínas. Requisitos: A alegação é restrita aos suplementos alimentares cuja: a) quantidade de proteína atenda aos valores mínimos estabelecidos na IN 28/2018 e suas atualizações; e b) quantidade de aminoácidos essenciais por grama de proteína do produto atenda aos valores mínimos estabelecidos para a proteína de referência, conforme IN 28/2018 e suas atualizações.
2) Alegação: As proteínas auxiliam na formação dos músculos e ossos. Requisitos: A alegação é restrita aos suplementos alimentares cuja: a) quantidade de proteína atenda aos valores mínimos estabelecidos na IN 28/2018 e suas atualizações; e b) quantidade de aminoácidos essenciais por grama de proteína do produto atenda aos valores mínimos estabelecidos para a proteína de referência, conforme IN 28/2018 e suas atualizações.
3) Alegação: Alto conteúdo/Rico em/Alto teor de proteínas. Requisitos: A alegação é restrita aos suplementos alimentares cuja: a) quantidade de proteína corresponda ao dobro dos valores mínimos estabelecidos na IN 28/2018 e suas atualizações; e b) quantidade de aminoácidos essenciais por grama de proteína do produto atenda aos valores mínimos estabelecidos para a proteína de referência, conforme IN 28/2018 e suas atualizações.",Não há requisitos adicionais,
Polidextrose,68424-04-4, FCC,Fonte de fibras alimentares,"1) Alegação: As fibras alimentares auxiliam no funcionamento do intestino. Requisitos: As alegações são restritas aos suplementos alimentares cuja quantidade de fibras alimentares atenda aos valores mínimos estabelecidos na IN 28/2018 e suas atualizações.
2) Alegação: Fonte de fibras. Requisitos: As alegações são restritas aos suplementos alimentares cuja quantidade de fibras alimentares atenda aos valores mínimos estabelecidos na IN 28/2018 e suas atualizações.",Não há requisitos adicionais,
Protease de Aspergillus niger expressa em Aspergillus niger,,"Para esse constituinte foram aprovadas as especificações do fabricante: DSM FOOD SPECIALTIES, França.",Fonte de Protease de Aspergillus niger expressa em Aspergillus niger,Alegação : A protease pode auxiliar na digestão do glúten. Requisitos: A alegação é restrita aos suplementos alimentares cuja quantidade mínima de protease atenda aos valores mínimos estabelecidos no Anexo III desta Instrução Normativa.,"As advertências “Este produto não deve ser consumido por gestantes, lactantes e crianças.”, ""A dose deve ser ajustada às necessidades individuais de suplementação de protease e ao consumo de alimentos contendo glúten."" e ""O produto não possui eficácia comprovada para celíacos."" devem constar na rotulagem do produto.",
Proteína concentrada de leite (obtida exclusivamente de leite bovino),,"Para esse constituinte foram aprovadas as especificações: Proteína (N x 6,38) base seca mínimo 40% m/m; Cinzas máximo 10% m/m; Umidade máximo 6,0% m/m; fonte de obtenção exclusivamente do leite bovino.",Fonte de proteínas,"1) Alegação: Fonte de proteínas. Requisitos: A alegação é restrita aos suplementos alimentares cuja: a) quantidade de proteína atenda aos valores mínimos estabelecidos na IN 28/2018 e suas atualizações; e b) quantidade de aminoácidos essenciais por grama de proteína do produto atenda aos valores mínimos estabelecidos para a proteína de referência, conforme IN 28/2018 e suas atualizações.
2) Alegação: As proteínas auxiliam na formação dos músculos e ossos. Requisitos: A alegação é restrita aos suplementos alimentares cuja: a) quantidade de proteína atenda aos valores mínimos estabelecidos na IN 28/2018 e suas atualizações; e b) quantidade de aminoácidos essenciais por grama de proteína do produto atenda aos valores mínimos estabelecidos para a proteína de referência, conforme IN 28/2018 e suas atualizações.
3) Alegação: Alto conteúdo/Rico em/Alto teor de proteínas. Requisitos: A alegação é restrita aos suplementos alimentares cuja: a) quantidade de proteína corresponda ao dobro dos valores mínimos estabelecidos na IN 28/2018 e suas atualizações; e b) quantidade de aminoácidos essenciais por grama de proteína do produto atenda aos valores mínimos estabelecidos para a proteína de referência, conforme IN 28/2018 e suas atualizações.",Não há requisitos adicionais,
Proteína de arroz,,"Codex Alimentarius General Standard For Vegetable Protein Products (VPP), CXS 174-1989.",Fonte de proteínas,"1) Alegação: Fonte de proteínas. Requisitos: A alegação é restrita aos suplementos alimentares cuja: a) quantidade de proteína atenda aos valores mínimos estabelecidos na IN 28/2018 e suas atualizações; e b) quantidade de aminoácidos essenciais por grama de proteína do produto atenda aos valores mínimos estabelecidos para a proteína de referência, conforme IN 28/2018 e suas atualizações.
2) Alegação: As proteínas auxiliam na formação dos músculos e ossos. Requisitos: A alegação é restrita aos suplementos alimentares cuja: a) quantidade de proteína atenda aos valores mínimos estabelecidos na IN 28/2018 e suas atualizações; e b) quantidade de aminoácidos essenciais por grama de proteína do produto atenda aos valores mínimos estabelecidos para a proteína de referência, conforme IN 28/2018 e suas atualizações.
3) Alegação: Alto conteúdo/Rico em/Alto teor de proteínas. Requisitos: A alegação é restrita aos suplementos alimentares cuja: a) quantidade de proteína corresponda ao dobro dos valores mínimos estabelecidos na IN 28/2018 e suas atualizações; e b) quantidade de aminoácidos essenciais por grama de proteína do produto atenda aos valores mínimos estabelecidos para a proteína de referência, conforme IN 28/2018 e suas atualizações.",Não há requisitos adicionais,
Proteína de ervilha (Pisum sativum L.),,"Codex Alimentarius General Standard For Vegetable Protein Products (VPP), CXS 174-1989.
FCC",Fonte de proteínas,"1) Alegação: Fonte de proteínas. Requisitos: A alegação é restrita aos suplementos alimentares cuja: a) quantidade de proteína atenda aos valores mínimos estabelecidos na IN 28/2018 e suas atualizações; e b) quantidade de aminoácidos essenciais por grama de proteína do produto atenda aos valores mínimos estabelecidos para a proteína de referência, conforme IN 28/2018 e suas atualizações.
2) Alegação: As proteínas auxiliam na formação dos músculos e ossos. Requisitos: A alegação é restrita aos suplementos alimentares cuja: a) quantidade de proteína atenda aos valores mínimos estabelecidos na IN 28/2018 e suas atualizações; e b) quantidade de aminoácidos essenciais por grama de proteína do produto atenda aos valores mínimos estabelecidos para a proteína de referência, conforme IN 28/2018 e suas atualizações.
3) Alegação: Alto conteúdo/Rico em/Alto teor de proteínas. Requisitos: A alegação é restrita aos suplementos alimentares cuja: a) quantidade de proteína corresponda ao dobro dos valores mínimos estabelecidos na IN 28/2018 e suas atualizações; e b) quantidade de aminoácidos essenciais por grama de proteína do produto atenda aos valores mínimos estabelecidos para a proteína de referência, conforme IN 28/2018 e suas atualizações.",Não há requisitos adicionais,
Proteína de ervilha (Pisum sativum L.) isolada,,"Codex Alimentarius General Standard For Vegetable Protein Products (VPP), CXS 174-1989.
FCC",Fonte de proteínas,"1) Alegação: Fonte de proteínas. Requisitos: A alegação é restrita aos suplementos alimentares cuja: a) quantidade de proteína atenda aos valores mínimos estabelecidos na IN 28/2018 e suas atualizações; e b) quantidade de aminoácidos essenciais por grama de proteína do produto atenda aos valores mínimos estabelecidos para a proteína de referência, conforme IN 28/2018 e suas atualizações.
2) Alegação: As proteínas auxiliam na formação dos músculos e ossos. Requisitos: A alegação é restrita aos suplementos alimentares cuja: a) quantidade de proteína atenda aos valores mínimos estabelecidos na IN 28/2018 e suas atualizações; e b) quantidade de aminoácidos essenciais por grama de proteína do produto atenda aos valores mínimos estabelecidos para a proteína de referência, conforme IN 28/2018 e suas atualizações.
3) Alegação: Alto conteúdo/Rico em/Alto teor de proteínas. Requisitos: A alegação é restrita aos suplementos alimentares cuja: a) quantidade de proteína corresponda ao dobro dos valores mínimos estabelecidos na IN 28/2018 e suas atualizações; e b) quantidade de aminoácidos essenciais por grama de proteína do produto atenda aos valores mínimos estabelecidos para a proteína de referência, conforme IN 28/2018 e suas atualizações.",Não há requisitos adicionais,
Proteína de fava (Vicia faba L.),,"Codex Alimentarius General Standard For Vegetable Protein Products (VPP), CXS 174-1989.",Fonte de proteínas,"1) Alegação: Fonte de proteínas. Requisitos: A alegação é restrita aos suplementos alimentares cuja: a) quantidade de proteína atenda aos valores mínimos estabelecidos na IN 28/2018 e suas atualizações; e b) quantidade de aminoácidos essenciais por grama de proteína do produto atenda aos valores mínimos estabelecidos para a proteína de referência, conforme IN 28/2018 e suas atualizações.
2) Alegação: As proteínas auxiliam na formação dos músculos e ossos. Requisitos: A alegação é restrita aos suplementos alimentares cuja: a) quantidade de proteína atenda aos valores mínimos estabelecidos na IN 28/2018 e suas atualizações; e b) quantidade de aminoácidos essenciais por grama de proteína do produto atenda aos valores mínimos estabelecidos para a proteína de referência, conforme IN 28/2018 e suas atualizações.
3) Alegação: Alto conteúdo/Rico em/Alto teor de proteínas. Requisitos: A alegação é restrita aos suplementos alimentares cuja: a) quantidade de proteína corresponda ao dobro dos valores mínimos estabelecidos na IN 28/2018 e suas atualizações; e b) quantidade de aminoácidos essenciais por grama de proteína do produto atenda aos valores mínimos estabelecidos para a proteína de referência, conforme IN 28/2018 e suas atualizações.",Não há requisitos adicionais,
Proteína de girassol (Helianthus annuus L.) concentrada,,"Codex Alimentarius General Standard For Vegetable Protein Products (VPP), CXS 174-1989.",Fonte de proteínas,"1) Alegação: Fonte de proteínas. Requisitos: A alegação é restrita aos suplementos alimentares cuja: a) quantidade de proteína atenda aos valores mínimos estabelecidos na IN 28/2018 e suas atualizações; e b) quantidade de aminoácidos essenciais por grama de proteína do produto atenda aos valores mínimos estabelecidos para a proteína de referência, conforme IN 28/2018 e suas atualizações.
2) Alegação: As proteínas auxiliam na formação dos músculos e ossos. Requisitos: A alegação é restrita aos suplementos alimentares cuja: a) quantidade de proteína atenda aos valores mínimos estabelecidos na IN 28/2018 e suas atualizações; e b) quantidade de aminoácidos essenciais por grama de proteína do produto atenda aos valores mínimos estabelecidos para a proteína de referência, conforme IN 28/2018 e suas atualizações.
3) Alegação: Alto conteúdo/Rico em/Alto teor de proteínas. Requisitos: A alegação é restrita aos suplementos alimentares cuja: a) quantidade de proteína corresponda ao dobro dos valores mínimos estabelecidos na IN 28/2018 e suas atualizações; e b) quantidade de aminoácidos essenciais por grama de proteína do produto atenda aos valores mínimos estabelecidos para a proteína de referência, conforme IN 28/2018 e suas atualizações.",Não há requisitos adicionais,
Proteína de grão-de-bico (Cicer arietinum L.),,"Codex Alimentarius General Standard For Vegetable Protein Products (VPP), CXS 174-1989.",Fonte de proteínas,"1) Alegação: Fonte de proteínas. Requisitos: A alegação é restrita aos suplementos alimentares cuja: a) quantidade de proteína atenda aos valores mínimos estabelecidos na IN 28/2018 e suas atualizações; e b) quantidade de aminoácidos essenciais por grama de proteína do produto atenda aos valores mínimos estabelecidos para a proteína de referência, conforme IN 28/2018 e suas atualizações.
2) Alegação: As proteínas auxiliam na formação dos músculos e ossos. Requisitos: A alegação é restrita aos suplementos alimentares cuja: a) quantidade de proteína atenda aos valores mínimos estabelecidos na IN 28/2018 e suas atualizações; e b) quantidade de aminoácidos essenciais por grama de proteína do produto atenda aos valores mínimos estabelecidos para a proteína de referência, conforme IN 28/2018 e suas atualizações.
3) Alegação: Alto conteúdo/Rico em/Alto teor de proteínas. Requisitos: A alegação é restrita aos suplementos alimentares cuja: a) quantidade de proteína corresponda ao dobro dos valores mínimos estabelecidos na IN 28/2018 e suas atualizações; e b) quantidade de aminoácidos essenciais por grama de proteína do produto atenda aos valores mínimos estabelecidos para a proteína de referência, conforme IN 28/2018 e suas atualizações.",Não há requisitos adicionais,
Proteína de Lentilha isolada (Lens culinaris Medik.),,"Codex Alimentarius General Standard For Vegetable Protein Products (VPP), CXS 174-1989.",Fonte de proteínas,"1) Alegação: Fonte de proteínas. Requisitos: A alegação é restrita aos suplementos alimentares cuja: a) quantidade de proteína atenda aos valores mínimos estabelecidos na IN 28/2018 e suas atualizações; e b) quantidade de aminoácidos essenciais por grama de proteína do produto atenda aos valores mínimos estabelecidos para a proteína de referência, conforme IN 28/2018 e suas atualizações.
2) Alegação: As proteínas auxiliam na formação dos músculos e ossos. Requisitos: A alegação é restrita aos suplementos alimentares cuja: a) quantidade de proteína atenda aos valores mínimos estabelecidos na IN 28/2018 e suas atualizações; e b) quantidade de aminoácidos essenciais por grama de proteína do produto atenda aos valores mínimos estabelecidos para a proteína de referência, conforme IN 28/2018 e suas atualizações.
3) Alegação: Alto conteúdo/Rico em/Alto teor de proteínas. Requisitos: A alegação é restrita aos suplementos alimentares cuja: a) quantidade de proteína corresponda ao dobro dos valores mínimos estabelecidos na IN 28/2018 e suas atualizações; e b) quantidade de aminoácidos essenciais por grama de proteína do produto atenda aos valores mínimos estabelecidos para a proteína de referência, conforme IN 28/2018 e suas atualizações.",Não há requisitos adicionais,
Proteína de soja,,"Codex Alimentarius General Standard For Soy Protein Products, CXS 175-1989",Fonte de proteínas,"1) Alegação: Fonte de proteínas. Requisitos: A alegação é restrita aos suplementos alimentares cuja: a) quantidade de proteína atenda aos valores mínimos estabelecidos na IN 28/2018 e suas atualizações; e b) quantidade de aminoácidos essenciais por grama de proteína do produto atenda aos valores mínimos estabelecidos para a proteína de referência, conforme IN 28/2018 e suas atualizações.
2) Alegação: As proteínas auxiliam na formação dos músculos e ossos. Requisitos: A alegação é restrita aos suplementos alimentares cuja: a) quantidade de proteína atenda aos valores mínimos estabelecidos na IN 28/2018 e suas atualizações; e b) quantidade de aminoácidos essenciais por grama de proteína do produto atenda aos valores mínimos estabelecidos para a proteína de referência, conforme IN 28/2018 e suas atualizações.
3) Alegação: Alto conteúdo/Rico em/Alto teor de proteínas. Requisitos: A alegação é restrita aos suplementos alimentares cuja: a) quantidade de proteína corresponda ao dobro dos valores mínimos estabelecidos na IN 28/2018 e suas atualizações; e b) quantidade de aminoácidos essenciais por grama de proteína do produto atenda aos valores mínimos estabelecidos para a proteína de referência, conforme IN 28/2018 e suas atualizações.",Não há requisitos adicionais,
Proteína de soja concentrada,9010-10-0,FCC,Fonte de proteínas,"1) Alegação: Fonte de proteínas. Requisitos: A alegação é restrita aos suplementos alimentares cuja: a) quantidade de proteína atenda aos valores mínimos estabelecidos na IN 28/2018 e suas atualizações; e b) quantidade de aminoácidos essenciais por grama de proteína do produto atenda aos valores mínimos estabelecidos para a proteína de referência, conforme IN 28/2018 e suas atualizações.
2) Alegação: As proteínas auxiliam na formação dos músculos e ossos. Requisitos: A alegação é restrita aos suplementos alimentares cuja: a) quantidade de proteína atenda aos valores mínimos estabelecidos na IN 28/2018 e suas atualizações; e b) quantidade de aminoácidos essenciais por grama de proteína do produto atenda aos valores mínimos estabelecidos para a proteína de referência, conforme IN 28/2018 e suas atualizações.
3) Alegação: Alto conteúdo/Rico em/Alto teor de proteínas. Requisitos: A alegação é restrita aos suplementos alimentares cuja: a) quantidade de proteína corresponda ao dobro dos valores mínimos estabelecidos na IN 28/2018 e suas atualizações; e b) quantidade de aminoácidos essenciais por grama de proteína do produto atenda aos valores mínimos estabelecidos para a proteína de referência, conforme IN 28/2018 e suas atualizações.",Não há requisitos adicionais,
Proteína de soja isolada,,"Codex Alimentarius General Standard For Vegetable Protein Products (VPP), CXS 174-1989",Fonte de proteínas,"1) Alegação: Fonte de proteínas. Requisitos: A alegação é restrita aos suplementos alimentares cuja: a) quantidade de proteína atenda aos valores mínimos estabelecidos na IN 28/2018 e suas atualizações; e b) quantidade de aminoácidos essenciais por grama de proteína do produto atenda aos valores mínimos estabelecidos para a proteína de referência, conforme IN 28/2018 e suas atualizações.
2) Alegação: As proteínas auxiliam na formação dos músculos e ossos. Requisitos: A alegação é restrita aos suplementos alimentares cuja: a) quantidade de proteína atenda aos valores mínimos estabelecidos na IN 28/2018 e suas atualizações; e b) quantidade de aminoácidos essenciais por grama de proteína do produto atenda aos valores mínimos estabelecidos para a proteína de referência, conforme IN 28/2018 e suas atualizações.
3) Alegação: Alto conteúdo/Rico em/Alto teor de proteínas. Requisitos: A alegação é restrita aos suplementos alimentares cuja: a) quantidade de proteína corresponda ao dobro dos valores mínimos estabelecidos na IN 28/2018 e suas atualizações; e b) quantidade de aminoácidos essenciais por grama de proteína do produto atenda aos valores mínimos estabelecidos para a proteína de referência, conforme IN 28/2018 e suas atualizações.",Não há requisitos adicionais,
Proteína de soro do leite concentrada,,FCC,Fonte de proteínas,"1) Alegação: Fonte de proteínas. Requisitos: A alegação é restrita aos suplementos alimentares cuja: a) quantidade de proteína atenda aos valores mínimos estabelecidos na IN 28/2018 e suas atualizações; e b) quantidade de aminoácidos essenciais por grama de proteína do produto atenda aos valores mínimos estabelecidos para a proteína de referência, conforme IN 28/2018 e suas atualizações.
2) Alegação: As proteínas auxiliam na formação dos músculos e ossos. Requisitos: A alegação é restrita aos suplementos alimentares cuja: a) quantidade de proteína atenda aos valores mínimos estabelecidos na IN 28/2018 e suas atualizações; e b) quantidade de aminoácidos essenciais por grama de proteína do produto atenda aos valores mínimos estabelecidos para a proteína de referência, conforme IN 28/2018 e suas atualizações.
3) Alegação: Alto conteúdo/Rico em/Alto teor de proteínas. Requisitos: A alegação é restrita aos suplementos alimentares cuja: a) quantidade de proteína corresponda ao dobro dos valores mínimos estabelecidos na IN 28/2018 e suas atualizações; e b) quantidade de aminoácidos essenciais por grama de proteína do produto atenda aos valores mínimos estabelecidos para a proteína de referência, conforme IN 28/2018 e suas atualizações.",Não há requisitos adicionais,
Proteína de soro do leite hidrolisada,,FCC,Fonte de proteínas,"1) Alegação: Fonte de proteínas. Requisitos: A alegação é restrita aos suplementos alimentares cuja: a) quantidade de proteína atenda aos valores mínimos estabelecidos na IN 28/2018 e suas atualizações; e b) quantidade de aminoácidos essenciais por grama de proteína do produto atenda aos valores mínimos estabelecidos para a proteína de referência, conforme IN 28/2018 e suas atualizações.
2) Alegação: As proteínas auxiliam na formação dos músculos e ossos. Requisitos: A alegação é restrita aos suplementos alimentares cuja: a) quantidade de proteína atenda aos valores mínimos estabelecidos na IN 28/2018 e suas atualizações; e b) quantidade de aminoácidos essenciais por grama de proteína do produto atenda aos valores mínimos estabelecidos para a proteína de referência, conforme IN 28/2018 e suas atualizações.
3) Alegação: Alto conteúdo/Rico em/Alto teor de proteínas. Requisitos: A alegação é restrita aos suplementos alimentares cuja: a) quantidade de proteína corresponda ao dobro dos valores mínimos estabelecidos na IN 28/2018 e suas atualizações; e b) quantidade de aminoácidos essenciais por grama de proteína do produto atenda aos valores mínimos estabelecidos para a proteína de referência, conforme IN 28/2018 e suas atualizações.",Não há requisitos adicionais,
Proteína de soro do leite isolada,,FCC,Fonte de proteínas,"1) Alegação: Fonte de proteínas. Requisitos: A alegação é restrita aos suplementos alimentares cuja: a) quantidade de proteína atenda aos valores mínimos estabelecidos na IN 28/2018 e suas atualizações; e b) quantidade de aminoácidos essenciais por grama de proteína do produto atenda aos valores mínimos estabelecidos para a proteína de referência, conforme IN 28/2018 e suas atualizações.
2) Alegação: As proteínas auxiliam na formação dos músculos e ossos. Requisitos: A alegação é restrita aos suplementos alimentares cuja: a) quantidade de proteína atenda aos valores mínimos estabelecidos na IN 28/2018 e suas atualizações; e b) quantidade de aminoácidos essenciais por grama de proteína do produto atenda aos valores mínimos estabelecidos para a proteína de referência, conforme IN 28/2018 e suas atualizações.
3) Alegação: Alto conteúdo/Rico em/Alto teor de proteínas. Requisitos: A alegação é restrita aos suplementos alimentares cuja: a) quantidade de proteína corresponda ao dobro dos valores mínimos estabelecidos na IN 28/2018 e suas atualizações; e b) quantidade de aminoácidos essenciais por grama de proteína do produto atenda aos valores mínimos estabelecidos para a proteína de referência, conforme IN 28/2018 e suas atualizações.",Não há requisitos adicionais,
Proteína de trigo,,FCC,Fonte de proteínas,"1) Alegação: Fonte de proteínas. Requisitos: A alegação é restrita aos suplementos alimentares cuja: a) quantidade de proteína atenda aos valores mínimos estabelecidos na IN 28/2018 e suas atualizações; e b) quantidade de aminoácidos essenciais por grama de proteína do produto atenda aos valores mínimos estabelecidos para a proteína de referência, conforme IN 28/2018 e suas atualizações.
2) Alegação: As proteínas auxiliam na formação dos músculos e ossos. Requisitos: A alegação é restrita aos suplementos alimentares cuja: a) quantidade de proteína atenda aos valores mínimos estabelecidos na IN 28/2018 e suas atualizações; e b) quantidade de aminoácidos essenciais por grama de proteína do produto atenda aos valores mínimos estabelecidos para a proteína de referência, conforme IN 28/2018 e suas atualizações.
3) Alegação: Alto conteúdo/Rico em/Alto teor de proteínas. Requisitos: A alegação é restrita aos suplementos alimentares cuja: a) quantidade de proteína corresponda ao dobro dos valores mínimos estabelecidos na IN 28/2018 e suas atualizações; e b) quantidade de aminoácidos essenciais por grama de proteína do produto atenda aos valores mínimos estabelecidos para a proteína de referência, conforme IN 28/2018 e suas atualizações.",Não há requisitos adicionais,
Proteína hidrolisada de carne bovina,,"Descrição/Definição
A proteína hidrolisada de carne bovina é obtida a partir da carne bovina aderida aos ossos que passa pelas etapas de trituração, cozimento, hidrólise, separação, filtração, evaporação, secagem, cominuição, peneiramento e armazenagem.

Parâmetros Físico-Químicos
Proteína bruta: mín. 96,0% 
Umidade: max. 6,0%",Fonte de proteínas,"1) Alegação: Fonte de proteínas. Requisitos: A alegação é restrita aos suplementos alimentares cuja: a) quantidade de proteína atenda aos valores mínimos estabelecidos na IN 28/2018 e suas atualizações; e b) quantidade de aminoácidos essenciais por grama de proteína do produto atenda aos valores mínimos estabelecidos para a proteína de referência, conforme IN 28/2018 e suas atualizações.
2) Alegação: As proteínas auxiliam na formação dos músculos e ossos. Requisitos: A alegação é restrita aos suplementos alimentares cuja: a) quantidade de proteína atenda aos valores mínimos estabelecidos na IN 28/2018 e suas atualizações; e b) quantidade de aminoácidos essenciais por grama de proteína do produto atenda aos valores mínimos estabelecidos para a proteína de referência, conforme IN 28/2018 e suas atualizações.
3) Alegação: Alto conteúdo/Rico em/Alto teor de proteínas. Requisitos: A alegação é restrita aos suplementos alimentares cuja: a) quantidade de proteína corresponda ao dobro dos valores mínimos estabelecidos na IN 28/2018 e suas atualizações; e b) quantidade de aminoácidos essenciais por grama de proteína do produto atenda aos valores mínimos estabelecidos para a proteína de referência, conforme IN 28/2018 e suas atualizações.",Não há requisitos adicionais,"Constituinte permitido apenas para suplementos alimentares indicados para indivíduos acima de 19 anos de idade, exceto gestantes e lactantes."
"Proteína isolada de Canola (Brassica napusL.,Brassica rapaL. eBrassica juncea(L.) Czern.)",,"Para esse constituinte foram aprovadas as especificações do fabricante: DSM Food Specialties B.V. - Delft, Países Baixos.",Fonte de proteínas,"1) Alegação: Fonte de proteínas. Requisitos: A alegação é restrita aos suplementos alimentares cuja: a) quantidade de proteína atenda aos valores mínimos estabelecidos na IN 28/2018 e suas atualizações; e b) quantidade de aminoácidos essenciais por grama de proteína do produto atenda aos valores mínimos estabelecidos para a proteína de referência, conforme IN 28/2018 e suas atualizações.
2) Alegação: As proteínas auxiliam na formação dos músculos e ossos. Requisitos: A alegação é restrita aos suplementos alimentares cuja: a) quantidade de proteína atenda aos valores mínimos estabelecidos na IN 28/2018 e suas atualizações; e b) quantidade de aminoácidos essenciais por grama de proteína do produto atenda aos valores mínimos estabelecidos para a proteína de referência, conforme IN 28/2018 e suas atualizações.
3) Alegação: Alto conteúdo/Rico em/Alto teor de proteínas. Requisitos: A alegação é restrita aos suplementos alimentares cuja: a) quantidade de proteína corresponda ao dobro dos valores mínimos estabelecidos na IN 28/2018 e suas atualizações; e b) quantidade de aminoácidos essenciais por grama de proteína do produto atenda aos valores mínimos estabelecidos para a proteína de referência, conforme IN 28/2018 e suas atualizações.",Não há requisitos adicionais,
Proteína isolada de fava (Vicia faba L.),,"Codex Alimentarius General Standard For Vegetable Protein Products (VPP), CXS 174-1989.",Fonte de proteínas,"1) Alegação: Fonte de proteínas. Requisitos: A alegação é restrita aos suplementos alimentares cuja: a) quantidade de proteína atenda aos valores mínimos estabelecidos na IN 28/2018 e suas atualizações; e b) quantidade de aminoácidos essenciais por grama de proteína do produto atenda aos valores mínimos estabelecidos para a proteína de referência, conforme IN 28/2018 e suas atualizações.
2) Alegação: As proteínas auxiliam na formação dos músculos e ossos. Requisitos: A alegação é restrita aos suplementos alimentares cuja: a) quantidade de proteína atenda aos valores mínimos estabelecidos na IN 28/2018 e suas atualizações; e b) quantidade de aminoácidos essenciais por grama de proteína do produto atenda aos valores mínimos estabelecidos para a proteína de referência, conforme IN 28/2018 e suas atualizações.
3) Alegação: Alto conteúdo/Rico em/Alto teor de proteínas. Requisitos: A alegação é restrita aos suplementos alimentares cuja: a) quantidade de proteína corresponda ao dobro dos valores mínimos estabelecidos na IN 28/2018 e suas atualizações; e b) quantidade de aminoácidos essenciais por grama de proteína do produto atenda aos valores mínimos estabelecidos para a proteína de referência, conforme IN 28/2018 e suas atualizações.",Não há requisitos adicionais,
Proteína isolada de leite (obtida exclusivamente de leite bovino),,"Para esse constituinte foram aprovadas as especificações: Proteína (N x 6,38) base seca mínimo 90% m/m; Cinzas máximo 8,5% m/m; Umidade máximo 6,0% m/m; fonte de obtenção exclusivamente do leite bovino.",Fonte de proteínas,"1) Alegação: Fonte de proteínas. Requisitos: A alegação é restrita aos suplementos alimentares cuja: a) quantidade de proteína atenda aos valores mínimos estabelecidos na IN 28/2018 e suas atualizações; e b) quantidade de aminoácidos essenciais por grama de proteína do produto atenda aos valores mínimos estabelecidos para a proteína de referência, conforme IN 28/2018 e suas atualizações.
2) Alegação: As proteínas auxiliam na formação dos músculos e ossos. Requisitos: A alegação é restrita aos suplementos alimentares cuja: a) quantidade de proteína atenda aos valores mínimos estabelecidos na IN 28/2018 e suas atualizações; e b) quantidade de aminoácidos essenciais por grama de proteína do produto atenda aos valores mínimos estabelecidos para a proteína de referência, conforme IN 28/2018 e suas atualizações.
3) Alegação: Alto conteúdo/Rico em/Alto teor de proteínas. Requisitos: A alegação é restrita aos suplementos alimentares cuja: a) quantidade de proteína corresponda ao dobro dos valores mínimos estabelecidos na IN 28/2018 e suas atualizações; e b) quantidade de aminoácidos essenciais por grama de proteína do produto atenda aos valores mínimos estabelecidos para a proteína de referência, conforme IN 28/2018 e suas atualizações.",Não há requisitos adicionais,
Psyllium(Plantago ovatae),, USP-NF,Fonte de fibras alimentares,"1) Alegação: As fibras alimentares auxiliam no funcionamento do intestino.
Requisitos: As alegações são restritas aos suplementos alimentares cuja quantidade de fibras alimentares atenda aos valores mínimos estabelecidos na IN 28/2018 e suas atualizações.
2) Alegação: Fonte de fibras. Requisitos: As alegações são restritas aos suplementos alimentares cuja quantidade de fibras alimentares atenda aos valores mínimos estabelecidos na IN 28/2018 e suas atualizações.
3) Alegação: O psyllium auxilia na redução do colesterol sanguíneo. Requisitos: A alegação é restrita aos suplementos alimentares que forneçam no mínimo 7 g de fibra de psyllium na recomendação diária de consumo.",Não há requisitos adicionais,
Quercetina,117-39-5, Food Chemicals Codex - FCC,Fonte de quercetina,Não foi aprovada alegação de propriedade funcional nem de saúde para o ingrediente,"A advertência ""Este produto não deve ser consumido por crianças, gestantes e lactantes."" deve constar na rotulagem do produto.",
Quitosana,,"FCC 

 USP-NF",Fonte de fibras alimentares,"1) Alegação: As fibras alimentares auxiliam no funcionamento do intestino.
Requisitos: As alegações são restritas aos suplementos alimentares cuja quantidade de fibras alimentares atenda aos valores mínimos estabelecidos na IN 28/2018 e suas atualizações.
2) Alegação: Fonte de fibras. Requisitos: As alegações são restritas aos suplementos alimentares cuja quantidade de fibras alimentares atenda aos valores mínimos estabelecidos na IN 28/2018 e suas atualizações.
3) Alegação: A quitosana auxilia na manutenção dos níveis de colesterol sanguíneo. Requisitos: A alegação é restrita aos suplementos alimentares que forneçam no mínimo 3 g de quitosana na recomendação diária de consumo.
Suplementos à base de quitosana cuja quantidade de fibras alimentares não atenda aos valores mínimos estabelecidos na IN 28/2018 e suas atualizações, devem ser denominados de ""suplemento alimentar de quitosana"" acrescido da forma farmacêutica do produto. Nesse caso, a denominação de venda não pode fazer referência a fibras alimentares.",Não há requisitos adicionais,
Retinol,68-26-8,"European pharmacopoeia 9.0 

FCC",Fonte de Vitamina A,"1) Alegação: A vitamina A auxilia na visão. Requisitos: As alegações são restritas aos suplementos alimentares cuja quantidade de vitamina A atenda aos valores mínimos estabelecidos na IN 28/2018 e suas atualizações..
2) Alegação: A vitamina A auxilia no funcionamento do sistema imune. Requisitos: As alegações são restritas aos suplementos alimentares cuja quantidade de vitamina A atenda aos valores mínimos estabelecidos na IN 28/2018 e suas atualizações.
3) Alegação: A vitamina A auxilia no metabolismo do ferro. Requisitos: As alegações são restritas aos suplementos alimentares cuja quantidade de vitamina A atenda aos valores mínimos estabelecidos na IN 28/2018 e suas atualizações.
4) Alegação: A vitamina A contribui para a manutenção da pele. Requisitos: As alegações são restritas aos suplementos alimentares cuja quantidade de vitamina A atenda aos valores mínimos estabelecidos na IN 28/2018 e suas atualizações.
5) Alegação: A vitamina A auxilia na manutenção de mucosas.  Requisitos: As alegações são restritas aos suplementos alimentares cuja quantidade de vitamina A atenda aos valores mínimos estabelecidos na IN 28/2018 e suas atualizações
6) Alegação: A vitamina A auxilia no processo de diferenciação celular. Requisitos: As alegações são restritas aos suplementos alimentares cuja quantidade de vitamina A atenda aos valores mínimos estabelecidos na IN 28/2018 e suas atualizações.
7) Alegação: Fonte de vitamina A. Requisitos: As alegações são restritas aos suplementos alimentares cuja quantidade de vitamina A atenda aos valores mínimos estabelecidos na IN 28/2018 e suas atualizações.
8) Alegação: Alto conteúdo/Rico em/Alto teor de vitamina A. Requisitos: A alegação é restrita aos suplementos alimentares cuja quantidade de vitamina A corresponda ao dobro dos valores mínimos estabelecidos na IN 28/2018 e suas atualizações., desde que não ultrapasse o limite máximo estabelecido na IN 28/2018 e suas atualizações.",Não há requisitos adicionais,
Riboflavina,83-88-5,"European pharmacopoeia 9.0 

USP-NF

Prepared at the 31st JECFA (1987), published in FNP 38 (1988) and in FNP 52 (1992). Metals and arsenic specifications revised at the 59th JECFA (2002). A group ADI of 0-0.5 mg/kg bw for riboflavin from Bacillus subtilis, synthetic riboflavin and riboflavin-5-phosphate was established at the 51st JECFA (1998).",Fonte de vitamina B2,"1) Alegação: A riboflavina auxilia no metabolismo energético. Requisitos: A alegação é restrita aos suplementos alimentares cuja quantidade de riboflavina atenda aos valores mínimos estabelecidos na IN 28/2018 e suas atualizações. O termo ""vitamina B2"" pode ser usado em substituição ao termo ""riboflavina"" nas alegações.
2)  Alegação: A riboflavina auxilia no metabolismo de proteínas, carboidratos e gorduras. Requisitos: A alegação é restrita aos suplementos alimentares cuja quantidade de riboflavina atenda aos valores mínimos estabelecidos na IN 28/2018 e suas atualizações. O termo ""vitamina B2"" pode ser usado em substituição ao termo ""riboflavina"" nas alegações.
3) Alegação: A riboflavina auxilia na formação de células vermelhas do sangue. Requisitos: A alegação é restrita aos suplementos alimentares cuja quantidade de riboflavina atenda aos valores mínimos estabelecidos na IN 28/2018 e suas atualizações. O termo ""vitamina B2"" pode ser usado em substituição ao termo ""riboflavina"" nas alegações.
4) Alegação: A riboflavina é um antioxidante que auxilia na proteção dos danos causados pelos radicais livres. Requisitos: A alegação é restrita aos suplementos alimentares cuja quantidade de riboflavina atenda aos valores mínimos estabelecidos na IN 28/2018 e suas atualizações. O termo ""vitamina B2"" pode ser usado em substituição ao termo ""riboflavina"" nas alegações.
5) Alegação: A riboflavina auxilia na visão. Requisitos: A alegação é restrita aos suplementos alimentares cuja quantidade de riboflavina atenda aos valores mínimos estabelecidos na IN 28/2018 e suas atualizações. O termo ""vitamina B2"" pode ser usado em substituição ao termo ""riboflavina"" nas alegações.
6) Alegação:  A riboflavina auxilia no metabolismo do ferro. Requisitos: A alegação é restrita aos suplementos alimentares cuja quantidade de riboflavina atenda aos valores mínimos estabelecidos na IN 28/2018 e suas atualizações. O termo ""vitamina B2"" pode ser usado em substituição ao termo ""riboflavina"" nas alegações.
7) Alegação: A riboflavina contribui para a manutenção da pele e de mucosas. Requisitos:A alegação é restrita aos suplementos alimentares cuja quantidade de riboflavina atenda aos valores mínimos estabelecidos na IN 28/2018 e suas atualizações. O termo ""vitamina B2"" pode ser usado em substituição ao termo ""riboflavina"" nas alegações.
8) Alegação: Fonte de riboflavina. Requisitos: A alegação é restrita aos suplementos alimentares cuja quantidade de riboflavina atenda aos valores mínimos estabelecidos na IN 28/2018 e suas atualizações. O termo ""vitamina B2"" pode ser usado em substituição ao termo ""riboflavina"" nas alegações.
9)Alegação:  Alto conteúdo/Rico em/Alto teor de riboflavina. Requisitos: A alegação é restrita aos suplementos alimentares cuja quantidade de riboflavina corresponda ao dobro dos valores mínimos estabelecidos na IN 28/2018 e suas atualizações, desde que não ultrapasse o limite máximo estabelecido na IN 28/2018. O termo ""vitamina B2"" pode ser usado em substituição ao termo ""riboflavina"" nas alegações.",Não há requisitos adicionais,
Riboflavina-5'-fosfato de sódio,130-40-5,"European pharmacopoeia 9.0 

FCC 

USP-NF

Prepared at the 31st JECFA (1987), published in FNP 38 (1988) and in FNP 52 (1992). Metals and arsenic specifications revised at the 59th JECFA (2002). Add 6. A group ADI 0-0.5 mg/kg bw for riboflavin from Bacillus subtilis, synthetic riboflavin and riboflavin-5-phosphate was established at the 51st JECFA (1998).",Fonte de vitamina B2,"""1) Alegação: A riboflavina auxilia no metabolismo energético. Requisitos: A alegação é restrita aos suplementos alimentares cuja quantidade de riboflavina atenda aos valores mínimos estabelecidos na IN 28/2018 e suas atualizações. O termo """"vitamina B2"""" pode ser usado em substituição ao termo """"riboflavina"""" nas alegações.
2)  Alegação: A riboflavina auxilia no metabolismo de proteínas, carboidratos e gorduras. Requisitos: A alegação é restrita aos suplementos alimentares cuja quantidade de riboflavina atenda aos valores mínimos estabelecidos na IN 28/2018 e suas atualizações. O termo """"vitamina B2"""" pode ser usado em substituição ao termo """"riboflavina"""" nas alegações.
3) Alegação: A riboflavina auxilia na formação de células vermelhas do sangue. Requisitos: A alegação é restrita aos suplementos alimentares cuja quantidade de riboflavina atenda aos valores mínimos estabelecidos na IN 28/2018 e suas atualizações. O termo """"vitamina B2"""" pode ser usado em substituição ao termo """"riboflavina"""" nas alegações.
4) Alegação: A riboflavina é um antioxidante que auxilia na proteção dos danos causados pelos radicais livres. Requisitos: A alegação é restrita aos suplementos alimentares cuja quantidade de riboflavina atenda aos valores mínimos estabelecidos na IN 28/2018 e suas atualizações. O termo """"vitamina B2"""" pode ser usado em substituição ao termo """"riboflavina"""" nas alegações.
5) Alegação: A riboflavina auxilia na visão. Requisitos: A alegação é restrita aos suplementos alimentares cuja quantidade de riboflavina atenda aos valores mínimos estabelecidos na IN 28/2018 e suas atualizações. O termo """"vitamina B2"""" pode ser usado em substituição ao termo """"riboflavina"""" nas alegações.
6) Alegação:  A riboflavina auxilia no metabolismo do ferro. Requisitos: A alegação é restrita aos suplementos alimentares cuja quantidade de riboflavina atenda aos valores mínimos estabelecidos na IN 28/2018 e suas atualizações. O termo """"vitamina B2"""" pode ser usado em substituição ao termo """"riboflavina"""" nas alegações.
7) Alegação: A riboflavina contribui para a manutenção da pele e de mucosas. Requisitos:A alegação é restrita aos suplementos alimentares cuja quantidade de riboflavina atenda aos valores mínimos estabelecidos na IN 28/2018 e suas atualizações. O termo """"vitamina B2"""" pode ser usado em substituição ao termo """"riboflavina"""" nas alegações.
8) Alegação: Fonte de riboflavina. Requisitos: A alegação é restrita aos suplementos alimentares cuja quantidade de riboflavina atenda aos valores mínimos estabelecidos na IN 28/2018 e suas atualizações. O termo """"vitamina B2"""" pode ser usado em substituição ao termo """"riboflavina"""" nas alegações.
9)Alegação:  Alto conteúdo/Rico em/Alto teor de riboflavina. Requisitos: A alegação é restrita aos suplementos alimentares cuja quantidade de riboflavina corresponda ao dobro dos valores mínimos estabelecidos na IN 28/2018 e suas atualizações, desde que não ultrapasse o limite máximo estabelecido na IN 28/2018. O termo """"vitamina B2"""" pode ser usado em substituição ao termo """"riboflavina"""" nas alegações. """,Não há requisitos adicionais,
Sacarose,57-50-1,FCC,Fonte de carboidrato,"1) Alegação: Os carboidratos auxiliam na recuperação da função muscular normal após exercícios extenuantes. Requisitos: A alegação é restrita aos suplementos alimentares cuja:
a) quantidade de carboidratos metabolizáveis atenda aos valores mínimos estabelecidos na IN 28/2018 e suas atualizações; e
b) informação sobre o consumo na dose de 4 g/kg de peso corpóreo, nas primeiras 4 a 6 horas após o exercício extenuante, conste na rotulagem do produto.
 2) Alegação: Auxilia a manutenção do equilíbrio de fluidos e eletrólitos e no desempenho de exercícios físicos de resistência. Restrições: A alegação é restrita aos suplementos alimentares que:
a) forneçam carboidratos como principal fonte de energia;
b) contenham no mínimo 80 kcal/L e no máximo 350 kcal/L;
c) contenham no mínimo 75% da energia derivada de carboidratos metabolizáveis;
d) contenham no mínimo 20 mmol/L (460 mg/L) de sódio (na forma de Na+) e máximo 50 mmol/L (1150 mg/L) de sódio (na forma de Na+); e
e) apresentem osmolalidade entre 200 e 330 mOsml/kg de água. 
3) Alegação: Isotônico: Requisitos: A alegação é restrita aos suplementos alimentares que:
a) forneçam carboidratos como principal fonte de energia;
b) contenham no mínimo 80 kcal/L e no máximo 350 kcal/L;
c) contenham no mínimo 75% da energia derivada de carboidratos metabolizáveis;
d) contenham no mínimo 20 mmol/L (460 mg/L) de sódio (na forma de Na+) e máximo 50 mmol/L (1150 mg/L) de sódio (na forma de Na+); e    e) apresentem osmolalidade entre 270 e 330 mOsml/kg de água.",Não há requisitos adicionais,
Sais de magnésio do ácido cítrico,3344-18-1,European pharmacopoeia 9.0,Fonte de Magnésio,"1) Alegação:O magnésio auxilia na formação de ossos e dentes. Requisitos:  As alegações são restritas aos suplementos alimentares cuja quantidade de magnésio atenda aos valores mínimos estabelecidos na IN 28/2018 e suas atualizações.
2) Alegação: O magnésio auxilia no metabolismo energético. Requisitos:  As alegações são restritas aos suplementos alimentares cuja quantidade de magnésio atenda aos valores mínimos estabelecidos na IN 28/2018 e suas atualizações
3) Alegação: O magnésio auxilia no metabolismo de proteínas, carboidratos e gorduras. Requisitos:  As alegações são restritas aos suplementos alimentares cuja quantidade de magnésio atenda aos valores mínimos estabelecidos na IN 28/2018 e suas atualizações.
4) Alegação: O magnésio auxilia no equilíbrio dos eletrólitos. Requisitos:  As alegações são restritas aos suplementos alimentares cuja quantidade de magnésio atenda aos valores mínimos estabelecidos na IN 28/2018 e suas atualizações.
5) Alegação:  O magnésio auxilia no funcionamento muscular. Requisitos: As alegações são restritas aos suplementos alimentares cuja quantidade de magnésio atenda aos valores mínimos estabelecidos na IN 28/2018 e suas atualizações.
6) Alegação: O magnésio auxilia no funcionamento neuromuscular. Requisitos: As alegações são restritas aos suplementos alimentares cuja quantidade de magnésio atenda aos valores mínimos estabelecidos na IN 28/2018 e suas atualizações.
7) Alegação: O magnésio auxilia no processo de divisão celular. Requisitos: As alegações são restritas aos suplementos alimentares cuja quantidade de magnésio atenda aos valores mínimos estabelecidos na IN 28/2018 e suas atualizações.
8) Alegação: Fonte de magnésio. Requisitos: As alegações são restritas aos suplementos alimentares cuja quantidade de magnésio atenda aos valores mínimos estabelecidos na IN 28/2018 e suas atualizações.
9) Alegação: Alto conteúdo/Rico em/Alto teor de magnésio. Requisitos: A alegação é restrita aos suplementos alimentares cuja quantidade de magnésio corresponda ao dobro dos valores mínimos estabelecidos na IN 28/2018 e suas atualizações, desde que não ultrapasse o limite máximo estabelecido na IN 28/2018 e suas atualizações.",Não há requisitos adicionais,
Selenato de sódio,13410-01-0,FCC,Fonte de Selênio,"1) Alegação: O selênio é um antioxidante que auxilia na proteção dos danos causados pelos radicais livres. Requisitos: As alegações são restritas aos suplementos alimentares cuja quantidade de selênio atenda aos valores mínimos estabelecidos na IN 28/2018 e suas atualizações
2) Alegação: O selênio auxilia no funcionamento do sistema imune. Requisitos: As alegações são restritas aos suplementos alimentares cuja quantidade de selênio atenda aos valores mínimos estabelecidos na IN 28/2018 e suas atualizações.
3) Alegação: Fonte de selênio. Requisitos: As alegações são restritas aos suplementos alimentares cuja quantidade de selênio atenda aos valores mínimos estabelecidos na IN 28/2018 e suas atualizações.
4) Alegação: Alto conteúdo/Rico em/Alto teor de selênio. Requisitos: A alegação é restrita aos suplementos alimentares cuja quantidade de selênio corresponda ao dobro dos valores mínimos estabelecidos na IN 28/2018 e suas atualizações., desde que não ultrapasse o limite máximo estabelecido na IN 28/2018 e suas atualizações.",Não há requisitos adicionais,
Selenito de sódio,10102-18-8,European pharmacopoeia 9.0,Fonte de Selênio,"1) Alegação: O selênio é um antioxidante que auxilia na proteção dos danos causados pelos radicais livres. Requisitos: As alegações são restritas aos suplementos alimentares cuja quantidade de selênio atenda aos valores mínimos estabelecidos na IN 28/2018 e suas atualizações
2) Alegação: O selênio auxilia no funcionamento do sistema imune. Requisitos: As alegações são restritas aos suplementos alimentares cuja quantidade de selênio atenda aos valores mínimos estabelecidos na IN 28/2018 e suas atualizações.
3) Alegação: Fonte de selênio. Requisitos: As alegações são restritas aos suplementos alimentares cuja quantidade de selênio atenda aos valores mínimos estabelecidos na IN 28/2018 e suas atualizações.
4) Alegação: Alto conteúdo/Rico em/Alto teor de selênio. Requisitos: A alegação é restrita aos suplementos alimentares cuja quantidade de selênio corresponda ao dobro dos valores mínimos estabelecidos na IN 28/2018 e suas atualizações., desde que não ultrapasse o limite máximo estabelecido na IN 28/2018 e suas atualizações.",Não há requisitos adicionais,
Semente de chia (Salvia hispanicaL.),,Para este constituinte foram aprovadas as especificações do fabricante: The Chia Company - Austrália.,Fonte de fibras alimentares,"1) Alegação: As fibras alimentares auxiliam no funcionamento do intestino.
Requisitos: As alegações são restritas aos suplementos alimentares cuja quantidade de fibras alimentares atenda aos valores mínimos estabelecidos na IN 28/2018 e suas atualizações.
2) Alegação: Fonte de fibras. Requisitos: As alegações são restritas aos suplementos alimentares cuja quantidade de fibras alimentares atenda aos valores mínimos estabelecidos na IN 28/2018 e suas atualizações.",Não há requisitos adicionais,
Semente de chia moída desengordurada (Salvia hispanicaL.),,"Para este constituinte foram aprovadas as especificações do fabricante: Trio S.A. - Santiago, Chile.",Fonte de fibras alimentares,"1) Alegação: As fibras alimentares auxiliam no funcionamento do intestino.
Requisitos: As alegações são restritas aos suplementos alimentares cuja quantidade de fibras alimentares atenda aos valores mínimos estabelecidos na IN 28/2018 e suas atualizações.
2) Alegação: Fonte de fibras. Requisitos: As alegações são restritas aos suplementos alimentares cuja quantidade de fibras alimentares atenda aos valores mínimos estabelecidos na IN 28/2018 e suas atualizações.",Não há requisitos adicionais,
Soro do leite,,FCC,Fonte de proteínas,"1) Alegação: Fonte de proteínas. Requisitos: A alegação é restrita aos suplementos alimentares cuja: a) quantidade de proteína atenda aos valores mínimos estabelecidos na IN 28/2018 e suas atualizações; e b) quantidade de aminoácidos essenciais por grama de proteína do produto atenda aos valores mínimos estabelecidos para a proteína de referência, conforme IN 28/2018 e suas atualizações.
2) Alegação: As proteínas auxiliam na formação dos músculos e ossos. Requisitos: A alegação é restrita aos suplementos alimentares cuja: a) quantidade de proteína atenda aos valores mínimos estabelecidos na IN 28/2018 e suas atualizações; e b) quantidade de aminoácidos essenciais por grama de proteína do produto atenda aos valores mínimos estabelecidos para a proteína de referência, conforme IN 28/2018 e suas atualizações.
3) Alegação: Alto conteúdo/Rico em/Alto teor de proteínas. Requisitos: A alegação é restrita aos suplementos alimentares cuja: a) quantidade de proteína corresponda ao dobro dos valores mínimos estabelecidos na IN 28/2018 e suas atualizações; e b) quantidade de aminoácidos essenciais por grama de proteína do produto atenda aos valores mínimos estabelecidos para a proteína de referência, conforme IN 28/2018 e suas atualizações.",Não há requisitos adicionais,
Soro do leite reduzido de lactose,,FCC,Fonte de proteínas,"1) Alegação: Fonte de proteínas. Requisitos: A alegação é restrita aos suplementos alimentares cuja: a) quantidade de proteína atenda aos valores mínimos estabelecidos na IN 28/2018 e suas atualizações; e b) quantidade de aminoácidos essenciais por grama de proteína do produto atenda aos valores mínimos estabelecidos para a proteína de referência, conforme IN 28/2018 e suas atualizações.
2) Alegação: As proteínas auxiliam na formação dos músculos e ossos. Requisitos: A alegação é restrita aos suplementos alimentares cuja: a) quantidade de proteína atenda aos valores mínimos estabelecidos na IN 28/2018 e suas atualizações; e b) quantidade de aminoácidos essenciais por grama de proteína do produto atenda aos valores mínimos estabelecidos para a proteína de referência, conforme IN 28/2018 e suas atualizações.
3) Alegação: Alto conteúdo/Rico em/Alto teor de proteínas. Requisitos: A alegação é restrita aos suplementos alimentares cuja: a) quantidade de proteína corresponda ao dobro dos valores mínimos estabelecidos na IN 28/2018 e suas atualizações; e b) quantidade de aminoácidos essenciais por grama de proteína do produto atenda aos valores mínimos estabelecidos para a proteína de referência, conforme IN 28/2018 e suas atualizações.",Não há requisitos adicionais,
Soro do leite reduzido de minerais,,FCC,Fonte de proteínas,"1) Alegação: Fonte de proteínas. Requisitos: A alegação é restrita aos suplementos alimentares cuja: a) quantidade de proteína atenda aos valores mínimos estabelecidos na IN 28/2018 e suas atualizações; e b) quantidade de aminoácidos essenciais por grama de proteína do produto atenda aos valores mínimos estabelecidos para a proteína de referência, conforme IN 28/2018 e suas atualizações.
2) Alegação: As proteínas auxiliam na formação dos músculos e ossos. Requisitos: A alegação é restrita aos suplementos alimentares cuja: a) quantidade de proteína atenda aos valores mínimos estabelecidos na IN 28/2018 e suas atualizações; e b) quantidade de aminoácidos essenciais por grama de proteína do produto atenda aos valores mínimos estabelecidos para a proteína de referência, conforme IN 28/2018 e suas atualizações.
3) Alegação: Alto conteúdo/Rico em/Alto teor de proteínas. Requisitos: A alegação é restrita aos suplementos alimentares cuja: a) quantidade de proteína corresponda ao dobro dos valores mínimos estabelecidos na IN 28/2018 e suas atualizações; e b) quantidade de aminoácidos essenciais por grama de proteína do produto atenda aos valores mínimos estabelecidos para a proteína de referência, conforme IN 28/2018 e suas atualizações.",Não há requisitos adicionais,
Streptococcus salivarius K12,,"Para este ingrediente foram aprovadas as especificações
do fabricante: Lactosan GmbH & Co. KG., Kapfenberg, Austria.",Fonte de Streptococcus salivarius K12,Alegação: O Streptococcus salivarius K12 pode reduzir o risco de infecções das vias aéreas superiores de crianças com idade superior a três anos e adultos. A alegação é restrita aos suplementos alimentares cuja quantidade mínima de Streptococcus salivarius K12 fornecida na recomendação diária de consumo do produto atenda aos valores mínimos estabelecidos no Anexo III desta Instrução Normativa.,"A advertência ""Este produto não deve ser consumido por gestantes, lactantes, lactentes, crianças de até 3 anos de idade, pessoas imunocomprometidas ou pessoas acometidas de condição de saúde debilitante grave."" deve constar na rotulagem do produto.",
Succinato ácido de D-alfa-tocoferila,4345-03-3,"European pharmacopoeia 9.0 

FCC",Fonte de Vitamina E,"1) Alegação: A vitamina E é um antioxidante que auxilia na proteção dos danos causados pelos radicais livres. Requisitos: A alegação é restrita aos suplementos alimentares cuja quantidade de vitamina E atenda aos valores mínimos estabelecidos na IN 28/2018 e suas atualizações.
2) Alegação: Fonte de vitamina E. Requisitos: A alegação é restrita aos suplementos alimentares cuja quantidade de vitamina E atenda aos valores mínimos estabelecidos na IN 28/2018 e suas atualizações
3) Alegação: Alto conteúdo/Rico em/Alto teor de vitamina E. Requisitos: A alegação é restrita aos suplementos alimentares cuja quantidade de vitamina E corresponda ao dobro dos valores mínimos estabelecidos na IN 28/2018 e suas atualizações, desde que não ultrapasse o limite máximo estabelecido na IN 28/2018 e suas atualizações.",Não há requisitos adicionais,
Succinato ácido de DL-alfa-tocoferila,17407-37-3,European pharmacopoeia 9.0,Fonte de Vitamina E,"1) Alegação: A vitamina E é um antioxidante que auxilia na proteção dos danos causados pelos radicais livres. Requisitos: A alegação é restrita aos suplementos alimentares cuja quantidade de vitamina E atenda aos valores mínimos estabelecidos na IN 28/2018 e suas atualizações.
2) Alegação: Fonte de vitamina E. Requisitos: A alegação é restrita aos suplementos alimentares cuja quantidade de vitamina E atenda aos valores mínimos estabelecidos na IN 28/2018 e suas atualizações
3) Alegação: Alto conteúdo/Rico em/Alto teor de vitamina E. Requisitos: A alegação é restrita aos suplementos alimentares cuja quantidade de vitamina E corresponda ao dobro dos valores mínimos estabelecidos na IN 28/2018 e suas atualizações, desde que não ultrapasse o limite máximo estabelecido na IN 28/2018 e suas atualizações.",Não há requisitos adicionais,
Succinato de cálcio,140-99-8,"The EFSA Journal (2009) 1088, 1-25

USP-NF",Fonte de Cálcio,"1) Alegação: O cálcio auxilia na formação e manutenção de ossos e dentes. Requisito: As alegações são restritas aos suplementos alimentares cuja quantidade de cálcio atenda aos valores mínimos estabelecidos na IN 28/2018 e suas atualizações.
2) Alegação: O cálcio auxilia na coagulação do sangue. Requisito: As alegações são restritas aos suplementos alimentares cuja quantidade de cálcio atenda aos valores mínimos estabelecidos na IN 28/2018 e suas atualizações.
3) Alegação: O cálcio auxilia no funcionamento muscular. Requisito: As alegações são restritas aos suplementos alimentares cuja quantidade de cálcio atenda aos valores mínimos estabelecidos na IN 28/2018 e suas atualizações.
4) Alegação: O cálcio auxilia no funcionamento neuromuscular. Requisito: As alegações são restritas aos suplementos alimentares cuja quantidade de cálcio atenda aos valores mínimos estabelecidos na IN 28/2018 e suas atualizações.
5) Alegação: O cálcio auxilia no processo de divisão celular. Requisito: As alegações são restritas aos suplementos alimentares cuja quantidade de cálcio atenda aos valores mínimos estabelecidos na IN 28/2018 e suas atualizações.
6) Alegação: O cálcio auxilia no metabolismo energético. Requisito: As alegações são restritas aos suplementos alimentares cuja quantidade de cálcio atenda aos valores mínimos estabelecidos na IN 28/2018 e suas atualizações.
7) Alegação: Fonte de cálcio. Requisito: As alegações são restritas aos suplementos alimentares cuja quantidade de cálcio atenda aos valores mínimos estabelecidos na IN 28/2018 e suas atualizações.
8) Realagação: Alto conteúdo/Rico em/Alto teor de cálcio. Requisitos:
A alegação é restrita aos suplementos alimentares cuja quantidade de cálcio corresponda ao dobro dos valores mínimos estabelecidos na IN 28/2018 e suas atualizações, desde que não ultrapasse o limite máximo estabelecido.",Não há requisitos adicionais,
Succinato de D-alfa-tocoferil-polietilenoglicol-1000,,USP-NF,Fonte de Vitamina E,"1) Alegação: A vitamina E é um antioxidante que auxilia na proteção dos danos causados pelos radicais livres. Requisitos: A alegação é restrita aos suplementos alimentares cuja quantidade de vitamina E atenda aos valores mínimos estabelecidos na IN 28/2018 e suas atualizações.
2) Alegação: Fonte de vitamina E. Requisitos: A alegação é restrita aos suplementos alimentares cuja quantidade de vitamina E atenda aos valores mínimos estabelecidos na IN 28/2018 e suas atualizações
3) Alegação: Alto conteúdo/Rico em/Alto teor de vitamina E. Requisitos: A alegação é restrita aos suplementos alimentares cuja quantidade de vitamina E corresponda ao dobro dos valores mínimos estabelecidos na IN 28/2018 e suas atualizações, desde que não ultrapasse o limite máximo estabelecido na IN 28/2018 e suas atualizações.",Não há requisitos adicionais,
Succinato de magnésio,556-32-1,"The EFSA Journal (2009) 1088, 1-25",Fonte de Magnésio,"1) Alegação:O magnésio auxilia na formação de ossos e dentes. Requisitos:  As alegações são restritas aos suplementos alimentares cuja quantidade de magnésio atenda aos valores mínimos estabelecidos na IN 28/2018 e suas atualizações.
2) Alegação: O magnésio auxilia no metabolismo energético. Requisitos:  As alegações são restritas aos suplementos alimentares cuja quantidade de magnésio atenda aos valores mínimos estabelecidos na IN 28/2018 e suas atualizações
3) Alegação: O magnésio auxilia no metabolismo de proteínas, carboidratos e gorduras. Requisitos:  As alegações são restritas aos suplementos alimentares cuja quantidade de magnésio atenda aos valores mínimos estabelecidos na IN 28/2018 e suas atualizações.
4) Alegação: O magnésio auxilia no equilíbrio dos eletrólitos. Requisitos:  As alegações são restritas aos suplementos alimentares cuja quantidade de magnésio atenda aos valores mínimos estabelecidos na IN 28/2018 e suas atualizações.
5) Alegação:  O magnésio auxilia no funcionamento muscular. Requisitos: As alegações são restritas aos suplementos alimentares cuja quantidade de magnésio atenda aos valores mínimos estabelecidos na IN 28/2018 e suas atualizações.
6) Alegação: O magnésio auxilia no funcionamento neuromuscular. Requisitos: As alegações são restritas aos suplementos alimentares cuja quantidade de magnésio atenda aos valores mínimos estabelecidos na IN 28/2018 e suas atualizações.
7) Alegação: O magnésio auxilia no processo de divisão celular. Requisitos: As alegações são restritas aos suplementos alimentares cuja quantidade de magnésio atenda aos valores mínimos estabelecidos na IN 28/2018 e suas atualizações.
8) Alegação: Fonte de magnésio. Requisitos: As alegações são restritas aos suplementos alimentares cuja quantidade de magnésio atenda aos valores mínimos estabelecidos na IN 28/2018 e suas atualizações.
9) Alegação: Alto conteúdo/Rico em/Alto teor de magnésio. Requisitos: A alegação é restrita aos suplementos alimentares cuja quantidade de magnésio corresponda ao dobro dos valores mínimos estabelecidos na IN 28/2018 e suas atualizações, desde que não ultrapasse o limite máximo estabelecido na IN 28/2018 e suas atualizações.",Não há requisitos adicionais,
Suco de acerola desidratado,,Para este constituinte foram aprovadas as especificações do fabricante: Fazenda Amway Nutrilite do Brasil LTDA. Ubajara - CE.,Fonte de vitamina C,"1) Alegação: A vitamina C auxilia na absorção de ferro dos alimentos. Requisitos: As alegações são restritas aos suplementos alimentares cuja quantidade de vitamina C atenda aos valores mínimos estabelecidos na IN 28/2018 e suas atualizações.
2) Alegação: A vitamina C é um antioxidante que auxilia na proteção dos danos causados pelos radicais livres. Requisitos: As alegações são restritas aos suplementos alimentares cuja quantidade de vitamina C atenda aos valores mínimos estabelecidos na IN 28/2018 e suas atualizações.
3) Alegação: A vitamina C auxilia no funcionamento do sistema imune. Requisitos: As alegações são restritas aos suplementos alimentares cuja quantidade de vitamina C atenda aos valores mínimos estabelecidos na IN 28/2018 e suas atualizações.
4) Alegação: A vitamina C auxilia na formação do colágeno. Requisitos: As alegações são restritas aos suplementos alimentares cuja quantidade de vitamina C atenda aos valores mínimos estabelecidos na IN 28/2018 e suas atualizações.
5) Alegação: A vitamina C auxilia na regeneração da forma reduzida da vitamina E. Requisitos: As alegações são restritas aos suplementos alimentares cuja quantidade de vitamina C atenda aos valores mínimos estabelecidos na IN 28/2018 e suas atualizações.
6) Alegação: A vitamina C auxilia no metabolismo energético. Requisitos: As alegações são restritas aos suplementos alimentares cuja quantidade de vitamina C atenda aos valores mínimos estabelecidos na IN 28/2018 e suas atualizações.
7) Alegação: A vitamina C auxilia no metabolismo de proteínas e gorduras. Requisitos: As alegações são restritas aos suplementos alimentares cuja quantidade de vitamina C atenda aos valores mínimos estabelecidos na IN 28/2018 e suas atualizações.
8) Alegação: Fonte de vitamina C. Requisitos: As alegações são restritas aos suplementos alimentares cuja quantidade de vitamina C atenda aos valores mínimos estabelecidos na IN 28/2018 e suas atualizações.
9) Alegação: Alto conteúdo/Rico em/Alto teor de vitamina C. Requisitos: A alegação é restrita aos suplementos alimentares cuja quantidade de vitamina C corresponda ao dobro dos valores mínimos estabelecidos na IN 28/2018 e suas atualizações, desde que não ultrapasse o limite máximo estabelecido na IN 28/2018 e suas atualizações.",Não há requisitos adicionais,
Suco de acerola desidratado,,Para este constituinte foram aprovadas as especificações do fabricante: Nutrilite Botanical Concentrate Manufacturing,Fonte de vitamina C,Não foi aprovada alegação de propriedade funcional nem de saúde para o ingrediente,,Aprovado pela Resolução RE Nº  323 de 07/02/2022 e pela RE N°  3.070 de 15/09/2022 - Autorizado apenas para os peticionantes até a inclusão na IN 28/2018 e suas atualizações.
Sucromalte,,FCC,Fonte de carboidratos,Não foi aprovada alegação de propriedade funcional nem de saúde para o ingrediente,,
Sulfato cúprico,7758-98-7,"FCC 

17th JECFA (1973), FNP 4 (1978), FNP 52 (1992), FAO JECFA MONOGRAPHS 1 (2006)
 An MTDI of 0.5mg/kg bw of copper was established at the 26th JECFA (1982) 

 European pharmacopoeia 9.0

USP-NF",Fonte de Cobre,"1) Alegação:  O cobre auxilia no funcionamento do sistema imune. Requisitos:  As alegações são restritas aos suplementos alimentares cuja quantidade de cobre atenda aos valores mínimos estabelecidos na IN 28/2018 e suas atualizações.
2) Alegação: O cobre auxilia no metabolismo energético . Requisitos:  As alegações são restritas aos suplementos alimentares cuja quantidade de cobre atenda aos valores mínimos estabelecidos na IN 28/2018 e suas atualizações.
3) Alegação: O cobre contribui para a pigmentação de cabelo e pele. Requisitos:  As alegações são restritas aos suplementos alimentares cuja quantidade de cobre atenda aos valores mínimos estabelecidos na IN 28/2018 e suas atualizações.
4) Alegação: O cobre auxilia no transporte de ferro no organismo. Requisitos:  As alegações são restritas aos suplementos alimentares cuja quantidade de cobre atenda aos valores mínimos estabelecidos na IN 28/2018 e suas atualizações.
5) Alegação: O cobre é um antioxidante que auxilia na proteção dos danos causados pelos radicais livres. Requisitos:  As alegações são restritas aos suplementos alimentares cuja quantidade de cobre atenda aos valores mínimos estabelecidos na IN 28/2018 e suas atualizações.
6) Alegação:  O cobre auxilia na manutenção dos tecidos conjuntivos. Requisitos:  As alegações são restritas aos suplementos alimentares cuja quantidade de cobre atenda aos valores mínimos estabelecidos na IN 28/2018 e suas atualizações.
7) Alegação: Fonte de cobre. Requisitos:  As alegações são restritas aos suplementos alimentares cuja quantidade de cobre atenda aos valores mínimos estabelecidos na IN 28/2018 e suas atualizações.
8) Alegação:  Alto conteúdo/Rico em/Alto teor de cobre. Requisitos: A alegação é restrita aos suplementos alimentares cuja quantidade de cobre corresponda ao dobro dos valores mínimos estabelecidos na IN 28/2018 e suas atualizações, desde que não ultrapasse o limite máximo estabelecido na IN 28/2018 e suas atualizações.",Não há requisitos adicionais,
Sulfato cúprico pentaidratado,7758-99-8,"FCC 

European pharmacopoeia 9.0

USP-NF",Fonte de Cobre,"1) Alegação:  O cobre auxilia no funcionamento do sistema imune. Requisitos:  As alegações são restritas aos suplementos alimentares cuja quantidade de cobre atenda aos valores mínimos estabelecidos na IN 28/2018 e suas atualizações.
2) Alegação: O cobre auxilia no metabolismo energético . Requisitos:  As alegações são restritas aos suplementos alimentares cuja quantidade de cobre atenda aos valores mínimos estabelecidos na IN 28/2018 e suas atualizações.
3) Alegação: O cobre contribui para a pigmentação de cabelo e pele. Requisitos:  As alegações são restritas aos suplementos alimentares cuja quantidade de cobre atenda aos valores mínimos estabelecidos na IN 28/2018 e suas atualizações.
4) Alegação: O cobre auxilia no transporte de ferro no organismo. Requisitos:  As alegações são restritas aos suplementos alimentares cuja quantidade de cobre atenda aos valores mínimos estabelecidos na IN 28/2018 e suas atualizações.
5) Alegação: O cobre é um antioxidante que auxilia na proteção dos danos causados pelos radicais livres. Requisitos:  As alegações são restritas aos suplementos alimentares cuja quantidade de cobre atenda aos valores mínimos estabelecidos na IN 28/2018 e suas atualizações.
6) Alegação:  O cobre auxilia na manutenção dos tecidos conjuntivos. Requisitos:  As alegações são restritas aos suplementos alimentares cuja quantidade de cobre atenda aos valores mínimos estabelecidos na IN 28/2018 e suas atualizações.
7) Alegação: Fonte de cobre. Requisitos:  As alegações são restritas aos suplementos alimentares cuja quantidade de cobre atenda aos valores mínimos estabelecidos na IN 28/2018 e suas atualizações.
8) Alegação:  Alto conteúdo/Rico em/Alto teor de cobre. Requisitos: A alegação é restrita aos suplementos alimentares cuja quantidade de cobre corresponda ao dobro dos valores mínimos estabelecidos na IN 28/2018 e suas atualizações, desde que não ultrapasse o limite máximo estabelecido na IN 28/2018 e suas atualizações.",Não há requisitos adicionais,
Sulfato de cálcio,7778-18-9,"FCC 

19th JECFA (1975), NMRS 55B (1976), FNP 52 (1992), FAO JECFA MONOGRAPHS 1 (2006)

USP-NF",Fonte de Cálcio,"1) Alegação: O cálcio auxilia na formação e manutenção de ossos e dentes. Requisito: As alegações são restritas aos suplementos alimentares cuja quantidade de cálcio atenda aos valores mínimos estabelecidos na IN 28/2018 e suas atualizações.
2) Alegação: O cálcio auxilia na coagulação do sangue. Requisito: As alegações são restritas aos suplementos alimentares cuja quantidade de cálcio atenda aos valores mínimos estabelecidos na IN 28/2018 e suas atualizações.
3) Alegação: O cálcio auxilia no funcionamento muscular. Requisito: As alegações são restritas aos suplementos alimentares cuja quantidade de cálcio atenda aos valores mínimos estabelecidos na IN 28/2018 e suas atualizações.
4) Alegação: O cálcio auxilia no funcionamento neuromuscular. Requisito: As alegações são restritas aos suplementos alimentares cuja quantidade de cálcio atenda aos valores mínimos estabelecidos na IN 28/2018 e suas atualizações.
5) Alegação: O cálcio auxilia no processo de divisão celular. Requisito: As alegações são restritas aos suplementos alimentares cuja quantidade de cálcio atenda aos valores mínimos estabelecidos na IN 28/2018 e suas atualizações.
6) Alegação: O cálcio auxilia no metabolismo energético. Requisito: As alegações são restritas aos suplementos alimentares cuja quantidade de cálcio atenda aos valores mínimos estabelecidos na IN 28/2018 e suas atualizações.
7) Alegação: Fonte de cálcio. Requisito: As alegações são restritas aos suplementos alimentares cuja quantidade de cálcio atenda aos valores mínimos estabelecidos na IN 28/2018 e suas atualizações.
8) Realagação: Alto conteúdo/Rico em/Alto teor de cálcio. Requisitos:
A alegação é restrita aos suplementos alimentares cuja quantidade de cálcio corresponda ao dobro dos valores mínimos estabelecidos na IN 28/2018 e suas atualizações, desde que não ultrapasse o limite máximo estabelecido.",Não há requisitos adicionais,
Sulfato de cálcio diidratado,10101-41-4,"FCC 

19th JECFA (1975), NMRS 55B (1976), FNP 52 (1992), FAO JECFA MONOGRAPHS 1 (2006)

 The EFSA Journal (2008) 814, 1-9

USP-NF",Fonte de Cálcio,"1) Alegação: O cálcio auxilia na formação e manutenção de ossos e dentes. Requisito: As alegações são restritas aos suplementos alimentares cuja quantidade de cálcio atenda aos valores mínimos estabelecidos na IN 28/2018 e suas atualizações.
2) Alegação: O cálcio auxilia na coagulação do sangue. Requisito: As alegações são restritas aos suplementos alimentares cuja quantidade de cálcio atenda aos valores mínimos estabelecidos na IN 28/2018 e suas atualizações.
3) Alegação: O cálcio auxilia no funcionamento muscular. Requisito: As alegações são restritas aos suplementos alimentares cuja quantidade de cálcio atenda aos valores mínimos estabelecidos na IN 28/2018 e suas atualizações.
4) Alegação: O cálcio auxilia no funcionamento neuromuscular. Requisito: As alegações são restritas aos suplementos alimentares cuja quantidade de cálcio atenda aos valores mínimos estabelecidos na IN 28/2018 e suas atualizações.
5) Alegação: O cálcio auxilia no processo de divisão celular. Requisito: As alegações são restritas aos suplementos alimentares cuja quantidade de cálcio atenda aos valores mínimos estabelecidos na IN 28/2018 e suas atualizações.
6) Alegação: O cálcio auxilia no metabolismo energético. Requisito: As alegações são restritas aos suplementos alimentares cuja quantidade de cálcio atenda aos valores mínimos estabelecidos na IN 28/2018 e suas atualizações.
7) Alegação: Fonte de cálcio. Requisito: As alegações são restritas aos suplementos alimentares cuja quantidade de cálcio atenda aos valores mínimos estabelecidos na IN 28/2018 e suas atualizações.
8) Realagação: Alto conteúdo/Rico em/Alto teor de cálcio. Requisitos:
A alegação é restrita aos suplementos alimentares cuja quantidade de cálcio corresponda ao dobro dos valores mínimos estabelecidos na IN 28/2018 e suas atualizações, desde que não ultrapasse o limite máximo estabelecido.",Não há requisitos adicionais,
Sulfato de Condroitina produzido a partir da fermentação de Escherichia coli,,"Para esse constituinte foram aprovadas as especificações do fabricante: Gnosis Bioresearch S.A. - Bellinzona, Suíça.",Fonte de Condroitina,Não autorizada alegação de propriedade funcional e/ou saúde para esse ingrediente.,"A advertência “Este produto não deve ser consumido por gestantes, lactantes e crianças.” deve constar na rotulagem do produto.",
SULFATO DE GLUCOSAMINA COM CLORETO DE POTÁSSIO,1296149-08-0,"FCC 

USP-NF",Fonte de glucosamina,Não foi aprovada alegação de propriedade funcional nem de saúde para o ingrediente,"A advertência ""Este produto não deve ser consumido por indivíduos com alergia a frutos do mar"";
“Este produto não deve ser consumido por gestantes, lactantes e crianças”; 
""Pessoas sob o uso de medicamentos devem
consultar o médico antes de consumir este produto.” deve constar na rotulagem do produto.",
Sulfato de magnésio,7487-88-9,USP-NF,Fonte de Magnésio,"1) Alegação:O magnésio auxilia na formação de ossos e dentes. Requisitos:  As alegações são restritas aos suplementos alimentares cuja quantidade de magnésio atenda aos valores mínimos estabelecidos na IN 28/2018 e suas atualizações.
2) Alegação: O magnésio auxilia no metabolismo energético. Requisitos:  As alegações são restritas aos suplementos alimentares cuja quantidade de magnésio atenda aos valores mínimos estabelecidos na IN 28/2018 e suas atualizações
3) Alegação: O magnésio auxilia no metabolismo de proteínas, carboidratos e gorduras. Requisitos:  As alegações são restritas aos suplementos alimentares cuja quantidade de magnésio atenda aos valores mínimos estabelecidos na IN 28/2018 e suas atualizações.
4) Alegação: O magnésio auxilia no equilíbrio dos eletrólitos. Requisitos:  As alegações são restritas aos suplementos alimentares cuja quantidade de magnésio atenda aos valores mínimos estabelecidos na IN 28/2018 e suas atualizações.
5) Alegação:  O magnésio auxilia no funcionamento muscular. Requisitos: As alegações são restritas aos suplementos alimentares cuja quantidade de magnésio atenda aos valores mínimos estabelecidos na IN 28/2018 e suas atualizações.
6) Alegação: O magnésio auxilia no funcionamento neuromuscular. Requisitos: As alegações são restritas aos suplementos alimentares cuja quantidade de magnésio atenda aos valores mínimos estabelecidos na IN 28/2018 e suas atualizações.
7) Alegação: O magnésio auxilia no processo de divisão celular. Requisitos: As alegações são restritas aos suplementos alimentares cuja quantidade de magnésio atenda aos valores mínimos estabelecidos na IN 28/2018 e suas atualizações.
8) Alegação: Fonte de magnésio. Requisitos: As alegações são restritas aos suplementos alimentares cuja quantidade de magnésio atenda aos valores mínimos estabelecidos na IN 28/2018 e suas atualizações.
9) Alegação: Alto conteúdo/Rico em/Alto teor de magnésio. Requisitos: A alegação é restrita aos suplementos alimentares cuja quantidade de magnésio corresponda ao dobro dos valores mínimos estabelecidos na IN 28/2018 e suas atualizações, desde que não ultrapasse o limite máximo estabelecido na IN 28/2018 e suas atualizações.",Não há requisitos adicionais,
Sulfato de magnésio heptaidratado,10034-99-8,"FCC

 68th JECFA (2007), FAO JECFA MONOGRAPHS 4 (2007)

USP-NF",Fonte de Magnésio,"1) Alegação:O magnésio auxilia na formação de ossos e dentes. Requisitos:  As alegações são restritas aos suplementos alimentares cuja quantidade de magnésio atenda aos valores mínimos estabelecidos na IN 28/2018 e suas atualizações.
2) Alegação: O magnésio auxilia no metabolismo energético. Requisitos:  As alegações são restritas aos suplementos alimentares cuja quantidade de magnésio atenda aos valores mínimos estabelecidos na IN 28/2018 e suas atualizações
3) Alegação: O magnésio auxilia no metabolismo de proteínas, carboidratos e gorduras. Requisitos:  As alegações são restritas aos suplementos alimentares cuja quantidade de magnésio atenda aos valores mínimos estabelecidos na IN 28/2018 e suas atualizações.
4) Alegação: O magnésio auxilia no equilíbrio dos eletrólitos. Requisitos:  As alegações são restritas aos suplementos alimentares cuja quantidade de magnésio atenda aos valores mínimos estabelecidos na IN 28/2018 e suas atualizações.
5) Alegação:  O magnésio auxilia no funcionamento muscular. Requisitos: As alegações são restritas aos suplementos alimentares cuja quantidade de magnésio atenda aos valores mínimos estabelecidos na IN 28/2018 e suas atualizações.
6) Alegação: O magnésio auxilia no funcionamento neuromuscular. Requisitos: As alegações são restritas aos suplementos alimentares cuja quantidade de magnésio atenda aos valores mínimos estabelecidos na IN 28/2018 e suas atualizações.
7) Alegação: O magnésio auxilia no processo de divisão celular. Requisitos: As alegações são restritas aos suplementos alimentares cuja quantidade de magnésio atenda aos valores mínimos estabelecidos na IN 28/2018 e suas atualizações.
8) Alegação: Fonte de magnésio. Requisitos: As alegações são restritas aos suplementos alimentares cuja quantidade de magnésio atenda aos valores mínimos estabelecidos na IN 28/2018 e suas atualizações.
9) Alegação: Alto conteúdo/Rico em/Alto teor de magnésio. Requisitos: A alegação é restrita aos suplementos alimentares cuja quantidade de magnésio corresponda ao dobro dos valores mínimos estabelecidos na IN 28/2018 e suas atualizações, desde que não ultrapasse o limite máximo estabelecido na IN 28/2018 e suas atualizações.",Não há requisitos adicionais,
Sulfato de magnésio monoidratado,14168-73-1," FCC 

USP-NF

68th JECFA (2007), FAO JECFA MONOGRAPHS 4 (2007)",Fonte de Magnésio,"1) Alegação:O magnésio auxilia na formação de ossos e dentes. Requisitos:  As alegações são restritas aos suplementos alimentares cuja quantidade de magnésio atenda aos valores mínimos estabelecidos na IN 28/2018 e suas atualizações.
2) Alegação: O magnésio auxilia no metabolismo energético. Requisitos:  As alegações são restritas aos suplementos alimentares cuja quantidade de magnésio atenda aos valores mínimos estabelecidos na IN 28/2018 e suas atualizações
3) Alegação: O magnésio auxilia no metabolismo de proteínas, carboidratos e gorduras. Requisitos:  As alegações são restritas aos suplementos alimentares cuja quantidade de magnésio atenda aos valores mínimos estabelecidos na IN 28/2018 e suas atualizações.
4) Alegação: O magnésio auxilia no equilíbrio dos eletrólitos. Requisitos:  As alegações são restritas aos suplementos alimentares cuja quantidade de magnésio atenda aos valores mínimos estabelecidos na IN 28/2018 e suas atualizações.
5) Alegação:  O magnésio auxilia no funcionamento muscular. Requisitos: As alegações são restritas aos suplementos alimentares cuja quantidade de magnésio atenda aos valores mínimos estabelecidos na IN 28/2018 e suas atualizações.
6) Alegação: O magnésio auxilia no funcionamento neuromuscular. Requisitos: As alegações são restritas aos suplementos alimentares cuja quantidade de magnésio atenda aos valores mínimos estabelecidos na IN 28/2018 e suas atualizações.
7) Alegação: O magnésio auxilia no processo de divisão celular. Requisitos: As alegações são restritas aos suplementos alimentares cuja quantidade de magnésio atenda aos valores mínimos estabelecidos na IN 28/2018 e suas atualizações.
8) Alegação: Fonte de magnésio. Requisitos: As alegações são restritas aos suplementos alimentares cuja quantidade de magnésio atenda aos valores mínimos estabelecidos na IN 28/2018 e suas atualizações.
9) Alegação: Alto conteúdo/Rico em/Alto teor de magnésio. Requisitos: A alegação é restrita aos suplementos alimentares cuja quantidade de magnésio corresponda ao dobro dos valores mínimos estabelecidos na IN 28/2018 e suas atualizações, desde que não ultrapasse o limite máximo estabelecido na IN 28/2018 e suas atualizações.",Não há requisitos adicionais,
Sulfato de manganês,7785-87-7,"FCC 

USP-NF",Fonte de Manganês,"1) Alegação: O manganês é um antioxidante que auxilia na proteção dos danos causados pelos radicais livres. Requisitos: As alegações são restritas aos suplementos alimentares cuja quantidade de manganês atenda aos valores mínimos estabelecidos na IN 28/2018 e suas atualizações
2) Alegação: O manganês auxilia na formação de ossos.  Requisitos: As alegações são restritas aos suplementos alimentares cuja quantidade de manganês atenda aos valores mínimos estabelecidos na IN 28/2018 e suas atualizações
3) Alegação: O manganês auxilia no metabolismo energético.  Requisitos: As alegações são restritas aos suplementos alimentares cuja quantidade de manganês atenda aos valores mínimos estabelecidos na IN 28/2018 e suas atualizações
4) Alegação:  O manganês auxilia na manutenção dos tecidos conectivos. Requisitos: As alegações são restritas aos suplementos alimentares cuja quantidade de manganês atenda aos valores mínimos estabelecidos na IN 28/2018 e suas atualizações
5) Alegação: Fonte de manganês.  Requisitos: As alegações são restritas aos suplementos alimentares cuja quantidade de manganês atenda aos valores mínimos estabelecidos na IN 28/2018 e suas atualizações
6) Alegação:  Alto conteúdo/Rico em/Alto teor de manganês. Requisitos: A alegação é restrita aos suplementos alimentares cuja quantidade de manganês corresponda ao dobro dos valores mínimos estabelecidos na IN 28/2018 e suas atualizações, desde que não ultrapasse o limite máximo estabelecido na IN 28/2018 e suas atualizações.",Não há requisitos adicionais,
Sulfato de mono L-metionina de zinco,56329-42-1,"The EFSA Journal (2008) 924, 1-26",Fonte de Zinco,"1) Alegação: O zinco é um antioxidante que auxilia na proteção dos danos causados pelos radicais livres. Requisitos: As alegações são restritas aos suplementos alimentares cuja quantidade de zinco atenda aos valores mínimos estabelecidos na IN 28/2018 e suas atualizações.
2) Alegação: O zinco auxilia na visão. Requisitos: As alegações são restritas aos suplementos alimentares cuja quantidade de zinco atenda aos valores mínimos estabelecidos na IN 28/2018 e suas atualizações.
3) Alegação: O zinco auxilia no metabolismo da vitamina A. Requisitos: As alegações são restritas aos suplementos alimentares cuja quantidade de zinco atenda aos valores mínimos estabelecidos na IN 28/2018 e suas atualizações
4) Alegação: O zinco contribui para a manutenção do cabelo, da pele e das unhas. Requisitos: As alegações são restritas aos suplementos alimentares cuja quantidade de zinco atenda aos valores mínimos estabelecidos na IN 28/2018 e suas atualizações
5) Alegação: O zinco auxilia no metabolismo de proteínas, carboidratos e gorduras. Requisitos: As alegações são restritas aos suplementos alimentares cuja quantidade de zinco atenda aos valores mínimos estabelecidos na IN 28/2018 e suas atualizações
6) Alegação: O zinco auxilia na síntese de proteínas. Requisitos: As alegações são restritas aos suplementos alimentares cuja quantidade de zinco atenda aos valores mínimos estabelecidos na IN 28/2018 e suas atualizações.
7) Alegação: O zinco auxilia no processo de divisão celular. Requisitos: As alegações são restritas aos suplementos alimentares cuja quantidade de zinco atenda aos valores mínimos estabelecidos na IN 28/2018 e suas atualizações
8) Alegação: O zinco auxilia na manutenção de ossos. Requisitos: As alegações são restritas aos suplementos alimentares cuja quantidade de zinco atenda aos valores mínimos estabelecidos na IN 28/2018 e suas atualizações
9) Alegação: O zinco auxilia no funcionamento do sistema imune. Requisitos: As alegações são restritas aos suplementos alimentares cuja quantidade de zinco atenda aos valores mínimos estabelecidos na IN 28/2018 e suas atualizações
10) Alegação: Fonte de zinco.Requisitos: As alegações são restritas aos suplementos alimentares cuja quantidade de zinco atenda aos valores mínimos estabelecidos na IN 28/2018 e suas atualizações
11) Alegação: Alto conteúdo/Rico em/Alto teor de zinco. Requisitos: A alegação é restrita aos suplementos alimentares cuja quantidade de zinco corresponda ao dobro dos valores mínimos estabelecidos na IN 28/2018 e suas atualizações, desde que não ultrapasse o limite máximo estabelecido na IN 28/2018 e suas atualizações.",Não há requisitos adicionais,
Sulfato de sódio,7757-82-6,"© 2018 USPC - Sodium Sulfate - Effective - Effective from Jun 01, 2018 (FCC11)

Prepared at the 55th JECFA (2000), maintained at 57th JECFA and
published in FNP 52 Add 9 (2001). ADI “not specified” was
established at the 57th JECFA (2001).

3812 Sodium / Official Monographs USP 41",Fonte de Sódio,"1) Alegação: Não contém/Livre de/Zero (0 ou 0%) /Sem/Isento de sódio. Requisitos: A alegação é restrita aos suplementos alimentares cuja
recomendação diária do alimento pronto para consumo
forneça no máximo 5 mg de sódio
2) Alegação: Baixo em/Pouco/Baixo teor de/Leve em sódio. Requisitos: A alegação é restrita aos suplementos alimentares cuja
recomendação diária do alimento pronto para consumo
forneça no máximo 40 mg de sódio.",Não há requisitos adicionais,
Sulfato de zinco,7733-02-0,USP-NF,Fonte de Zinco,"1) Alegação: O zinco é um antioxidante que auxilia na proteção dos danos causados pelos radicais livres. Requisitos: As alegações são restritas aos suplementos alimentares cuja quantidade de zinco atenda aos valores mínimos estabelecidos na IN 28/2018 e suas atualizações.
2) Alegação: O zinco auxilia na visão. Requisitos: As alegações são restritas aos suplementos alimentares cuja quantidade de zinco atenda aos valores mínimos estabelecidos na IN 28/2018 e suas atualizações.
3) Alegação: O zinco auxilia no metabolismo da vitamina A. Requisitos: As alegações são restritas aos suplementos alimentares cuja quantidade de zinco atenda aos valores mínimos estabelecidos na IN 28/2018 e suas atualizações
4) Alegação: O zinco contribui para a manutenção do cabelo, da pele e das unhas. Requisitos: As alegações são restritas aos suplementos alimentares cuja quantidade de zinco atenda aos valores mínimos estabelecidos na IN 28/2018 e suas atualizações
5) Alegação: O zinco auxilia no metabolismo de proteínas, carboidratos e gorduras. Requisitos: As alegações são restritas aos suplementos alimentares cuja quantidade de zinco atenda aos valores mínimos estabelecidos na IN 28/2018 e suas atualizações
6) Alegação: O zinco auxilia na síntese de proteínas. Requisitos: As alegações são restritas aos suplementos alimentares cuja quantidade de zinco atenda aos valores mínimos estabelecidos na IN 28/2018 e suas atualizações.
7) Alegação: O zinco auxilia no processo de divisão celular. Requisitos: As alegações são restritas aos suplementos alimentares cuja quantidade de zinco atenda aos valores mínimos estabelecidos na IN 28/2018 e suas atualizações
8) Alegação: O zinco auxilia na manutenção de ossos. Requisitos: As alegações são restritas aos suplementos alimentares cuja quantidade de zinco atenda aos valores mínimos estabelecidos na IN 28/2018 e suas atualizações
9) Alegação: O zinco auxilia no funcionamento do sistema imune. Requisitos: As alegações são restritas aos suplementos alimentares cuja quantidade de zinco atenda aos valores mínimos estabelecidos na IN 28/2018 e suas atualizações
10) Alegação: Fonte de zinco.Requisitos: As alegações são restritas aos suplementos alimentares cuja quantidade de zinco atenda aos valores mínimos estabelecidos na IN 28/2018 e suas atualizações
11) Alegação: Alto conteúdo/Rico em/Alto teor de zinco. Requisitos: A alegação é restrita aos suplementos alimentares cuja quantidade de zinco corresponda ao dobro dos valores mínimos estabelecidos na IN 28/2018 e suas atualizações, desde que não ultrapasse o limite máximo estabelecido na IN 28/2018 e suas atualizações.",Não há requisitos adicionais,
Sulfato de zinco heptaidratado,7446-20-0,"European pharmacopoeia 9.0 

USP-NF

FCC",Fonte de Zinco,"1) Alegação: O zinco é um antioxidante que auxilia na proteção dos danos causados pelos radicais livres. Requisitos: As alegações são restritas aos suplementos alimentares cuja quantidade de zinco atenda aos valores mínimos estabelecidos na IN 28/2018 e suas atualizações.
2) Alegação: O zinco auxilia na visão. Requisitos: As alegações são restritas aos suplementos alimentares cuja quantidade de zinco atenda aos valores mínimos estabelecidos na IN 28/2018 e suas atualizações.
3) Alegação: O zinco auxilia no metabolismo da vitamina A. Requisitos: As alegações são restritas aos suplementos alimentares cuja quantidade de zinco atenda aos valores mínimos estabelecidos na IN 28/2018 e suas atualizações
4) Alegação: O zinco contribui para a manutenção do cabelo, da pele e das unhas. Requisitos: As alegações são restritas aos suplementos alimentares cuja quantidade de zinco atenda aos valores mínimos estabelecidos na IN 28/2018 e suas atualizações
5) Alegação: O zinco auxilia no metabolismo de proteínas, carboidratos e gorduras. Requisitos: As alegações são restritas aos suplementos alimentares cuja quantidade de zinco atenda aos valores mínimos estabelecidos na IN 28/2018 e suas atualizações
6) Alegação: O zinco auxilia na síntese de proteínas. Requisitos: As alegações são restritas aos suplementos alimentares cuja quantidade de zinco atenda aos valores mínimos estabelecidos na IN 28/2018 e suas atualizações.
7) Alegação: O zinco auxilia no processo de divisão celular. Requisitos: As alegações são restritas aos suplementos alimentares cuja quantidade de zinco atenda aos valores mínimos estabelecidos na IN 28/2018 e suas atualizações
8) Alegação: O zinco auxilia na manutenção de ossos. Requisitos: As alegações são restritas aos suplementos alimentares cuja quantidade de zinco atenda aos valores mínimos estabelecidos na IN 28/2018 e suas atualizações
9) Alegação: O zinco auxilia no funcionamento do sistema imune. Requisitos: As alegações são restritas aos suplementos alimentares cuja quantidade de zinco atenda aos valores mínimos estabelecidos na IN 28/2018 e suas atualizações
10) Alegação: Fonte de zinco.Requisitos: As alegações são restritas aos suplementos alimentares cuja quantidade de zinco atenda aos valores mínimos estabelecidos na IN 28/2018 e suas atualizações
11) Alegação: Alto conteúdo/Rico em/Alto teor de zinco. Requisitos: A alegação é restrita aos suplementos alimentares cuja quantidade de zinco corresponda ao dobro dos valores mínimos estabelecidos na IN 28/2018 e suas atualizações, desde que não ultrapasse o limite máximo estabelecido na IN 28/2018 e suas atualizações.",Não há requisitos adicionais,
Sulfato de zinco monoidratado,7446-19-7,"European pharmacopoeia 9.0 

USP-NF

FCC",Fonte de Zinco,"1) Alegação: O zinco é um antioxidante que auxilia na proteção dos danos causados pelos radicais livres. Requisitos: As alegações são restritas aos suplementos alimentares cuja quantidade de zinco atenda aos valores mínimos estabelecidos na IN 28/2018 e suas atualizações.
2) Alegação: O zinco auxilia na visão. Requisitos: As alegações são restritas aos suplementos alimentares cuja quantidade de zinco atenda aos valores mínimos estabelecidos na IN 28/2018 e suas atualizações.
3) Alegação: O zinco auxilia no metabolismo da vitamina A. Requisitos: As alegações são restritas aos suplementos alimentares cuja quantidade de zinco atenda aos valores mínimos estabelecidos na IN 28/2018 e suas atualizações
4) Alegação: O zinco contribui para a manutenção do cabelo, da pele e das unhas. Requisitos: As alegações são restritas aos suplementos alimentares cuja quantidade de zinco atenda aos valores mínimos estabelecidos na IN 28/2018 e suas atualizações
5) Alegação: O zinco auxilia no metabolismo de proteínas, carboidratos e gorduras. Requisitos: As alegações são restritas aos suplementos alimentares cuja quantidade de zinco atenda aos valores mínimos estabelecidos na IN 28/2018 e suas atualizações
6) Alegação: O zinco auxilia na síntese de proteínas. Requisitos: As alegações são restritas aos suplementos alimentares cuja quantidade de zinco atenda aos valores mínimos estabelecidos na IN 28/2018 e suas atualizações.
7) Alegação: O zinco auxilia no processo de divisão celular. Requisitos: As alegações são restritas aos suplementos alimentares cuja quantidade de zinco atenda aos valores mínimos estabelecidos na IN 28/2018 e suas atualizações
8) Alegação: O zinco auxilia na manutenção de ossos. Requisitos: As alegações são restritas aos suplementos alimentares cuja quantidade de zinco atenda aos valores mínimos estabelecidos na IN 28/2018 e suas atualizações
9) Alegação: O zinco auxilia no funcionamento do sistema imune. Requisitos: As alegações são restritas aos suplementos alimentares cuja quantidade de zinco atenda aos valores mínimos estabelecidos na IN 28/2018 e suas atualizações
10) Alegação: Fonte de zinco.Requisitos: As alegações são restritas aos suplementos alimentares cuja quantidade de zinco atenda aos valores mínimos estabelecidos na IN 28/2018 e suas atualizações
11) Alegação: Alto conteúdo/Rico em/Alto teor de zinco. Requisitos: A alegação é restrita aos suplementos alimentares cuja quantidade de zinco corresponda ao dobro dos valores mínimos estabelecidos na IN 28/2018 e suas atualizações, desde que não ultrapasse o limite máximo estabelecido na IN 28/2018 e suas atualizações.",Não há requisitos adicionais,
Sulfato ferroso,7720-78-7,"FCC 

53rd JECFA (1999), FNP 52 Add 7 (1999), FAO JECFA MONOGRAPHS 1 (2006)

USP-NF",Fonte de Ferro,"1)Alegação: O ferro auxilia na formação das células vermelhas do sangue. Requisitos: As alegações são restritas aos suplementos alimentares cuja quantidade de ferro atenda aos valores mínimos estabelecidos na IN 28/2018 e suas atualizações.
2) Alegação: O ferro auxilia no metabolismo energético. Requisitos: As alegações são restritas aos suplementos alimentares cuja quantidade de ferro atenda aos valores mínimos estabelecidos na IN 28/2018 e suas atualizações.
3) Alegação: O ferro auxilia no transporte do oxigênio no organismo. Requisitos: As alegações são restritas aos suplementos alimentares cuja quantidade de ferro atenda aos valores mínimos estabelecidos na IN 28/2018 e suas atualizações.
4) Alegação: O ferro auxilia no processo de divisão celular. Requisitos: As alegações são restritas aos suplementos alimentares cuja quantidade de ferro atenda aos valores mínimos estabelecidos na IN 28/2018 e suas atualizações.
5) Alegação: O ferro auxilia no funcionamento do sistema imune. Requisitos: As alegações são restritas aos suplementos alimentares cuja quantidade de ferro atenda aos valores mínimos estabelecidos na IN 28/2018 e suas atualizações.
6) Alegação: Fonte de ferro. Requisitos: As alegações são restritas aos suplementos alimentares cuja quantidade de ferro atenda aos valores mínimos estabelecidos na IN 28/2018 e suas atualizações. 
7) Alegação: Alto conteúdo/Rico em/Alto teor de ferro. Requisitos: A alegação é restrita aos suplementos alimentares cuja quantidade de ferro corresponda ao dobro dos valores mínimos estabelecidos na IN 28/2018 e suas atualizações, desde que não ultrapasse o limite máximo estabelecido na IN 28/2018 e suas atualizações.",Não há requisitos adicionais,
Sulfato ferroso heptaidratado,7782-63-0,"FCC 

European pharmacopoeia 9.0

USP-NF",Fonte de Ferro,"1)Alegação: O ferro auxilia na formação das células vermelhas do sangue. Requisitos: As alegações são restritas aos suplementos alimentares cuja quantidade de ferro atenda aos valores mínimos estabelecidos na IN 28/2018 e suas atualizações.
2) Alegação: O ferro auxilia no metabolismo energético. Requisitos: As alegações são restritas aos suplementos alimentares cuja quantidade de ferro atenda aos valores mínimos estabelecidos na IN 28/2018 e suas atualizações.
3) Alegação: O ferro auxilia no transporte do oxigênio no organismo. Requisitos: As alegações são restritas aos suplementos alimentares cuja quantidade de ferro atenda aos valores mínimos estabelecidos na IN 28/2018 e suas atualizações.
4) Alegação: O ferro auxilia no processo de divisão celular. Requisitos: As alegações são restritas aos suplementos alimentares cuja quantidade de ferro atenda aos valores mínimos estabelecidos na IN 28/2018 e suas atualizações.
5) Alegação: O ferro auxilia no funcionamento do sistema imune. Requisitos: As alegações são restritas aos suplementos alimentares cuja quantidade de ferro atenda aos valores mínimos estabelecidos na IN 28/2018 e suas atualizações.
6) Alegação: Fonte de ferro. Requisitos: As alegações são restritas aos suplementos alimentares cuja quantidade de ferro atenda aos valores mínimos estabelecidos na IN 28/2018 e suas atualizações. 
7) Alegação: Alto conteúdo/Rico em/Alto teor de ferro. Requisitos: A alegação é restrita aos suplementos alimentares cuja quantidade de ferro corresponda ao dobro dos valores mínimos estabelecidos na IN 28/2018 e suas atualizações, desde que não ultrapasse o limite máximo estabelecido na IN 28/2018 e suas atualizações.",Não há requisitos adicionais,
Taurato de ferro (II),,"The EFSA Journal (2009) 947, 1-30",Fonte de Ferro,"1)Alegação: O ferro auxilia na formação das células vermelhas do sangue. Requisitos: As alegações são restritas aos suplementos alimentares cuja quantidade de ferro atenda aos valores mínimos estabelecidos na IN 28/2018 e suas atualizações.
2) Alegação: O ferro auxilia no metabolismo energético. Requisitos: As alegações são restritas aos suplementos alimentares cuja quantidade de ferro atenda aos valores mínimos estabelecidos na IN 28/2018 e suas atualizações.
3) Alegação: O ferro auxilia no transporte do oxigênio no organismo. Requisitos: As alegações são restritas aos suplementos alimentares cuja quantidade de ferro atenda aos valores mínimos estabelecidos na IN 28/2018 e suas atualizações.
4) Alegação: O ferro auxilia no processo de divisão celular. Requisitos: As alegações são restritas aos suplementos alimentares cuja quantidade de ferro atenda aos valores mínimos estabelecidos na IN 28/2018 e suas atualizações.
5) Alegação: O ferro auxilia no funcionamento do sistema imune. Requisitos: As alegações são restritas aos suplementos alimentares cuja quantidade de ferro atenda aos valores mínimos estabelecidos na IN 28/2018 e suas atualizações.
6) Alegação: Fonte de ferro. Requisitos: As alegações são restritas aos suplementos alimentares cuja quantidade de ferro atenda aos valores mínimos estabelecidos na IN 28/2018 e suas atualizações. 
7) Alegação: Alto conteúdo/Rico em/Alto teor de ferro. Requisitos: A alegação é restrita aos suplementos alimentares cuja quantidade de ferro corresponda ao dobro dos valores mínimos estabelecidos na IN 28/2018 e suas atualizações, desde que não ultrapasse o limite máximo estabelecido na IN 28/2018 e suas atualizações.",Não há requisitos adicionais,
Taurato de magnésio,,"The EFSA Journal (2009) 947, 1-30",Fonte de Magnésio,"1) Alegação:O magnésio auxilia na formação de ossos e dentes. Requisitos:  As alegações são restritas aos suplementos alimentares cuja quantidade de magnésio atenda aos valores mínimos estabelecidos na IN 28/2018 e suas atualizações.
2) Alegação: O magnésio auxilia no metabolismo energético. Requisitos:  As alegações são restritas aos suplementos alimentares cuja quantidade de magnésio atenda aos valores mínimos estabelecidos na IN 28/2018 e suas atualizações
3) Alegação: O magnésio auxilia no metabolismo de proteínas, carboidratos e gorduras. Requisitos:  As alegações são restritas aos suplementos alimentares cuja quantidade de magnésio atenda aos valores mínimos estabelecidos na IN 28/2018 e suas atualizações.
4) Alegação: O magnésio auxilia no equilíbrio dos eletrólitos. Requisitos:  As alegações são restritas aos suplementos alimentares cuja quantidade de magnésio atenda aos valores mínimos estabelecidos na IN 28/2018 e suas atualizações.
5) Alegação:  O magnésio auxilia no funcionamento muscular. Requisitos: As alegações são restritas aos suplementos alimentares cuja quantidade de magnésio atenda aos valores mínimos estabelecidos na IN 28/2018 e suas atualizações.
6) Alegação: O magnésio auxilia no funcionamento neuromuscular. Requisitos: As alegações são restritas aos suplementos alimentares cuja quantidade de magnésio atenda aos valores mínimos estabelecidos na IN 28/2018 e suas atualizações.
7) Alegação: O magnésio auxilia no processo de divisão celular. Requisitos: As alegações são restritas aos suplementos alimentares cuja quantidade de magnésio atenda aos valores mínimos estabelecidos na IN 28/2018 e suas atualizações.
8) Alegação: Fonte de magnésio. Requisitos: As alegações são restritas aos suplementos alimentares cuja quantidade de magnésio atenda aos valores mínimos estabelecidos na IN 28/2018 e suas atualizações.
9) Alegação: Alto conteúdo/Rico em/Alto teor de magnésio. Requisitos: A alegação é restrita aos suplementos alimentares cuja quantidade de magnésio corresponda ao dobro dos valores mínimos estabelecidos na IN 28/2018 e suas atualizações, desde que não ultrapasse o limite máximo estabelecido na IN 28/2018 e suas atualizações.",Não há requisitos adicionais,
Taurina,107-35-7,FCC,Fonte de Taurina,Não autorizada alegação de propriedade funcional e/ou saúde para esse ingrediente.,"A advertência ""Este produto não deve ser consumido por gestantes, lactantes e crianças"" deve constar na rotulagem do produto.",
Tetraborato de sódio decahidratado,1303-96-4,"Farmacopeia Brasileira, 6ª edição, IF062-00, incluindo a molécula anidra e a forma decahidratada


USP-NF",Fonte de Boro,Não autorizada alegação de propriedade funcional e/ou saúde para esse ingrediente.,"A advertência “Este produto não deve ser consumido por gestantes, lactantes e crianças” deve constar na rotulagem do produto.",
Tetraidrocurcuminoides obtidos a partir do extrato de cúrcuma longa,36062-04-1,"Para este constituinte foram aprovadas as especificações do fabricante: SAMI-SABINSA GROUP, Karnataka, India",Fonte de tetraidrocurcuminoides,Não foi aprovada alegação de propriedade funcional nem de saúde para o ingrediente,"A advertência “Este produto não deve ser consumido por gestantes, lactantes, crianças, pessoas com doenças hepáticas, biliares ou com úlceras gástricas. Pessoas com enfermidades e/ou sob o uso de medicamentos, consulte seu médico."" deve constar na rotulagem do produto.",
Transresveratrol de levedura (Saccharomyces cerevisiae),501-36-0,FCC,Fonte de transresveratrol de Saccharomyces cerevisiae,Não autorizada alegação de propriedade funcional e/ou saúde para esse ingrediente.,"A advertência “Este produto não deve ser consumido por gestantes, lactantes e crianças.” deve constar na rotulagem do produto.",
Trans-Resveratrol Sintético,501-36-0,"The EFSA Journal 2016;14(1):4368

REGULATION (EU) 2015/2283 OF THE EUROPEAN PARLIAMENT AND OF THE COUNCIL 
of 25 November 2015 
on novel foods, amending Regulation (EU) No 1169/2011 of the European Parliament and of the 
Council and repealing Regulation (EC) No 258/97 of the European Parliament and of the Council 
and Commission Regulation (EC) No 1852/2001",Fonte de Trans-Resveratrol,Não autorizada alegação de propriedade funcional e/ou saúde para esse ingrediente.,"A advertência “Este produto não deve ser consumido por gestantes, lactantes e crianças.” deve constar na rotulagem do produto.",
Trealose,99-20-7,"FCC

55th JECFA (2000), FNP 52 Add 8 (2000), FAO JECFA MONOGRAPHS 1 (2006)",Fonte de carboidrato,"1) Alegação: Os carboidratos auxiliam na recuperação da função muscular normal após exercícios extenuantes. Requisitos: A alegação é restrita aos suplementos alimentares cuja:
a) quantidade de carboidratos metabolizáveis atenda aos valores mínimos estabelecidos na IN 28/2018 e suas atualizações; e
b) informação sobre o consumo na dose de 4 g/kg de peso corpóreo, nas primeiras 4 a 6 horas após o exercício extenuante, conste na rotulagem do produto.
 2) Alegação: Auxilia a manutenção do equilíbrio de fluidos e eletrólitos e no desempenho de exercícios físicos de resistência. Restrições: A alegação é restrita aos suplementos alimentares que:
a) forneçam carboidratos como principal fonte de energia;
b) contenham no mínimo 80 kcal/L e no máximo 350 kcal/L;
c) contenham no mínimo 75% da energia derivada de carboidratos metabolizáveis;
d) contenham no mínimo 20 mmol/L (460 mg/L) de sódio (na forma de Na+) e máximo 50 mmol/L (1150 mg/L) de sódio (na forma de Na+); e
e) apresentem osmolalidade entre 200 e 330 mOsml/kg de água. 
3) Alegação: Isotônico: Requisitos: A alegação é restrita aos suplementos alimentares que:
a) forneçam carboidratos como principal fonte de energia;
b) contenham no mínimo 80 kcal/L e no máximo 350 kcal/L;
c) contenham no mínimo 75% da energia derivada de carboidratos metabolizáveis;
d) contenham no mínimo 20 mmol/L (460 mg/L) de sódio (na forma de Na+) e máximo 50 mmol/L (1150 mg/L) de sódio (na forma de Na+); e    e) apresentem osmolalidade entre 270 e 330 mOsml/kg de água.",Não há requisitos adicionais,
Treonato de cálcio,70753-61-6,"FCC 

The EFSA Journal (2008) 866, 1-20",Fonte de Cálcio,"1) Alegação: O cálcio auxilia na formação e manutenção de ossos e dentes. Requisito: As alegações são restritas aos suplementos alimentares cuja quantidade de cálcio atenda aos valores mínimos estabelecidos na IN 28/2018 e suas atualizações.
2) Alegação: O cálcio auxilia na coagulação do sangue. Requisito: As alegações são restritas aos suplementos alimentares cuja quantidade de cálcio atenda aos valores mínimos estabelecidos na IN 28/2018 e suas atualizações.
3) Alegação: O cálcio auxilia no funcionamento muscular. Requisito: As alegações são restritas aos suplementos alimentares cuja quantidade de cálcio atenda aos valores mínimos estabelecidos na IN 28/2018 e suas atualizações.
4) Alegação: O cálcio auxilia no funcionamento neuromuscular. Requisito: As alegações são restritas aos suplementos alimentares cuja quantidade de cálcio atenda aos valores mínimos estabelecidos na IN 28/2018 e suas atualizações.
5) Alegação: O cálcio auxilia no processo de divisão celular. Requisito: As alegações são restritas aos suplementos alimentares cuja quantidade de cálcio atenda aos valores mínimos estabelecidos na IN 28/2018 e suas atualizações.
6) Alegação: O cálcio auxilia no metabolismo energético. Requisito: As alegações são restritas aos suplementos alimentares cuja quantidade de cálcio atenda aos valores mínimos estabelecidos na IN 28/2018 e suas atualizações.
7) Alegação: Fonte de cálcio. Requisito: As alegações são restritas aos suplementos alimentares cuja quantidade de cálcio atenda aos valores mínimos estabelecidos na IN 28/2018 e suas atualizações.
8) Realagação: Alto conteúdo/Rico em/Alto teor de cálcio. Requisitos:
A alegação é restrita aos suplementos alimentares cuja quantidade de cálcio corresponda ao dobro dos valores mínimos estabelecidos na IN 28/2018 e suas atualizações, desde que não ultrapasse o limite máximo estabelecido.",Não há requisitos adicionais,
Triglicerídeos de cadeia média,73398-61-5,European pharmacopeia 9.0,Fonte de lipídeos,Não autorizada alegação de propriedade funcional e/ou saúde para esse ingrediente.,Não há requisitos adicionais,
Vitamina D2 (Ergocalciferol),50-14-6,"European pharmacopoeia 9.0 

FCC",Fonte de Vitamina D,"1)  Alegação: A vitamina D auxilia na formação de ossos e dentes. Requisitos: As alegações são restritas aos suplementos alimentares cuja quantidade de vitamina D atenda aos valores mínimos estabelecidos na IN 28/2018 e suas atualizações.
2) Alegação: A vitamina D auxilia na absorção de cálcio e fósforo. As alegações são restritas aos suplementos alimentares cuja quantidade de vitamina D atenda aos valores mínimos estabelecidos na IN 28/2018 e suas atualizações.
3) Alegação: A vitamina D auxilia no funcionamento do sistema imune. As alegações são restritas aos suplementos alimentares cuja quantidade de vitamina D atenda aos valores mínimos estabelecidos na IN 28/2018 e suas atualizações.
4) Alegação: A vitamina D auxilia no funcionamento muscular. As alegações são restritas aos suplementos alimentares cuja quantidade de vitamina D atenda aos valores mínimos estabelecidos na IN 28/2018 e suas atualizações.
5) Alegaão: A vitamina D auxilia na manutenção de níveis de cálcio no sangue. As alegações são restritas aos suplementos alimentares cuja quantidade de vitamina D atenda aos valores mínimos estabelecidos na IN 28/2018 e suas atualizações.
6) Alegação: A vitamina D auxilia no processo de divisão celular. As alegações são restritas aos suplementos alimentares cuja quantidade de vitamina D atenda aos valores mínimos estabelecidos na IN 28/2018 e suas atualizações.
7) Alegação: Fonte de vitamina D. As alegações são restritas aos suplementos alimentares cuja quantidade de vitamina D atenda aos valores mínimos estabelecidos na IN 28/2018 e suas atualizações.
8) Alegação: Alto conteúdo/Rico em/Alto teor de vitamina D. Requisitos: A alegação é restrita aos suplementos alimentares cuja quantidade de vitamina D corresponda ao dobro dos valores mínimos estabelecidos na IN 28/2018 e suas atualizações, desde que não ultrapasse o limite máximo estabelecido na IN 28/2018 e suas atualizações.",Não há requisitos adicionais,
Vitamina D3 (Colecalciferol),67-97-0,"European pharmacopoeia 9.0 

FCC",Fonte de Vitamina D,"1)  Alegação: A vitamina D auxilia na formação de ossos e dentes. Requisitos: As alegações são restritas aos suplementos alimentares cuja quantidade de vitamina D atenda aos valores mínimos estabelecidos na IN 28/2018 e suas atualizações.
2) Alegação: A vitamina D auxilia na absorção de cálcio e fósforo. As alegações são restritas aos suplementos alimentares cuja quantidade de vitamina D atenda aos valores mínimos estabelecidos na IN 28/2018 e suas atualizações.
3) Alegação: A vitamina D auxilia no funcionamento do sistema imune. As alegações são restritas aos suplementos alimentares cuja quantidade de vitamina D atenda aos valores mínimos estabelecidos na IN 28/2018 e suas atualizações.
4) Alegação: A vitamina D auxilia no funcionamento muscular. As alegações são restritas aos suplementos alimentares cuja quantidade de vitamina D atenda aos valores mínimos estabelecidos na IN 28/2018 e suas atualizações.
5) Alegaão: A vitamina D auxilia na manutenção de níveis de cálcio no sangue. As alegações são restritas aos suplementos alimentares cuja quantidade de vitamina D atenda aos valores mínimos estabelecidos na IN 28/2018 e suas atualizações.
6) Alegação: A vitamina D auxilia no processo de divisão celular. As alegações são restritas aos suplementos alimentares cuja quantidade de vitamina D atenda aos valores mínimos estabelecidos na IN 28/2018 e suas atualizações.
7) Alegação: Fonte de vitamina D. As alegações são restritas aos suplementos alimentares cuja quantidade de vitamina D atenda aos valores mínimos estabelecidos na IN 28/2018 e suas atualizações.
8) Alegação: Alto conteúdo/Rico em/Alto teor de vitamina D. Requisitos: A alegação é restrita aos suplementos alimentares cuja quantidade de vitamina D corresponda ao dobro dos valores mínimos estabelecidos na IN 28/2018 e suas atualizações, desde que não ultrapasse o limite máximo estabelecido na IN 28/2018 e suas atualizações.",Não há requisitos adicionais,
Xarope de glicose,,FCC,Fonte de carboidrato,"1) Alegação: Os carboidratos auxiliam na recuperação da função muscular normal após exercícios extenuantes. Requisitos: A alegação é restrita aos suplementos alimentares cuja:
a) quantidade de carboidratos metabolizáveis atenda aos valores mínimos estabelecidos na IN 28/2018 e suas atualizações; e
b) informação sobre o consumo na dose de 4 g/kg de peso corpóreo, nas primeiras 4 a 6 horas após o exercício extenuante, conste na rotulagem do produto.
 2) Alegação: Auxilia a manutenção do equilíbrio de fluidos e eletrólitos e no desempenho de exercícios físicos de resistência. Restrições: A alegação é restrita aos suplementos alimentares que:
a) forneçam carboidratos como principal fonte de energia;
b) contenham no mínimo 80 kcal/L e no máximo 350 kcal/L;
c) contenham no mínimo 75% da energia derivada de carboidratos metabolizáveis;
d) contenham no mínimo 20 mmol/L (460 mg/L) de sódio (na forma de Na+) e máximo 50 mmol/L (1150 mg/L) de sódio (na forma de Na+); e
e) apresentem osmolalidade entre 200 e 330 mOsml/kg de água. 
3) Alegação: Isotônico: Requisitos: A alegação é restrita aos suplementos alimentares que:
a) forneçam carboidratos como principal fonte de energia;
b) contenham no mínimo 80 kcal/L e no máximo 350 kcal/L;
c) contenham no mínimo 75% da energia derivada de carboidratos metabolizáveis;
d) contenham no mínimo 20 mmol/L (460 mg/L) de sódio (na forma de Na+) e máximo 50 mmol/L (1150 mg/L) de sódio (na forma de Na+); e   e) apresentem osmolalidade entre 270 e 330 mOsml/kg de água.",Não há requisitos adicionais,
Xarope de isomalte,64519-82-0,USP–NF,Fonte de carboidrato,"1) Alegação: Os carboidratos auxiliam na recuperação da função muscular normal após exercícios extenuantes. Requisitos: A alegação é restrita aos suplementos alimentares cuja:
a) quantidade de carboidratos metabolizáveis atenda aos valores mínimos estabelecidos na IN 28/2018 e suas atualizações; e
b) informação sobre o consumo na dose de 4 g/kg de peso corpóreo, nas primeiras 4 a 6 horas após o exercício extenuante, conste na rotulagem do produto.
 2) Alegação: Auxilia a manutenção do equilíbrio de fluidos e eletrólitos e no desempenho de exercícios físicos de resistência. Restrições: A alegação é restrita aos suplementos alimentares que:
a) forneçam carboidratos como principal fonte de energia;
b) contenham no mínimo 80 kcal/L e no máximo 350 kcal/L;
c) contenham no mínimo 75% da energia derivada de carboidratos metabolizáveis;
d) contenham no mínimo 20 mmol/L (460 mg/L) de sódio (na forma de Na+) e máximo 50 mmol/L (1150 mg/L) de sódio (na forma de Na+); e
e) apresentem osmolalidade entre 200 e 330 mOsml/kg de água. 
3) Alegação: Isotônico: Requisitos: A alegação é restrita aos suplementos alimentares que:
a) forneçam carboidratos como principal fonte de energia;
b) contenham no mínimo 80 kcal/L e no máximo 350 kcal/L;
c) contenham no mínimo 75% da energia derivada de carboidratos metabolizáveis;
d) contenham no mínimo 20 mmol/L (460 mg/L) de sódio (na forma de Na+) e máximo 50 mmol/L (1150 mg/L) de sódio (na forma de Na+); e   e) apresentem osmolalidade entre 270 e 330 mOsml/kg de água.",Não há requisitos adicionais,
Xilo-oligossacarídeos,,EFSA; União Europeia,Fonte de Xilo-oligossacarídeos,Não foi aprovada alegação de propriedade funcional nem de saúde para o ingrediente,"A advertência ""Este produto não deve ser consumido por gestantes, lactantes e crianças."" deve constar na rotulagem do produto.",
Zeaxantina,144-68-3,"67th JECFA (2006, FAO JECFA MONOGRAPHS 3 (2006)",Fonte de Zeaxantina,Não autorizada alegação de propriedade funcional e/ou saúde para esse ingrediente.,"A advertência ""Este produto não deve ser consumido por gestantes, lactantes e crianças"" deve constar na rotulagem do produto.",
Zeaxantina de flor deTagetes erecta,,"Para este constituinte foram aprovadas as especificações do fabricante: Kemin Foods - Iowa, Estados Unidos.",Fonte de Zeaxantina,Não autorizada alegação de propriedade funcional e/ou saúde para esse ingrediente.,"A advertência ""Este produto não deve ser consumido por gestantes, lactantes e crianças"" deve constar na rotulagem do produto.",
