Categoria,Nutriente/Substância Bioativa/Enzima,0 a 6 meses,7 a 11 meses,1 a 3 anos,4 a 8 anos ,9 a 18 anos,Maiores 19 anos ,Lactantes,Gestantes ,Observações
Lipídeos, Fonte de lipídeos,Não autorizado,Não autorizado,Não autorizado,Não autorizado,Não autorizado,"Mínimo: 5g

Máximo: não estabelecido",Não autorizado,Não autorizado,
Lipídeos," Lipídeos
Ácido linoleico n-6
Ácido  alfa-linolênico n-3",Não autorizado,Não autorizado,Não autorizado,"Lipídeos: Não autorizado

Ácido Linoleico n-6: 
Mínimo: 1,5 g 
Máximo: 15 g

Ácido alfa-linolênico n-3: 

Mínimo: 0,135 g
Máximo: 1,35 g","Lipídeos: Não autorizado

Ácido Linoleico n-6: 
Mínimo: 2,4 g 
Máximo: 24 g

Ácido alfa-linolênico n-3: 
Mínimo: 0,24 g  
Máximo: 2,4 g","Lipídeos: 
Mínimo: 5 g 
Máximo: Não estabelecido

Ácido Linoleico n-6: 
Mínimo: 2,55 g 
Máximo: 25,5 g

Ácido alfa-linolênico n-3: 
Mínimo: 0,24 g 
Máximo: 2,4 g","Lipídeos: Não autorizado

Ácido Linoleico n-6: 
Mínimo: 1,95 g 
Máximo: 19,5 g

Ácido alfa-linolênico n-3: 
Mínimo: 0,195 g 
Máximo: 1,95 g","Lipídeos: Não autorizado

Ácido Linoleico n-6: 
Mínimo: 1,95 g 
Máximo: 19,5 g

Ácido alfa-linolênico n-3: 
Mínimo: 0,21 g 
Máximo: 2,1 g",
Lipídeos," Lipídeos
Ácido linoleico n-6
Ácido  alfa-linolênico n-3",Não autorizado,Não autorizado,Não autorizado,"Lipídeos: Não autorizado

Ácido Linoleico n-6: 
Mínimo: 1,5 g 
Máximo: 15 g

Ácido alfa-linolênico n-3: 
Mínimo: 0,135 
Máximo: 1,35g","Lipídeos: 
Mínimo: Não autorizado

Ácido Linoleico n-6: 
Mínimo: 2,4 g 
Máximo: 24 g

Ácido alfa-linolênico n-3: 
Mínimo: 0,24 g   
Máximo: 2,4 g","Lipídeos: 
Mínimo: 5 g 
Máximo: Não estabelecido

Ácido Linoleico n-6: 
Mínimo: 2,55 g 
Máximo: 25,5 g

Ácido alfa-linolênico n-3: 
Mínimo: 0,24 g 
Máximo: 2,4 g","Lipídeos: Não autorizado

Ácido Linoleico n-6: 
Mínimo: 1,95 g 
Máximo: 19,5 g

Ácido alfa-linolênico n-3: 
Mínimo: 0,195 g 
Máximo: 1,95 g","Lipídeos: Não autorizado

Ácido Linoleico n-6: 
Mínimo: 1,95 g 
Máximo: 19,5 g

Ácido alfa-linolênico n-3: 
Mínimo: 0,21 g 
Máximo: 2,1 g",
Lipídeos," Lipídeos
Ácido linoleico n-6
Ácido  alfa-linolênico n-3",Não autorizado,Não autorizado,Não autorizado,"Lipídeos: Não autorizado

Ácido Linoleico n-6: 
Mínimo: 1,5 g 
Máximo: 15 g

Ácido alfa-linolênico n-3: 
Mínimo: 0,135 g
Máximo: 1,35 g","Lipídeos: Não autorizado

Ácido Linoleico n-6: 
Mínimo: 2,4 g 
Máximo: 24 g 

Ácido alfa-linolênico n-3: 
Mínimo: 0,24 g  
Máximo: 2,4 g","Lipídeos: 
Mínimo: 5 g 
Máximo: Não estabelecido

Ácido Linoleico n-6: 
Mínimo: 2,55 g 
Máximo: 25,5 g

Ácido alfa-linolênico n-3: 
Mínimo: 0,24 g 
Máximo: 2,4 g","Lipídeos: Não autorizado

Ácido Linoleico n-6: 
Mínimo: 1,95 g 
Máximo: 19,5 g

Ácido alfa-linolênico n-3: 
Mínimo: 0,195 g 
Máximo: 1,95 g","Lipídeos: Não autorizado

Ácido Linoleico n-6: 
Mínimo: 1,95 g 
Máximo: 19,5 g

Ácido alfa-linolênico n-3: 
Mínimo: 0,21 g 
Máximo: 2,1 g",
Lipídeos," Lipídeos
Ácido linoleico n-6
Ácido  alfa-linolênico n-3",Não autorizado,Não autorizado,Não autorizado,"Lipídeos: Não autorizado

Ácido Linoleico n-6: 
Mínimo: 1,5 g 
Máximo: 15 g

Ácido alfa-linolênico n-3: 
Mínimo: 0,135 g
Máximo: 1,35 g","Lipídeos: Não autorizado

Ácido Linoleico n-6: 
Mínimo: 2,4 g 
Máximo: 24 g

Ácido alfa-linolênico n-3: 
Mínimo: 0,24 g  
Máxima: 2,4 g","Lipídeos: 
Mínimo: 5 g 
Máximo: Não estabelecido

Ácido Linoleico n-6: 
Mínimo: 2,55 g 
Máximo: 25,5 g

Ácido alfa-linolênico n-3: 
Mínimo: 0,24 g 
Máximo: 2,4 g","Lipídeos: Não autorizado

Ácido Linoleico n-6: 
Mínimo: 1,95 g 
Máximo: 19,5 g

Ácido alfa-linolênico n-3: 
Mínimo: 0,195 g
Máximo: 1,95 g","Lipídeos: Não autorizado

Ácido Linoleico n-6: 
Mínimo: 1,95 g 
Máximo: 19,5 g

Ácido alfa-linolênico n-3: 
Mínimo: 0,21 g 
Máximo: 2,1 g",
Lipídeos," Lipídeos
Ácido linoleico n-6
Ácido  alfa-linolênico n-3",Não autorizado,Não autorizado,Não autorizado,"Lipídeos: Não autorizado

Ácido Linoleico n-6: 
Mínimo: 1,5 g 
Máximo: 15 g

Ácido alfa-linolênico n-3: 
Mínimo: 0,135 g
Máximo: 1,35 g","Lipídeos: Não autorizado

Ácido Linoleico n-6: 
Mínimo: 2,4 g 
Máximo: 24 g

Ácido alfa-linolênico n-3: 
Mínimo: 0,24 g  
Máximo: 2, 4g","Lipídeos: 
Mínimo: 5 g 
Máximo: Não estabelecido

Ácido Linoleico n-6: 
Mínimo: 2,55 g 
Máximo: 25,5 g

Ácido alfa-linolênico n-3: 
Mínimo: 0,24 g 
Máximo: 2,4 g","Lipídeos: Não autorizado

Ácido Linoleico n-6: 
Mínimo: 1,95 g 
Máximo: 19,5 g

Ácido alfa-linolênico n-3: 
Mínimo: 0,195 g 
Máximo: 1,95 g","Lipídeos: Não autorizado

Ácido Linoleico n-6: 
Mínimo: 1,95 g 
Máximo: 19,5 g

Ácido alfa-linolênico n-3: 
Mínimo: 0,21 g 
Máximo: 2,1 g",
Lipídeos," Lipídeos
Ácido linoleico n-6
Ácido  alfa-linolênico n-3",Não autorizado,Não autorizado,Não autorizado,"Lipídeos: Não autorizado

Ácido Linoleico n-6: 
Mínimo: 1,5 g 
Máximo: 15 g

Ácido alfa-linolênico n-3: 
Mínimo: 0,135 g
Máximo: 1,35 g","Lipídeos: Não autorizado

Ácido Linoleico n-6: 
Mínimo: 2,4 g 
Máximo: 24 g

Ácido alfa-linolênico n-3: 
Mínimo: 0,24 g  
Máximo: 2,4 g","Lipídeos: 
Mínimo: 5 g 
Máximo: Não estabelecido

Ácido Linoleico n-6: 
Mínimo: 2,55 g 
Máximo: 25,5 g

Ácido alfa-linolênico n-3: 
Mínimo: 0,24 g 
Máximo: 2,4 g","Lipídeos: Não autorizado

Ácido Linoleico n-6: 
Mínimo: 1,95 g  
Máximo: 19,5 g

Ácido alfa-linolênico n-3: 
Mínimo: 0,195 g 
Máximo: 1,95 g","Lipídeos: Não autorizado

Ácido Linoleico n-6: 
Mínimo: 1,95 g 
Máximo: 19,5 g

Ácido alfa-linolênico n-3: 
Mínimo: 0,21 g 
Máximo: 2,1 g",
Lipídeos," Lipídeos
Ácido linoleico n-6
Ácido  alfa-linolênico n-3",Não autorizado,Não autorizado,Não autorizado,"Lipídeos: Não autorizado

Ácido Linoleico n-6: 
Mínimo: 1,5 g 
Máximo: 15 g

Ácido alfa-linolênico n-3: 
Mínimo: 0,135 g
Máximo: 1,35 g","Lipídeos: Não autorizado

Ácido Linoleico n-6: 
Mínimo: 2,4 g 
Máximo: 24 g

Ácido alfa-linolênico n-3: 
Mínimo: 0,24 g  
Máximo: 2,4 g","Lipídeos: 
Mínimo: 5 g 
Máximo: Não estabelecido

Ácido Linoleico n-6: 
Mínimo: 2,55 g 
Máximo: 25,5 g

Ácido alfa-linolênico n-3: 
Mínimo: 0,24 g 
Máximo: 2,4 g","Lipídeos: Não autorizado

Ácido Linoleico n-6: 
Mínimo: 1,95 g  
Máximo: 19,5 g

Ácido alfa-linolênico n-3: 
Mínimo: 0,195 g 
Máximo: 1,95 g","Lipídeos: Não autorizado

Ácido Linoleico n-6: 
Mínimo: 1,95 g
Máximo: 19,5 g

Ácido alfa-linolênico n-3: 
Mínimo: 0,21 g 
Máximo: 2,1 g",
Lipídeos," Lipídeos
Ácido linoleico n-6
Ácido  alfa-linolênico n-3",Não autorizado,Não autorizado,Não autorizado,"Lipídeos: Não autorizado

Ácido Linoleico n-6: 
Mínimo: 1,5 g 
Máximo: 15 g

Ácido alfa-linolênico n-3: 
Mínimo: 0,135 g
Máximo: 1,35 g","Lipídeos: Não autorizado

Ácido Linoleico n-6: 
Mínimo: 2,4 g 
Máximo: 24 g

Ácido alfa-linolênico n-3: 
Mínimo: 0,24 g  
Máximo: 2,4 g","Lipídeos: 
Mínimo: 5 g 
Máximo: Não estabelecido

Ácido Linoleico n-6: 
Mínimo: 2,55 g 
Máximo: 25,5 g

Ácido alfa-linolênico n-3: 
Mínimo: 0,24 g 
Máximo: 2,4 g","Lipídeos: Não autorizado

Ácido Linoleico n-6: 
Mínimo: 1,95 g 
Máximo: 19,5 g

Ácido alfa-linolênico n-3: 
Mínimo: 0,195 g 
Máximo: 1,95 g","Lipídeos: Não autorizado

Ácido Linoleico n-6: 
Mínimo: 1,95 g 
Máximo: 19,5 g

Ácido alfa-linolênico n-3: 
Mínimo: 0,21 g 
Máximo: 2,1 g",
Lipídeos," Lipídeos
Ácido linoleico n-6
Ácido  alfa-linolênico n-3",Não autorizado,Não autorizado,Não autorizado,"Lipídeos: Não autorizado

Ácido Linoleico n-6: 
Mínimo: 1,5 g 
Máximo: 15 g

Ácido alfa-linolênico n-3: 
Mínimo: 0,135 g
Máximo: 1,35 g","Lipídeos: Não autorizado

Ácido Linoleico n-6: 
Mínimo: 2,4 g 
Máximo: 24 g

Ácido alfa-linolênico n-3: 
Mínimo: 0,24 g  
Máximo: 2,4 g","Lipídeos: 
Mínimo: 5 g 
Máximo: Não estabelecido

Ácido Linoleico n-6: 
Mínimo: 2,55 g 
Máximo: 25,5 g

Ácido alfa-linolênico n-3: 
Mínimo: 0,24 g 
Máximo: 2,4 g","Lipídeos: Não autorizado

Ácido Linoleico n-6: 
Mínimo: 1,95 g 
Máximo: 19,5 g

Ácido alfa-linolênico n-3: 
Mínimo: 0,195 g 
Máximo: 1,95 g","Lipídeos: Não autorizado

Ácido Linoleico n-6: 
Mínimo: 1,95 g 
Máximo: 19,5 g

Ácido alfa-linolênico n-3: 
Mínimo: 0,21 g
Máximo: 2,1 g",
Lipídeos," Lipídeos
Ácido linoleico n-6
Ácido  alfa-linolênico n-3",Não autorizado,Não autorizado,Não autorizado,"Lipídeos: Não autorizado

Ácido Linoleico n-6: 
Mínimo: 1,5 g 
Máximo: 15 g

Ácido alfa-linolênico n-3: 
Mínimo: 0,135 g
Máximo: 1,35 g","Lipídeos: Não autorizado

Ácido Linoleico n-6: 
Mínimo: 2,4 g 
Máximo: 24 g

Ácido alfa-linolênico n-3: 
Mínimo: 0,24 g  
Máximo: 2,4 g","Lipídeos: 
Mínimo: 5 g 
Máximo: Não estabelecido

Ácido Linoleico n-6: 
Mínimo: 2,55 g 
Máximo: 25,5 g

Ácido alfa-linolênico n-3: 
Mínimo: 0,24 g 
Máximo: 2,4 g","Lipídeos: Não autorizado

Ácido Linoleico n-6: 
Mínimo: 1,95 g 
Máximo: 19,5 g

Ácido alfa-linolênico n-3: 
Mínimo: 0,195 g 
Máximo: 1,95 g","Lipídeos: Não autorizado

Ácido Linoleico n-6: 
Mínimo: 1,95 g 
Máximo: 19,5 g

Ácido alfa-linolênico n-3: 
Mínimo: 0,21g 
Máximo: 2,1g",
Lipídeos," Lipídeos
Ácido linoleico n-6
Ácido  alfa-linolênico n-3",Não autorizado,Não autorizado,Não autorizado,"Lipídeos: Não autorizado

Ácido Linoleico n-6: 
Mínimo: 1,5 g 
Máximo: 15 g

Ácido alfa-linolênico n-3: 
Mínimo: 0,135 g
Máximo: 1,35 g","Lipídeos: Não autorizado

Ácido Linoleico n-6: 
Mínimo: 2,4 g 
Máximo: 24 g

Ácido alfa-linolênico n-3: 
Mínimo: 0,24 g  
Máximo: 2,4 g","Lipídeos: 
Mínimo: 5 g 
Máximo: Não estabelecido

Ácido Linoleico n-6: 
Mínimo: 2,55 g 
Máximo: 25,5 g

Ácido alfa-linolênico n-3: 
Mínimo: 0,24 g 
Máximo: 2,4 g","Lipídeos: Não autorizado

Ácido Linoleico n-6: 
Mínimo: 1,95 g 
Máximo: 19,5 g

Ácido alfa-linolênico n-3: 
Mínimo: 0,195 g 
Máximo: 1,95 g","Lipídeos: Não autorizado

Ácido Linoleico n-6: 
Mínimo: 1,95 g
Máximo: 19,5 g

Ácido alfa-linolênico n-3: 
Mínimo: 0,21 g 
Máximo: 2,1 g",
Lipídeos," Lipídeos
Ácido linoleico n-6
Ácido  alfa-linolênico n-3",Não autorizado,Não autorizado,Não autorizado,"Lipídeos: Não autorizado

Ácido Linoleico n-6: 
Mínimo: 1,5 g 
Máximo: 15 g

Ácido alfa-linolênico n-3: 
Mínimo: 0,135 g
Máximo: 1,35 g","Lipídeos: Não autorizado

Ácido Linoleico n-6: 
Mínimo: 2,4 g 
Máximo: 24 g

Ácido alfa-linolênico n-3: 
Mínimo: 0,24 g  
Máximo: 2,4 g","Lipídeos: 
Mínimo: 5 g 
Máximo: Não estabelecido

Ácido Linoleico n-6: 
Mínimo: 2,55 g 
Máximo: 25,5g

Ácido alfa-linolênico n-3: 
Mínimo: 0,24 g
Máximo: 2,4 g","Lipídeos: Não autorizado

Ácido Linoleico n-6: 
Mínimo: 1,95 g 
Máximo: 19,5 g

Ácido alfa-linolênico n-3: 
Mínimo: 0,195 g 
Máximo: 1,95 g","Lipídeos: Não autorizado

Ácido Linoleico n-6: 
Mínimo: 1,95 g 
Máximo: 19,5 g

Ácido alfa-linolênico n-3: 
Mínimo: 0,21 g 
Máximo: 2,1 g",
Lipídeos," Lipídeos
Ácido linoleico n-6
Ácido  alfa-linolênico n-3",Não autorizado,Não autorizado,Não autorizado,"Lipídeos: Não autorizado

Ácido Linoleico n-6: 
Mínimo: 1,5 g 
Máximo: 15 g

Ácido alfa-linolênico n-3: 
Mínimo: 0,135 g
Máximo: 1,35 g","Lipídeos: Não autorizado

Ácido Linoleico n-6: 
Mínimo: 2,4 g 
Máximo: 24 g

Ácido alfa-linolênico n-3: 
Mínimo: 0,24 g 
Máximo: 2,4 g","Lipídeos: 
Mínimo: 5 g 
Máximo: Não estabelecido

Ácido Linoleico n-6: 
Mínimo: 2,55 g 
Máximo: 25,5 g

Ácido alfa-linolênico n-3: 
Mínimo: 0,24 g 
Máximo: 2,4 g","Lipídeos: Não autorizado

Ácido Linoleico n-6: 
Mínimo: 1,95 g 
Máximo: 19,5 g

Ácido alfa-linolênico n-3: 
Mínimo: 0,195 g 
Máximo: 1,95 g","Lipídeos: Não autorizado

Ácido Linoleico n-6: 
Mínimo: 1,95 g 
Máximo: 19,5 g

Ácido alfa-linolênico n-3: 
Mínimo: 0,21 g 
Máximo: 2,1 g",
Lipídeos," Lipídeos
Ácido linoleico n-6
Ácido  alfa-linolênico n-3",Não autorizado,Não autorizado,Não autorizado,"Lipídeos: Não autorizado

Ácido Linoleico n-6: 
Mínimo: 1,5 g 
Máximo: 15 g

Ácido alfa-linolênico n-3: 
Mínimo: 0,135 g
Máximo: 1,35 g","Lipídeos: Não autorizado

Ácido Linoleico n-6: 
Mínimo: 2,4 g 
Máximo: 24 g

Ácido alfa-linolênico n-3: 
Mínimo: 0,24 g 
Máximo: 2,4 g","Lipídeos: 
Mínimo: 5 g 
Máximo: Não estabelecido

Ácido Linoleico n-6: 
Mínimo: 2,55 g 
Máximo: 25,5 g

Ácido alfa-linolênico n-3: 
Mínimo: 0,24 g 
Máximo: 2,4 g","Lipídeos: Não autorizado

Ácido Linoleico n-6: 
Mínimo: 1,95 g 
Máximo: 19,5 g

Ácido alfa-linolênico n-3: 
Mínimo: 0,195 g 
Máximo: 1,95 g","Lipídeos: Não autorizado

Ácido Linoleico n-6: 
Mínimo: 1,95 g 
Máximo: 19,5 g

Ácido alfa-linolênico n-3: 
Mínimo: 0,21 g
Máximo: 2,1 g",
Lipídeos," Lipídeos
Ácido linoleico n-6
Ácido  alfa-linolênico n-3",Não autorizado,Não autorizado,Não autorizado,"Lipídeos: Não autorizado

Ácido Linoleico n-6: 
Mínimo: 1,5 g 
Máximo: 15 g

Ácido alfa-linolênico n-3: 
Mínimo: 0,135 g
Máximo: 1,35 g","Lipídeos: Não autorizado

Ácido Linoleico n-6: 
Mínimo: 2,4 g 
Máximo: 24 g

Ácido alfa-linolênico n-3: 
Mínimo: 0,24 g
Máximo: 2,4 g","Lipídeos: 
Mínimo: 5 g 
Máximo: Não estabelecido

Ácido Linoleico n-6: 
Mínimo: 2,55 g 
Máximo: 25,5 g

Ácido alfa-linolênico n-3: 
Mínimo: 0,24 g 
Máximo: 2,4 g","Lipídeos: Não autorizado

Ácido Linoleico n-6: 
Mínimo: 1,95 g 
Máximo: 19,5 g

Ácido alfa-linolênico n-3: 
Mínimo: 0,195 g 
Máximo: 1,95 g","Lipídeos: Não autorizado

Ácido Linoleico n-6: 
Mínimo: 1,95 g 
Máximo: 19,5 g

Ácido alfa-linolênico n-3: 
Mínimo: 0,21 g 
Máximo: 2,1 g",
Lipídeos," Lipídeos
Ácido linoleico n-6
Ácido  alfa-linolênico n-3",Não autorizado,Não autorizado,Não autorizado,"Lipídeos: Não autorizado

Ácido Linoleico n-6: 
Mínimo: 1,5 g 
Máximo: 15 g

Ácido alfa-linolênico n-3: 
Mínimo: 0,135 g
Máximo: 1,35 g","Lipídeos: Não autorizado

Ácido Linoleico n-6: 
Mínimo: 2,4 g 
Máximo: 24 g

Ácido alfa-linolênico n-3: 
Mínimo: 0,24 g
Máximo: 2,4 g","Lipídeos: 
Mínimo: 5 g 
Máximo: Não estabelecido

Ácido Linoleico n-6: 
Mínimo: 2,55 g 
Máximo: 25,5 g

Ácido alfa-linolênico n-3: 
Mínimo: 0,24 g 
Máximo: 2,4 g","Lipídeos: Não autorizado

Ácido Linoleico n-6: 
Mínimo: 1,95 g 
Máximo: 19,5 g

Ácido alfa-linolênico n-3: 
Mínimo: 0,195 g 
Máximo: 1,95 g","Lipídeos: Não autorizado

Ácido Linoleico n-6: 
Mínimo: 1,95 g 
Máximo: 19,5 g

Ácido alfa-linolênico n-3: 
Mínimo: 0,21 g 
Máximo: 2,1 g","https://www.in.gov.br/web/dou/-/resolucao-rdc-n-481-de-15-de-marco-de-2021-309012789

http://antigo.anvisa.gov.br/documents/10181/5887540/IN_87_2021_.pdf/10472f9f-5e55-4da1-84a7-04f24d26c858"
Lipídeos," Lipídeos
Ácido linoleico n-6
Ácido  alfa-linolênico n-3",Não autorizado,Não autorizado,Não autorizado,"Lipídeos: Não autorizado

Ácido Linoleico n-6: 
Mínimo: 1,5 g 
Máximo: 15 g

Ácido alfa-linolênico n-3: 
Mínimo: 0,135 g
Máximo: 1,35 g","Lipídeos: Não autorizado

Ácido Linoleico n-6: 
Mínimo: 2,4 g
Máximo: 24 g

Ácido alfa-linolênico n-3: 
Mínimo: 0,24 g 
Máximo: 2,4 g","Lipídeos: 
Mínimo: 5 g 
Máximo: Não estabelecido

Ácido Linoleico n-6: 
Mínimo: 2,55 g 
Máximo: 25,5 g

Ácido alfa-linolênico n-3: 
Mínimo: 0,24 g 
Máximo: 2,4 g","Lipídeos: Não autorizado

Ácido Linoleico n-6: 
Mínimo: 1,95 g 
Máximo: 19,5 g

Ácido alfa-linolênico n-3: 
Mínimo: 0,195 g 
Máximo: 1,95 g","Lipídeos: Não autorizado

Ácido Linoleico n-6: 
Mínimo: 1,95 g 
Máximo: 19,5 g

Ácido alfa-linolênico n-3: 
Mínimo: 0,21 g 
Máximo: 2,1 g",
Lipídeos," Lipídeos
Ácido linoleico n-6
Ácido  alfa-linolênico n-3",Não autorizado,Não autorizado,Não autorizado,"Lipídeos: Não autorizado

Ácido Linoleico n-6: 
Mínimo: 1,5 g 
Máximo: 15 g

Ácido alfa-linolênico n-3: 
Mínimo: 0,135 g
Máximo: 1,35g","Lipídeos: Não autorizado

Ácido Linoleico n-6: 
Mínimo: 2,4 g 
Máximo: 24 g

Ácido alfa-linolênico n-3: 
Mínimo: 0,24 g  
Máximo: 2,4 g","Lipídeos: 
Mínimo: 5 g 
Máximo: Não estabelecido

Ácido Linoleico n-6: 
Mínimo: 2,55 g 
Máximo: 25,5 g

Ácido alfa-linolênico n-3: 
Mínimo: 0,24 g 
Máximo: 2,4 g","Lipídeos: Não autorizado

Ácido Linoleico n-6: 
Mínimo: 1,95 g 
Máximo: 19,5 g

Ácido alfa-linolênico n-3: 
Mínimo: 0,195 g 
Máximo: 1,95 g","Lipídeos: Não autorizado

Ácido Linoleico n-6: 
Mínimo: 1,95 g 
Máximo: 19,5 g

Ácido alfa-linolênico n-3: 
Mínimo: 0,21 g 
Máximo: 2,1 g",
Lipídeos," Lipídeos
Ácido linoleico n-6
Ácido  alfa-linolênico n-3",Não autorizado,Não autorizado,Não autorizado,"Lipídeos: Não autorizado

Ácido Linoleico n-6: 
Mínimo: 1,5 g 
Máximo: 15 g

Ácido alfa-linolênico n-3: 
Mínimo: 0,135 g
Máximo: 1,35g","Lipídeos: Não autorizado

Ácido Linoleico n-6: 
Mínimo: 2,4 g 
Máximo: 24 g

Ácido alfa-linolênico n-3: 
Mínimo: 0,24 g 
Máximo: 2,4 g","Lipídeos: 
Mínimo: 5 g 
Máximo: Não estabelecido

Ácido Linoleico n-6: 
Mínimo: 2,55 g 
Máximo: 25,5 g

Ácido alfa-linolênico n-3: 
Mínimo: 0,24 g 
Máximo: 2,4 g","Lipídeos: Não autorizado

Ácido Linoleico n-6: 
Mínimo: 1,95 g 
Máximo: 19,5 g

Ácido alfa-linolênico n-3: 
Mínimo: 0,195 g 
Máximo: 1,95 g","Lipídeos: Não autorizado

Ácido Linoleico n-6: 
Mínimo: 1,95 g 
Máximo: 19,5 g

Ácido alfa-linolênico n-3: 
Mínimo: 0,21 g 
Máximo: 2,1 g",
Lipídeos," Lipídeos
Ácido linoleico n-6
Ácido  alfa-linolênico n-3",Não autorizado,Não autorizado,Não autorizado,"Lipídeos: Não autorizado

Ácido Linoleico n-6: 
Mínimo: 1,5 g 
Máximo: 15g

Ácido alfa-linolênico n-3: 
Mínimo: 0,135 g
Máximo: 1,35 g","Lipídeos: Não autorizado

Ácido Linoleico n-6: 
Mínimo: 2,4 g 
Máximo: 24 g

Ácido alfa-linolênico n-3: 
Mínimo: 0,24 g  
Máximo: 2,4 g","Lipídeos: 
Mínimo: 5 g 
Máximo: Não estabelecido

Ácido Linoleico n-6: 
Mínimo: 2,55 g 
Máximo: 25,5 g

Ácido alfa-linolênico n-3: 
Mínimo: 0,24 g 
Máximo: 2,4 g","Lipídeos: Não autorizado

Ácido Linoleico n-6: 
Mínimo: 1,95 g 
Máximo: 19,5 g

Ácido alfa-linolênico n-3: 
Mínimo: 0,195 g 
Máximo: 1,95 g","Lipídeos: Não autorizado

Ácido Linoleico n-6: 
Mínimo: 1,95 g  
Máximo: 19,5 g

Ácido alfa-linolênico n-3: 
Mínimo: 0,21 g 
Máximo: 2,1 g",
Lipídeos," Lipídeos
Ácido linoleico n-6
Ácido  alfa-linolênico n-3",Não autorizado,Não autorizado,Não autorizado,"Lipídeos: Não autorizado

Ácido Linoleico n-6: 
Mínimo: 1,5 g
Máximo: 15 g

Ácido alfa-linolênico n-3: 
Mínimo: 0,135 g
Máximo: 1,35 g","Lipídeos: Não autorizado

Ácido Linoleico n-6: 
Mínimo: 2,4 g 
Máximo: 24 g

Ácido alfa-linolênico n-3: 
Mínimo: 0,24 g   
Máximo: 2,4 g","Lipídeos: 
Mínimo: 5 g 
Máximo: Não estabelecido

Ácido Linoleico n-6: 
Mínimo: 2,55 g 
Máximo: 25,5 g

Ácido alfa-linolênico n-3: 
Mínimo: 0,24 g 
Máximo: 2,4 g","Lipídeos: Não autorizado

Ácido Linoleico n-6: 
Mínimo: 1,95 g 
Máximo: 19,5 g

Ácido alfa-linolênico n-3: 
Mínimo: 0,195 g 
Máximo: 1,95 g","Lipídeos: Não autorizado

Ácido Linoleico n-6: 
Mínimo: 1,95 g 
Máximo: 19,5 g

Ácido alfa-linolênico n-3: 
Mínimo: 0,21 g 
Máximo: 2,1 g",
Lipídeos," Lipídeos
Ácido linoleico n-6
Ácido  alfa-linolênico n-3",Não autorizado,Não autorizado,Não autorizado,"Lipídeos: Não autorizado

Ácido Linoleico n-6: 
Mínimo: 1,5 g
Máximo: 15 g

Ácido alfa-linolênico n-3: 
Mínimo: 0,135 g
Máximo: 1,35 g","Lipídeos: Não autorizado

Ácido Linoleico n-6: 
Mínimo: 2,4 g 
Máximo: 24 g

Ácido alfa-linolênico n-3: 
Mínimo: 0,24 g  
Máximo: 2,4 g","Lipídeos: 
Mínimo: 5 g 

Máximo: Não estabelecido

Ácido Linoleico n-6: 
Mínimo: 2,55 g 
Máximo: 25,5 g

Ácido alfa-linolênico n-3: 
Mínimo: 0,24 g 
Máximo: 2,4 g","Lipídeos: Não autorizado

Ácido Linoleico n-6: 
Mínimo: 1,95 g 
Máximo: 19,5 g

Ácido alfa-linolênico n-3: 
Mínimo: 0,195 g 
Máximo: 1,95 g","Lipídeos: Não autorizado

Ácido Linoleico n-6: 
Mínimo: 1,95 g 
Máximo: 19,5 g

Ácido alfa-linolênico n-3: 
Mínimo: 0,21 g 
Máximo: 2,1 g",
Substâncias bioativas, Luteína,Não autorizado,Não autorizado,Não autorizado,Não autorizado,"Mínimo: Não estabelecido

Máximo: 10 mg","Mínimo: Não estabelecido

Máximo: 20 mg",Não autorizado,Não autorizado,
Vitaminas, Vitamina B2,"Mínimo: 0,045 mg 

Máximo: 0,45 mg","Mínimo: 0,06 mg 

Máximo: 0,6 mg","Mínimo: 0,075 mg 

Máximo: 0,75 mg","Mínimo: 0,09 mg 

Máximo: 0,9 mg","Mínimo: 0,195 mg 

Máximo: 2,82 mg","Mínimo: 0,20 mg 

Máximo: 2,74 mg","Mínimo: 0,24 mg 

Máximo: 2,66 mg","Mínimo: 0,21 mg 

Máximo: 2,88 mg",
Vitaminas, Vitamina B2,"Mínimo: 0,045 mg 

Máximo: 0,45 mg","Mínimo: 0,06 mg
 
Máximo: 0,6 mg","Mínimo: 0,075 mg 

Máximo: 0,75 mg","Mínimo: 0,09 mg
 
Máximo: 0,9 mg","Mínimo: 0,195 mg
 
Máximo: 2,82 mg","Mínimo: 0,20 mg 

Máximo: 2,74 mg","Mínimo: 0,24 mg 

Máximo: 2,66 mg","Mínimo: 0,21 mg
 
Máximo: 2,88 mg",
Substâncias bioativas,10-HDA,Não autorizado,Não autorizado,Não autorizado,Não autorizado,Não autorizado,"Mínimo: 5 mg

Máximo: 25 mg",Não autorizado,Não autorizado,
Substâncias bioativas,Ácido Clorogênico,Não autorizado,Não autorizado,Não autorizado,Não autorizado,Não autorizado,"Mínimo: Não estabelecido

Máximo: 400 mg",Não autorizado,Não autorizado,
Substâncias bioativas,Ácido Clorogênico,Não autorizado,Não autorizado,Não autorizado,Não autorizado,Não autorizado,"Mínimo: Não estabelecido

Máximo: 400 mg",Não autorizado,Não autorizado,
Substâncias bioativas,Ácido Clorogênico,Não autorizado,Não autorizado,Não autorizado,Não autorizado,Não autorizado,"Mínimo: Não estabelecido

Máximo: 400 mg",Não autorizado,Não autorizado,
Vitaminas,Ácido Fólico,Não autorizado,Não autorizado,"Mínimo: 22,5 μg

Máximo: 350 μg","Mínimo: 30 μg

Máximo: 466,6 μg","Mínimo: 60 μg

Máximo: 602,3 μg","Mínimo: 60 μg

Máximo: 1281,5 μg","Mínimo: 75 μg

Máximo: 1162,3 μg","Mínimo: 666,6 μg

Máximo: 1138,3 μg","Como folato dietético equivalente (DFE). 1 DFE = 1 mcg folato alimento = 0,6 mcg de ácido fólico de suplemento = 0,6 mcg de L-metilfolato."
Vitaminas,Ácido Fólico,Não autorizado,Não autorizado,Não autorizado,Não autorizado,Não autorizado,"Mínimo: 60 μg

Máximo: 1281,5 μg",Não autorizado,"Mínimo: 666,6 μg

Máximo: 1138,3 μg","Como folato dietético equivalente (DFE). 1 DFE = 1 mcg folato alimento = 0,6 mcg de ácido fólico de suplemento = 0,6 mcg de L-metilfolato.  constituinte permitido apenas para suplementos alimentares indicados para indivíduos a partir de 19 anos de idade e gestantes."
Substâncias bioativas,Ácido Hialurônico,Não autorizado,Não autorizado,Não autorizado,Não autorizado,Não autorizado,"Mínimo: 3,5 mg 

Máximo: 157,7 mg",Não autorizado,Não autorizado,
Substâncias bioativas,Ácido Hialurônico,Não autorizado,Não autorizado,Não autorizado,Não autorizado,Não autorizado,"Mínimo: 3,5 mg

Máximo: 157,7 mg",Não autorizado,Não autorizado,
Lipídeos,Ácido Linoleico,Não autorizado,Não autorizado,Não autorizado,"Mínimo: 1,5 g 

Máximo: 15 g","Mínimo: 2,4 g 

Máximo: 24 g","Mínimo: 2,55 g 

Máximo: 25,5 g","Mínimo: 1,95 g 

Máximo: 19,5 g","Mínimo: 1,95 g 

Máximo: 19,5 g",
Vitaminas,Ácido Pantotênico,"Mínimo: 0,255 mg 
 
Máximo: 2,55 mg","Mínimo: 0,27 mg 

Máximo: 2,7 mg","Mínimo: 0,3 mg
 
Máximo: 3 mg","Mínimo: 0,45 mg 

Máximo: 4,5 mg","Mínimo: 0,75 mg 

Máximo: 5,39 mg","Mínimo: 0,75 mg
 
Máximo: 5,64 mg","Mínimo: 1,05mg 

Máximo: 5,49mg","Mínimo: 0,9 mg 

Máximo: 5,83 mg",
Vitaminas,Ácido Pantotênico,"Mínimo: 0,255 mg 

Máximo: 2,55 mg","Mínimo: 0,27 mg 

Máximo: 2,7 mg","Mínimo: 0,3 mg
 
Máximo: 3 mg","Mínimo: 0,45 mg 

Máximo: 4,5 mg","Mínimo: 0,75 mg 

Máximo: 5,39 mg","Mínimo: 0,75 mg
 
Máximo: 5,64 mg","Mínimo: 1,05 mg 

Máximo: 5,49 mg","Mínimo: 0,9 mg 

Máximo: 5,83 mg",
Outros Nutrientes,Adenosina,Não autorizado,Não autorizado,Não autorizado,Não autorizado,Não autorizado,"Mínimo: Não estabelecido

Máximo: 1,2 mg",Não autorizado,Não autorizado,
Substâncias bioativas,Alicina,Não autorizado,Não autorizado,Não autorizado,Não autorizado,Não autorizado,"Mínimo: Não estabelecido

Máximo: 3 mg",Não autorizado,Não autorizado,"1mg de alina equivale a 0,45 mg de alicina"
Aminoácidos,Aminoácido Arginina,Não autorizado,Não autorizado,Não autorizado,Não autorizado,Não autorizado,"Mínimo: Não estabelecido

Máximo: 3.810 mg",Não autorizado,Não autorizado,
Aminoácidos,Aminoácido Glicina,Não autorizado,Não autorizado,Não autorizado,Não autorizado,Não autorizado,"Mínimo: Não estabelecido
Máximo: 2.980 mg",Não autorizado,Não autorizado,
Aminoácidos,Aminoácido Lisina,Não autorizado,Não autorizado,Não autorizado,Não autorizado,Não autorizado,"Mínimo: 315 mg

Máximo: 4.940 mg",Não autorizado,Não autorizado,
Aminoácidos,Aminoácido Triptofano,Não autorizado,Não autorizado,Não autorizado,Não autorizado,Não autorizado,"Mínimo: 42 mg

Máximo: 860 mg",Não autorizado,Não autorizado,
Substâncias bioativas,antocianinas da laranja moro,Não autorizado,Não autorizado,Não autorizado,Não autorizado,Não autorizado,"Mínimo: Não estabelecido

Máximo: 5 mg",Não autorizado,Não autorizado,
Substâncias bioativas,Astaxantina,Não autorizado,Não autorizado,Não autorizado,Não autorizado,Não autorizado,"Mínimo: Não estabelecido

Máximo: 6 mg",Não autorizado,Não autorizado,
Vitaminas,Biotina,"Mínimo: 0,75 μg

Máximo: 7,5 μg","Mínimo: 0,9 μg

Máximo: 9 μg","Mínimo: 1,2 μg

Máximo: 12 μg","Mínimo: 1,8 μg

Máximo: 18 μg","Mínimo: 3,75 μg

Máximo: 37,5 μg","Mínimo: 4,5 μg

Máximo: 45 μg","Mínimo: 5,25 μg

Máximo: 52,5 μg","Mínimo: 4,5 μg

Máximo: 45 μg",
Substâncias bioativas,Cafeína,Não autorizado,Não autorizado,Não autorizado,Não autorizado,Não autorizado,"Mínimo: 75 mg 

 Máximo: 200 mg",Não autorizado,Não autorizado,
Substâncias bioativas,Cafeína,Não autorizado,Não autorizado,Não autorizado,Não autorizado,Não autorizado,"Mínimo: 75 mg

Máximo: 200 mg",Não autorizado,Não autorizado,"É permitida uma recomendação diária de 400 miligramas exclusiva para atletas, desde que a dose individual não ultrapasse 200 miligramas."
Carboidratos,Carboidrato,Não autorizado,Não autorizado,Não autorizado,"Mínimo: 19,5 g  

Máximo: Não estabelecido","Mínimo: 19,5 g

Máximo: Não estabelecido","Mínimo: 19,5 g 

 Máximo: Não estabelecido","Mínimo: 31,5 g 

 Máximo: Não estabelecido","Mínimo: 26,25 g 

Máximo: Não estabelecido",
Carboidratos,Carboidrato,Não autorizado,Não autorizado,Não autorizado,"Mínimo: 19,5 g 

Máximo: Não estabelecido","Mínimo: 19,5 g 

Máximo: Não estabelecido","Mínimo: 19,5 g 

Máximo: Não estabelecido","Mínimo: 31,5 g 

Máximo: Não estabelecido","Mínimo: 26,25 g 

Máximo: Não estabelecido",
Carboidratos,Carboidrato,Não autorizado,Não autorizado,Não autorizado,"Mínimo: 19,5 g 

Máximo: Não estabelecido","Mínimo: 19,5 g 

Máximo: Não estabelecido","Mínimo: 19,5 g 

Máximo: Não estabelecido","Mínimo: 31,5 g 

Máximo: Não estabelecido","Mínimo: 26,25 g
   
Máximo: Não estabelecido",
Carboidratos,Carboidrato,Não autorizado,Não autorizado,Não autorizado,"Mínimo: 19,5 g 

Máximo: Não estabelecido","Mínimo: 19,5 g 

Máximo: Não estabelecido","Mínimo: 19,5 g 

Máximo: Não estabelecido","Mínimo: 31,5 g 

Máximo: Não estabelecido","Mínimo: 26,25 g
 
Máximo: Não estabelecido",
Carboidratos,Carboidrato,Não autorizado,Não autorizado,Não autorizado,"Mínimo: 19,5 g 

Máximo: Não estabelecido","Mínimo: 19,5 g 

Máximo: Não estabelecido","Mínimo: 19,5 g 

Máximo: Não estabelecido","Mínimo: 31,5 g 
Máximo: Não estabelecido","Mínimo: 26,25 g 

Máximo: Não estabelecido",
Carboidratos,Carboidrato,Não autorizado,Não autorizado,Não autorizado,"Mínimo: 19,5 g 

Máximo: Não estabelecido","Mínimo: 19,5 g 

Máximo: Não estabelecido","Mínimo: 19,5 g 

Máximo: Não estabelecido","Mínimo: 31,5 g 
Máximo: Não estabelecido","Mínimo: 26,25 g
 
Máximo: Não estabelecido",
Carboidratos,Carboidrato,Não autorizado,Não autorizado,Não autorizado,"Mínimo: 19,5 g 

Máximo: Não estabelecido","Mínimo: 19,5 g
 
Máximo: Não estabelecido","Mínimo: 19,5 g 

Máximo: Não estabelecido","Mínimo: 31,5 g 

Máximo: Não estabelecido","Mínimo: 26,5 g 

Máximo: Não estabelecido",
Carboidratos,Carboidrato,Não autorizado,Não autorizado,Não autorizado,"Mínimo: 19,5 g 

Máximo: Não estabelecido","Mínimo: 19,5 g

Máximo: Não estabelecido","Mínimo: 19,5 g

Máximo: Não estabelecido","Mínimo: 31,5 g 

  Máximo: Não estabelecido","Mínimo: 26,25 g 
                                  Máximo: Não estabelecido",
Carboidratos,Carboidrato,Não autorizado,Não autorizado,Não autorizado,"Mínimo: 19,5 g

Máximo: Não estabelecido","Mínimo: 19,5 g

 Máximo: Não estabelecido","Mínimo: 19,5 g

Máximo: Não estabelecido","Mínimo: 31,5 g 

Máximo: Não estabelecido","Mínimo: 26,25 g 

Máximo: Não estabelecido",
Carboidratos,Carboidrato,Não autorizado,Não autorizado,Não autorizado,"Mínimo: Não estabelecido

Máximo: 0,60 g","Mínimo: Não estabelecido
Máximo: 1,0 g","Mínimo: Não estabelecido

Máximo: 2,50 g","Mínimo: Não estabelecido

Máximo: 2,10 g","Mínimo: Não estabelecido 

Máximo: 2,10 g"," Para este constituinte, aplicam-se os limites mínimos e máximos específicos para D-ribose estabelecidos nos Anexos III e IV da Instrução Normativa 28/2018."
Carboidratos,Carboidratos,Não autorizado,Não autorizado,Não autorizado,"Mínimo: 19,5 g

Máximo: Não estabelecido","Mínimo: 19,5 g

 Máximo: Não estabelecido","Mínimo: 19,5 g

Máximo: Não estabelecido","Mínimo: 31,5 g 

Máximo: Não estabelecido","Mínimo: 26,25 g 

Máximo: Não estabelecido",
Outros Nutrientes,Carnitina,Não autorizado,Não autorizado,Não autorizado,Não autorizado,Não autorizado,"Mínimo: Não estabelecido

Máximo: 2.000 mg",Não autorizado,Não autorizado,
Outros Nutrientes,Carnitina,Não autorizado,Não autorizado,Não autorizado,Não autorizado,Não autorizado,"Mínimo: Não estabelecido

Máximo: 2.000mg",Não autorizado,Não autorizado,
Substâncias bioativas,Coenzima Q10,Não autorizado,Não autorizado,Não autorizado,Não autorizado,Não autorizado,"Mínimo: Não estabelecido

Máximo: 200 mg",Não autorizado,Não autorizado,
Vitaminas,Colina,Não autorizado,Não autorizado,"Mínimo: 30 mg 

Máximo: 800 mg","Mínimo: 37,5 mg 

Máximo: 750 mg","Mínimo: 82,5 mg 

Máximo: 1.743,56 mg","Mínimo: 82,5 mg 

Máximo: 3.235,15 mg","Mínimo: 88,5 mg 

Máximo: 2.744,88 mg","Mínimo: 67,5 mg 

Máximo: 2.725,10 mg",
Vitaminas,Colina,Não autorizado,Não autorizado,"Mínimo: 30 mg 

Máximo: 800 mg","Mínimo: 37,5 mg
 
Máximo: 750 mg","Mínimo: 82,5 mg 

Máximo: 1.743,56 mg","Mínimo: 82,5 mg 

Máximo: 3.235,15 mg","Mínimo: 88,5 mg 

Máximo: 2.744,88 mg","Mínimo: 67,5 mg 

Máximo: 2.725,10 mg",
Substâncias bioativas,Compostos fenólicos,Não autorizado,Não autorizado,Não autorizado,Não autorizado,Não autorizado,"Mínimo: não estabelecido

Máximo: 300 mg (Limite máximo diário do constituinte.)",Não autorizado,Não autorizado,
Substâncias bioativas,Compostos fenólicos,Não autorizado,Não autorizado,Não autorizado,Não autorizado,Não autorizado,"Mínimo: Não estabelecido

Máximo: Não estabelecido",Não autorizado,Não autorizado,
Substâncias bioativas,Compostos fenólicos de Extrato de polpa de oliva (Olea europaea L.),Não autorizado,Não autorizado,Não autorizado,Não autorizado,Não autorizado,"Mínimo: 16 mg

 Máximo 23,2 mg",Não autorizado,Não autorizado,
Substâncias bioativas,Compostos fenólicos de Opuntia ficus-indica,Não autorizado,Não autorizado,Não autorizado,Não autorizado,Não autorizado,"Mínimo: Não estabelecido

Máximo: 54,6 mg",Não autorizado,Não autorizado,
Outros Nutrientes,Creatina,Não autorizado,Não autorizado,Não autorizado,Não autorizado,Não autorizado,"Mínimo: 3.000 mg

Máximo: 5.000 mg",Não autorizado,Não autorizado,
Lipídeos,DHA,Não autorizado,Não autorizado,Não autorizado,"Lipídeos: Não autorizado

EPA e DHA:
Mínimo: 30 mg
Máximo: 200 mg","Lipídeos: Não autorizado

EPA e DHA:
Mínimo: 37,5 mg
Máximo: 250 mg","Mínimo: 37,5 mg  

Máximo: 2.000 mg","Mínimo: 45mg 

Máximo: 2.000 mg","Mínimo: 45 mg 

Máximo: 2.000 mg","Para Lactantes e Gestantes, quando utilizado EPA + DHA, da recomendação diária de 45 mg, no mínimo 30 mg devem ser de DHA."
Lipídeos,DHA,Não autorizado,Não autorizado,Não autorizado,"Lipídeos: Não autorizado

EPA e DHA:
Mínimo: 30 mg
Máximo: 200 mg","Lipídeos: Não autorizado

EPA e DHA:
Mínimo: 37,5 mg
Máximo: 250 mg","Mínimo: 37,5 mg 

Máximo: 2.000 mg","Mínimo: 45 mg 

Máximo: 2.000 mg","Mínimo: 45 mg 

Máximo: 2.000 mg","Para Lactantes e Gestantes, quando utilizado EPA + DHA, da recomendação diária de 45 mg, no mínimo 30 mg devem ser de DHA."
Lipídeos,DHA,Não autorizado,Não autorizado,Não autorizado,"Lipídeos: Não autorizado

EPA e DHA:
Mínimo: 30 mg
Máximo: 200 mg","Lipídeos: Não autorizado

EPA e DHA:
Mínimo: 37,5 mg
Máximo: 250 mg","Mínimo: 37,5 mg 

Máximo: 2.000 mg","Mínimo: 45mg  

Máximo: 2.000 mg","Mínimo: 45mg 

Máximo: 2.000 mg","Para Lactantes e Gestantes, quando utilizado EPA + DHA, da recomendação diária de 45 mg, no mínimo 30 mg devem ser de DHA."
Lipídeos,DHA,Não autorizado,Não autorizado,Não autorizado,"Lipídeos: Não autorizado

EPA e DHA:
Mínimo: 30 mg
Máximo: 200 mg","Lipídeos: Não autorizado

EPA e DHA:
Mínimo: 37,5 mg
Máximo: 250 mg","Mínimo: 37,5 mg 

Máximo: 2.000 mg","Mínimo: 45mg 

Máximo: 2.000 mg","Mínimo: 45 mg 

Máximo: 2.000 mg","Para Lactantes e Gestantes, quando utilizado EPA + DHA, da recomendação diária de 45 mg, no mínimo 30 mg devem ser de DHA."
Lipídeos,DHA,Não autorizado,Não autorizado,Não autorizado,"Lipídeos: Não autorizado

EPA e DHA:
Mínimo: 30 mg
Máximo: 200 mg","Lipídeos: Não autorizado

EPA e DHA:
Mínimo: 37,5 mg
Máximo: 250 mg","Mínimo: 37,5 mg 

Máximo: 2.000 mg","Mínimo: 45mg 

Máximo: 2.000 mg","Mínimo: 45mg
 
Máximo: 2.000 mg","Para Lactantes e Gestantes, quando utilizado EPA + DHA, da recomendação diária de 45 mg, no mínimo 30 mg devem ser de DHA."
Lipídeos,DHA,Não autorizado,Não autorizado,Não autorizado,"Lipídeos: Não autorizado

EPA e DHA:
Mínimo: 30 mg
Máximo: 200 mg","Lipídeos: Não autorizado

EPA e DHA:
Mínimo: 37,5 mg
Máximo: 250 mg","Mínimo: 37,5mg 

Máximo: 2.000 mg","Mínimo: 45mg 

Máximo: 2.000 mg","Mínimo: 45 mg
 
Máximo: 2.000 mg","Para Lactantes e Gestantes, quando utilizado EPA + DHA, da recomendação diária de 45 mg, no mínimo 30 mg devem ser de DHA."
Enzimas,Enzima Fitase,Não autorizado,Não autorizado,Não autorizado,Não autorizado,Não autorizado,"Mínimo: 190x FTU

Máximo: Não estabelecido",Não autorizado,Não autorizado,"O limite mínimo da recomendação diária de consumo se refere a quantidade mínima a ser fornecida por ocasião individual de consumo recomendada pelo fabricante.
FTU = Unidade de fitase determinada segundo o JECFA (quantidade de enzima que libera 1 micromol de fosfato inorgânico por minuto a partir
de uma solução de 0,0051 mol/L de fitato de sódio a 37°C e pH 5,5)."
Enzimas,Enzima Lactase,Não autorizado,Não autorizado,Não autorizado,Não autorizado,Não autorizado,"Mínimo: 4.500xU.FCC

Máximo: Não estabelecido",Não autorizado,Não autorizado,
Enzimas,Enzima Lactase,Não autorizado,Não autorizado,Não autorizado,Não autorizado,Não autorizado,"Mínimo: 4.500xU.FCC

Máximo: Não estabelecido",Não autorizado,Não autorizado,"O limite mínimo da recomendação diária de consumo se refere a quantidade mínima a ser fornecida por ocasião individual de consumo recomendada pelo fabricante.
U.FCC = Unidade de atividade enzimática determinada segundo o Food Chemical Codex."
Lipídeos,EPA,Não autorizado,Não autorizado,Não autorizado,Não autorizado,Não autorizado,"Mínimo: 37,5mg 
Máximo: 2.000","Mínimo: 45mg 

Máximo: 2.000 mg","Mínimo: 45mg
 
Máximo: 2.000 mg","Para Lactantes e Gestantes, quando utilizado EPA + DHA, da recomendação diária de 45 mg, no mínimo 30 mg devem ser de DHA."
Lipídeos,"EPAe DHA obtido de lisinato de ômega 
3",Não autorizado,Não autorizado,Não autorizado,Não autorizado,Não autorizado,"Mínimo: 37,5 mg 
Máximo: 2000mg",Não autorizado,Não autorizado,
Lipídeos,"EPAe DHA obtido de lisinato de ômega 
3",Não autorizado,Não autorizado,Não autorizado,Não autorizado,Não autorizado,"Mínimo: 37,5 mg
 
Máximo: 2000 mg",Não autorizado,Não autorizado,
Fibras Alimentares,Fibra Alimentar,Não autorizado,Não autorizado,Não autorizado,"Mínimo: 3,75 g 

Máximo: Não estabelecido","Mínimo: 5,7 g 

Máximo: Não estabelecido","Mínimo: 5,7 g 

Máximo: Não estabelecido","Mínimo: 4,4 g 

Máximo: Não estabelecido","Mínimo: 4,2 g 

Máximo: Não estabelecido",
Fibras Alimentares,Fibra Alimentar,Não autorizado,Não autorizado,Não autorizado,"Mínimo: 3,75 g 

Máximo: Não estabelecido","Mínimo: 5,7 g 

Máximo: Não estabelecido","Mínimo: 5,7 g 

Máximo: Não estabelecido","Mínimo: 4,4 g 

Máximo: Não estabelecido","Mínimo: 4,2 g 
Máximo: Não estabelecido",
Fibras Alimentares,Fibra Alimentar,Não autorizado,Não autorizado,Não autorizado,"Mínimo: 3,75 g 

Máximo: Não estabelecido","Mínimo: 5,7 g 

Máximo: Não estabelecido","Mínimo: 5,7 g 

Máximo: Não estabelecido","Mínimo: 4,4 g 

Máximo: Não estabelecido","Mínimo: 4,2 g
 
Máximo: Não estabelecido",
Fibras Alimentares,Fibra Alimentar,Não autorizado,Não autorizado,Não autorizado,"Mínimo: 3,75 g 

Máximo: Não estabelecido","Mínimo: 5,7 g 

Máximo: Não estabelecido","Mínimo: 5,7 g 

Máximo: Não estabelecido","Mínimo: 4,4 g
 
Máximo: Não estabelecido","Mínimo: 4,2 g 

Máximo: Não estabelecido",
Fibras Alimentares,Fibra Alimentar,Não autorizado,Não autorizado,Não autorizado,"Mínimo: 3,75 g 

Máximo: Não estabelecido","Mínimo: 5,7 g 

Máximo: Não estabelecido","Mínimo: 5,7 g 

Máximo: Não estabelecido","Mínimo: 4,4g 

Máximo: Não estabelecido","Mínimo: 4,2 g 

Máximo: Não estabelecido",
Fibras Alimentares,Fibra Alimentar,Não autorizado,Não autorizado,Não autorizado,"Mínimo: 3,75 g 

Máximo: Não estabelecido","Mínimo: 5,7 g 
Máximo: Não estabelecido","Mínimo: 5,7 g 

Máximo: Não estabelecido","Mínimo: 4,4 g 

Máximo: Não estabelecido","Mínimo: 4,2 g 

Máximo: Não estabelecido",
Fibras Alimentares,Fibra Alimentar,Não autorizado,Não autorizado,Não autorizado,"Mínimo: 3,75 g 

Máximo: Não estabelecido","Mínimo: 5,7 g
 
Máximo: Não estabelecido","Mínimo: 5,7 g 

Máximo: Não estabelecido","Mínimo: 4,4 g 

Máximo: Não estabelecido","Mínimo: 4,2 g 

Máximo: Não estabelecido",
Fibras Alimentares,Fibra Alimentar,Não autorizado,Não autorizado,Não autorizado,"Mínimo: 3,75 g 
Máximo: Não estabelecido","Mínimo: 5,7 g 

Máximo: Não estabelecido","Mínimo: 5,7 g 

Máximo: Não estabelecido","Mínimo: 4,4 g 

Máximo: Não estabelecido","Mínimo: 4,2 g 

Máximo: Não estabelecido",
Fibras Alimentares,Fibra Alimentar,Não autorizado,Não autorizado,Não autorizado,"Mínimo: 3,75 g 
Máximo: Não estabelecido","Mínimo: 5,7 g
 
Máximo: Não estabelecido","Mínimo: 5,7 g 

Máximo: Não estabelecido","Mínimo: 4,4 g 

Máximo: Não estabelecido","Mínimo: 4,2 g
 
Máximo: Não estabelecido",
Fibras Alimentares,Fibra Alimentar,Não autorizado,Não autorizado,Não autorizado,"Mínimo: 3,75 g
 
Máximo: Não estabelecido","Mínimo: 5,7 g 

Máximo: Não estabelecido","Mínimo: 5,7 g 

Máximo: Não estabelecido","Mínimo: 4,4 g 

Máximo: Não estabelecido","Mínimo: 4,2 g 

Máximo: Não estabelecido",
Fibras Alimentares,Fibra Alimentar,Não autorizado,Não autorizado,Não autorizado,"Mínimo: 3,75 g/dia

Máximo: Não estabelecido","Mínimo: 5,7 g/dia

Máximo: Não estabelecido","Mínimo: 5,7 g/dia

Máximo: Não estabelecido","Mínimo: 4,4 g/dia

Máximo: Não estabelecido","Mínimo: 4,2 g/dia

Máximo: Não estabelecido",
Fibras Alimentares,Fibra Alimentar,Não autorizado,Não autorizado,Não autorizado,"Mínimo: Não estabelecido

Máximo: 3 g","Mínimo: Não estabelecido

Máximo: 3 g","Mínimo: Não estabelecido

Máximo: 3 g","Mínimo: Não estabelecido

Máximo: 3 g","Mínimo: Não estabelecido

Máximo: 3 g",
Fibras Alimentares,Fibra Alimentar,Não autorizado,Não autorizado,Não autorizado,Não autorizado,"Mínimo: 10 g/ dia 

Máximo: Não estabelecido","Mínimo: 10 g/dia 

Máximo: Não estabelecido",Não autorizado,Não autorizado,
Fibras Alimentares,Fibra Alimentar em suplementos alimentares,Não autorizado,Não autorizado,Não autorizado,"Mínimo: 3,75 g

Máximo: Não estabelecido","Mínimo: 5,7 g

Máximo: Não estabelecido","Mínimo: 5,7 g

Máximo: Não estabelecido",Não autorizado,Não autorizado,
Fibras Alimentares,"Fibra Alimentar, proteína e manganês.",Não autorizado,Não autorizado,Não autorizado,Não autorizado,Não autorizado,"Proteínas:
Mínimo 8,4 g

Máximo: Não estabelecido

Fibras:
Mínimo 5,7 g

Máximo: Não estabelecido

Manganês:
Mínimo: 0,35 mg 

Máximo: 1,66 mg",Não autorizado,Não autorizado,
Substâncias bioativas,Fitoesterois e fitoestanois,Não autorizado,Não autorizado,Não autorizado,Não autorizado,Não autorizado,"Mínimo: 0,8 g

Máximo: 3 g",Não autorizado,Não autorizado,
Lipídeos,Fonte de ácido alfa-linolênico (ALA) e ácido estearidônico (SDA),Não autorizado,Não autorizado,Não autorizado,Não autorizado,Não autorizado,"Mínimo: Não estabelecido   
                                                      Máximo: 420 mg de ácido estearidônico (SDA)",Não autorizado,Não autorizado,
Lipídeos,Fonte de Ácido alfa-linolênico n-3,Não autorizado,Não autorizado,Não autorizado,"Mínimo: 0,135 g
Máximo: 1,35 g","Mínimo: 0,24 g
Máximo: 2,4 g","Mínimo: 0,24 g/dia
 Máximo: 2,4 g/dia","Mínimo: 0,195 g 
Máximo: 1,95 g","Mínimo: 0,21 g  
Máximo: 2,1 g",
Substâncias bioativas,Fonte de ácido gama aminobutírico (GABA),Não autorizado,Não autorizado,Não autorizado,Não autorizado,Não autorizado,Mínimo: 50 mg; Máximo: 300 mg,Não autorizado,Não autorizado,
Substâncias bioativas,Fonte de Ácido hialurônico,Não autorizado,Não autorizado,Não autorizado,Não autorizado,Não autorizado,"Mínimo: 3,5 mg 

 Máximo: 157,7 mg",Não autorizado,Não autorizado,
Vitaminas,Fonte de Ácido pantotênico,"Mínimo: 0,255 mg
 
Máximo: 2,55 mg","Mínimo: 0,27 mg 

Máximo: 2,7 mg","Mínimo: 0,3 mg 

Máximo: 3 mg","Mínimo: 0,45 mg 

Máximo: 4,5 mg","Mínimo: 0,75 mg
 
Máximo: 5,39 mg","Mínimo: 0,75 mg 

Máximo: 5,64 mg","Mínimo: 1,05 mg 

Máximo: 5,49 mg","Mínimo: 0,9 mg 

Máximo: 5,83 mg",
Substâncias bioativas,Fonte de Alfa-Casozepina,Não autorizado,Não autorizado,Não autorizado,Não autorizado,Não autorizado,"Mínimo: 2,7 mg 

 Máximo: 21 mg",Não autorizado,Não autorizado,
Substâncias bioativas,Fonte de Antocianinas da casca de jabuticaba,Não autorizado,Não autorizado,Não autorizado,Não autorizado,Não autorizado,"Mínimo: 5 mg
Máximo: 28 mg",Não autorizado,Não autorizado,
Substâncias bioativas,Fonte de Arabinogalactana,Não autorizado,Não autorizado,Não autorizado,Não autorizado,Não autorizado,"Mínimo: 4,5 g 

Máximo: 20 g",Não autorizado,Não autorizado,
Probióticos,"Fonte de Bacillus Clausii O/C (CNCM-I-276), SIN (CNCM-I-275), N/R (CNCM-I-274), T (CNCM-I-273)","Mínimo: 4 x 10^9 esporos/ porção diária

Máximo: Não estabelecido","Mínimo: 4 x 10^9 esporos/ porção diária

Máximo: Não estabelecido","Mínimo: 4 x 10^9 esporos/ porção diária

Máximo: Não estabelecido","Mínimo: 4 x 10^9 esporos/ porção diária 

Máximo: não estabelecido","Mínimo: 4 x 10^9 esporos/ porção diária

 Máximo: Não estabelecido","Mínimo: 4 a 6 x 10^9 esporos/ porção diária 

Máximo: Não estabelecido",Não autorizado,Não autorizado,"Os suplementos alimentares contendo probióticos têm obrigatoriedade de registro, conforme Resolução RDC Anvisa nº 240/2018."
Probióticos,Fonte de Bacillus clausii UBBC-07,Não autorizado,"Mínimo: 4 X 10^9 

Máximo : Não estabelecido","Mínimo: 4 X 10^9

Máximo: Não estabelecido","Mínimo: 4 X 10^9

Máximo : não estabelecido","Mínimo: 4 X 10^9

Máximo : não estabelecido","Mínimo: 4 X 10^9

 Máximo : não estabelecido",Não autorizado,Não autorizado,
Probióticos,Fonte de Bacillus coagulans GBI-30 6086,Não autorizado,Não autorizado,Não autorizado,"Mínimo: 8,0 x 10^8 UFC/dia 

Máximo: Não estabelecido","Mínimo: 8,0 x 10^8 UFC/dia

Máximo: Não estabelecido","Mínimo: 8,0 x 10^8 UFC/dia

Máximo: Não estabelecido",Não autorizado,Não autorizado,"Os suplementos alimentares contendo probióticos têm obrigatoriedade de registro, conforme Resolução RDC Anvisa nº 240/2018."
Probióticos,Fonte de Bacillus subtilis HU58 (NCIMB 30283),Não autorizado,Não autorizado,Não autorizado,Não autorizado,Não autorizado,"Mínimo: 2 x 10^9 UFC/dia

Máximo: Não establecido",Não autorizado,Não autorizado,
Substâncias bioativas,Fonte de Beta-glucana,Não autorizado,Não autorizado,Não autorizado,"Mínimo: 175 mg 

Máximo: 675 mg","Mínimo: 175 mg 

Máximo: 675 mg","Mínimo: 175 mg
 
Máximo: 1.275 mg","Mínimo: 175 mg 

Máximo: 1.275 mg","Mínimo: 175 mg 

Máximo: 1275 mg",
Substâncias bioativas,Fonte de Beta-glucana de alga Euglena gracilis,Não autorizado,Não autorizado,Não autorizado,Não autorizado,Não autorizado,"Mínimo: Não estabelecido 

Máximo: 244 mg",Não autorizado,Não autorizado,
Substâncias bioativas,Fonte de Beta-glucana de alga Euglena gracilis,Não autorizado,Não autorizado,Não autorizado,Não autorizado,Não autorizado,"Mínimo: Não estabelecido

 Máximo: 244 mg",Não autorizado,Não autorizado,
Probióticos,"Fonte de Bifidobacterium animalis subespécie lactis HN019 (ATCC SD5674), Lactobacillus acidophilus NCFM (ATCC SD5221), Lactobacillus rhamnosus HN001 /Lacticaseibacillus rhamnosus HN001 (ATCC SD5675) e Lactobacillus paracasei LPC-37 /Lacticaseibacillus paracasei LPC-37 (ATCC SD5275)",Não autorizado,Não autorizado,Não autorizado,Não autorizado,Não autorizado,"Mínimo 4 x 10^9 UFC/dia da associação de linhagens, sendo 1 x 10^9 UFC/dia de cada linhagem

Máximo: não estabelecido",Não autorizado,Não autorizado,"Os suplementos alimentares contendo probióticos têm obrigatoriedade de registro, conforme Resolução RDC Anvisa nº 240/2018."
Probióticos,Fonte de Bifidobacterium animalis subsp. lactis (DSM 15954),"Mínimo: 1 x 10^9 UFC/dia

Máximo: Não estabelecido","Mínimo: 1 x 10^9 UFC/dia

 Máximo: Não estabelecido","Mínimo: 1 x 10^9 UFC/dia

 Máximo: não estabelecido","Mínimo: 1 x 10^9 UFC/dia

Máximo: não estabelecido","Mínimo: 1 x 10^9 UFC/dia

Máximo: não estabelecido","Mínimo: 1 x 10^9 UFC/dia

 Máximo: Não estabelecido",Não autorizado,"Mínimo: 1 x 10^9 UFC/dia 

 Máximo: Não estabelecido","Os suplementos alimentares contendo probióticos têm obrigatoriedade de registro, conforme Resolução RDC Anvisa nº 240/2018."
Probióticos,Fonte de Bifidobacterium animalis subsp. lactis BB12 (DSM 15954),"Mínimo: 1 x 10^9 UFC/dia

Máximo: Não estabelecido","Mínimo: 1 x 10^9 UFC/dia

 Máximo: Não estabelecido","Mínimo: 1 x 10^9 UFC/dia

 Máximo: não estabelecido","Mínimo: 1 x 10^9 UFC/dia

Máximo: não estabelecido","Mínimo: 1 x 10^9 UFC/dia

Máximo: não estabelecido","Mínimo: 1 x 10^9 UFC/dia

 Máximo: Não estabelecido",Não autorizado,"Mínimo: 1 x 10^9 UFC/dia 

 Máximo: Não estabelecido","Os suplementos alimentares contendo probióticos têm obrigatoriedade de registro, conforme Resolução RDC Anvisa nº 240/2018."
Probióticos,Fonte de Bifidobacterium animalis subsp. lactis CCT 7858,Não autorizado,Não autorizado,Não autorizado,Não autorizado,Não autorizado,"Mínimo: 1 x 10^9 UFC/dia

Máximo: Não estabelecido",Não autorizado,Não autorizado,
Probióticos,Fonte de Bifidobacterium animalis subsp. lactis HN019 (ATCC SD5674),Não autorizado,Não autorizado,Não autorizado,Não autorizado,Não autorizado,"Mínimo: 2 x 10^9 UFC/dia

Máximo: Não estabelecido",Não autorizado,Não autorizado,"Os suplementos alimentares contendo probióticos têm obrigatoriedade de registro, conforme Resolução RDC Anvisa nº 240/2018."
Probióticos,"Fonte de Bifidobacterium animalis subsp. lactis HN019 (ATCC SD5674), Lactobacillus acidophilus NCFM (ATCC SD5221), Lactobacillus rhamnosus HN001 (ATCC SD5675), Lactobacillus paracasei Lpc-37 (ATCC SD5275) e Fruto-oligossacarídeos (FOS)",Não autorizado,Não autorizado,Não autorizado,"Mínimo: 8 x 109 UFC/dia, sendo 2 x 109 UFC/dia de Bifidobacterium animalis subsp. lactis HN019 (ATCC SD5674),  2 x 109 UFC/dia de Lactobacillus acidophilus NCFM (ATCC SD5221), 2 x 109 UFC/dia de Lactobacillus rhamnosus HN001 (ATCC SD5675), 2 x 109 UFC/dia de Lactobacillus paracasei Lpc-37 (ATCC SD5275) e 12 g de FOS.

Máximo Não estabelecido","Mínimo: 8 x 109 UFC/dia, sendo 2 x 109 UFC/dia de Bifidobacterium animalis subsp. lactis HN019 (ATCC SD5674), 2 x 109 UFC/dia de Lactobacillus acidophilus NCFM (ATCC SD5221), 2 x 109 UFC/dia de Lactobacillus rhamnosus HN001 (ATCC SD5675), 2 x 109 UFC/dia de Lactobacillus paracasei Lpc-37 (ATCC SD5275) e 12 g de FOS.

Máximo: Não estabelecido","Mínimo: 8 x 109 UFC/dia, sendo 2 x 109 UFC/dia de Bifidobacterium animalis subsp. lactis HN019 (ATCC SD5674), 2 x 109 UFC/dia de Lactobacillus acidophilus NCFM (ATCC SD5221), 2 x 109 UFC/dia de Lactobacillus rhamnosus HN001 (ATCC SD5675), 2 x 109 UFC/dia de Lactobacillus paracasei Lpc-37 (ATCC SD5275) e 12 g de FOS.

Máximo: Não estabelecido",Não autorizado,Não autorizado,
Probióticos,Fonte de Bifidobacterium animalis subsp. lactis LAFTI B94 (CBS-118529),"Autorizado apenas a partir de 5 meses de idade

Mínimo: 5 x 10^9 UFC de Bifidobacterium animalis subesp. lactis LAFTI B94 quando associado a 900 mg de inulina; ou 10 x 10^9
UFC de Bifidobacterium animalis subesp. lactis LAFTI B94 quando a linhagem for usada isoladamente                                                                 

Máximo: Não estabelecido","Mínimo: 5 x 10^9 UFC de Bifidobacterium animalis subesp. lactis LAFTI B94 quando associado a 900 mg de inulina; ou 10 x 10^9
UFC de Bifidobacterium animalis subesp. lactis LAFTI B94 quando a linhagem for usada isoladamente

Máximo: Não estabelecido","Mínimo: 5 x 10^9 UFC de Bifidobacterium animalis subesp. lactis LAFTI B94 quando associado a 900 mg de inulina; ou 10 x 10^9
UFC de Bifidobacterium animalis subesp. lactis LAFTI B94 quando a linhagem for usada isoladamente

Máximo: Não estabelecido","Mínimo: 5 x 10^9 UFC de Bifidobacterium animalis subesp. lactis LAFTI B94 quando associado a 900 mg de inulina; ou 10 x 10^9
UFC de Bifidobacterium animalis subesp. lactis LAFTI B94 quando a linhagem for usada isoladamente 

Máximo: Não estabelecido","Mínimo: 5 x 10^9 UFC de Bifidobacterium animalis subesp. lactis LAFTI B94 quando associado a 900 mg de inulina; ou 10 x 10^9
UFC de Bifidobacterium animalis subesp. lactis LAFTI B94 quando a linhagem for usada isoladamente
                           Máximo: Não estabelecido","Mínimo: 5 x 10^9 UFC de Bifidobacterium animalis subesp. lactis LAFTI B94 quando associado a 900 mg de inulina; ou 10 x 10^9
UFC de Bifidobacterium animalis subesp. lactis LAFTI B94 quando a linhagem for usada isoladamente 

 Máximo: Não estabelecido",Não autorizado,Não autorizado,
Probióticos,Fonte de Bifidobacterium lactis (NCC 2818),"Mínimo: 1 x 10^9 UFC/dia

Máximo: Não estabelecido","Mínimo: 1 x 10^9 UFC/dia 

  Máximo: não estabelecido","Mínimo: 1 x 10^9 UFC/dia

 Máximo: não estabelecido",Não autorizado,Não autorizado,Não autorizado,Não autorizado,Não autorizado,"Os suplementos alimentares contendo probióticos têm obrigatoriedade de registro, conforme Resolução RDC Anvisa nº 240/2018."
Probióticos,"Fonte de Bifidobacterium lactis BI-07 (ATCC SD5220), de Lactobacillus acidophilus NCFM (ATCC SD5221), de Bifidobacterium lactis BI-04 (ATCC SD5219) e de Lactobacillus paracasei Lpc-37 /Lacticaseibacillus paracasei LPC-37 (ATCC SD5275)",Não autorizado,Não autorizado,Não autorizado,Não autorizado,Não autorizado,"Mínimo: 1,7 x 10^10 UFC/dia (sendo 4,25 x 10^9 UFC de cada linhagem) 

 Máximo: Não estabelecido",Não autorizado,Não autorizado,"Os suplementos alimentares contendo probióticos têm obrigatoriedade de registro, conforme Resolução RDC Anvisa nº 240/2018."
Probióticos,"Fonte de Bifidobacterium lactis HN019 (ATCC SD 5674), Lactobacillus acidophilus NCFM (ATCC SD
5221), Lactobacillus rhamnosus HN001 / Lacticaseibacillus rhamnosus HN001 (ATCC SD 5675), Lactobacillus paracasei Lpc-37 /
Lacticaseibacillus paracasei Lpc-37 (ATCC SD 5275) e Fruto-oligossacarídeos (FOS)",Não autorizado,Não autorizado,Não autorizado,Não autorizado,Não autorizado,"Mínimo: 8 x 10^9 UFC/dia, sendo 2 x 10^9 UFC/dia de cada
linhagem, juntamente com 12g de Fruto-oligossacarídeos (FOS)

 Máximo: Não estabelecido",Não autorizado,Não autorizado,
Probióticos,Fonte de Bifidobacterium longum e Pediococcus pentosaceus,"Apenas para lactentes de 0 a 3 meses

Mínimo: 1x10^9 UFC/dia da associação de linhagens (proporção 1:1), sendo 5x10^8 UFC/dia de cada linhagem

Máximo: não estabelecido",Não autorizado,Não autorizado,Não autorizado,Não autorizado,Não autorizado,Não autorizado,Não autorizado,"Os suplementos alimentares contendo probióticos têm obrigatoriedade de registro, conforme Resolução RDC Anvisa nº 240/2018."
Probióticos,Fonte de Bifidobacterium longum subsp. longum BB536,Não autorizado,Não autorizado,Não autorizado,Não autorizado,Não autorizado,"Mínimo: 2 x 10^9 UFC/dia

Máximo: Não estabelecido",Não autorizado,Não autorizado,
Probióticos,"Fonte de Bifidobacterium longum subsp. longum BB536,
Bifidobacterium longum subsp. infantis M-63 e Bifidobacterium breve M-16V""",Não autorizado,Não autorizado,Não autorizado,"Mínimo: 5 x 10 9, sendo 3 x 10 9d e B. longum subsp. longum, 1 x 10 9 d e B. longum subsp. infantis e 1 x 10 9 de B. breve

Máximo: Não estabelecido","Mínimo: 5 x 10 9, sendo 3 x 10 9d e B. longum subsp. longum, 1 x 10 9 d e B. longum subsp. infantis e 1 x 10 9 de B. breve

Máximo: Não estabelecido",Não autorizado,Não autorizado,Não autorizado,
Substâncias bioativas,Fonte de Boro,Não autorizado,Não autorizado,Não autorizado,Não autorizado,Não autorizado,"Mínimo: Não estabelecido 

Máximo: 8,866 mg/dia (equivalente ao máximo de 75,33mg de tetraborato de sódio decahidratado / dia)",Não autorizado,Não autorizado,
Substâncias bioativas,Fonte de Boro,Não autorizado,Não autorizado,Não autorizado,Não autorizado,Não autorizado,"Mínimo: Não estabelecido

Máximo: 8,866 mg/dia",Não autorizado,Não autorizado,
Substâncias bioativas,Fonte de cafeína,Não autorizado,Não autorizado,Não autorizado,Não autorizado,Não autorizado,"Mínimo: 75 mg

Máximo: 200 mg",Não autorizado,Não autorizado,
Minerais,Fonte de Cálcio,"Mínimo: 30 mg 

Máximo: 800 mg","Mínimo: 39 mg 

Máximo: 1.240 mg","Mínimo: 105 mg 

Máximo: 1.800 mg","Mínimo: 150 mg 

Máximo: 1.500 mg","Mínimo: 195 mg 

Máximo: 2.516,59 mg","Mínimo: 180 mg 

Máximo: 1.534,67 mg","Mínimo: 195 mg 

Máximo: 2.082,58 mg","Mínimo: 195 mg 

Máximo: 2.015,51 mg","A razão mínima de cálcio/fósforo deve ser de 1:1 e a razão máxima de 2:1, quando os dois minerais estiverem presentes no produto."
Minerais,Fonte de Cálcio,"Mínimo: 30 mg 

Máximo: 800 mg","Mínimo: 39 mg 

Máximo: 1.240 mg","Mínimo: 105 mg 

Máximo: 1.800 mg","Mínimo: 150 mg 

Máximo: 1.500 mg","Mínimo: 195 mg 

Máximo: 2.516,59 mg","Mínimo: 180 mg 

Máximo: 1.534,67 mg","Mínimo: 195 mg 

Máximo: 2.082,58 mg","Mínimo: 195 mg 

Máximo: 2.015,51mg","A razão mínima de cálcio/fósforo deve ser de 1:1 e a razão máxima de 2:1, quando os dois minerais estiverem presentes no produto."
Minerais,Fonte de Cálcio,"Mínimo: 30 mg 

Máximo: 800 mg","Mínimo: 39 mg 

Máximo: 1.240 mg","Mínimo: 105 mg 

Máximo: 1.800 mg","Mínimo: 150 mg 

Máximo: 1.500 mg","Mínimo: 195 mg 

Máximo: 2.516,59 mg","Mínimo: 180 mg 

Máximo: 1.534,67mg","Mínimo: 195 mg 

Máximo: 2.082,58 mg","Mínimo: 195 mg 

Máximo: 2.015,51 mg","A razão mínima de cálcio/fósforo deve ser de 1:1 e a razão máxima de 2:1, quando os dois minerais estiverem presentes no produto."
Minerais,Fonte de Cálcio,"Mínimo: 30 mg 

Máximo: 800 mg","Mínimo: 39 mg 

Máximo: 1.240 mg","Mínimo: 105 mg 

Máximo: 1.800 mg","Mínimo: 150 mg 

Máximo: 1.500 mg","Mínimo: 195 mg 

Máximo: 2.516,59 mg","Mínimo: 180mg
 
Máximo: 1.534,67 mg","Mínimo: 195 mg 

Máximo: 2.082,58 mg","Mínimo: 195 mg 

Máximo: 2.015,51 mg","A razão mínima de cálcio/fósforo deve ser de 1:1 e a razão máxima de 2:1, quando os dois minerais estiverem presentes no produto."
Minerais,Fonte de Cálcio,"Mínimo: 30 mg 

Máximo: 800 mg","Mínimo: 39 mg 

Máximo: 1.240 mg","Mínimo: 105 mg 

Máximo: 1.800 mg","Mínimo: 150 mg 

Máximo: 1.500 mg","Mínimo: 195 mg
 
Máximo: 2.516,59 mg","Mínimo: 180mg 

Máximo: 1.534,67 mg","Mínimo: 195 mg 

Máximo: 2.082,58 mg","Mínimo: 195 mg 

Máximo: 2.015,51 mg","A razão mínima de cálcio/fósforo deve ser de 1:1 e a razão máxima de 2:1, quando os dois minerais estiverem presentes no produto."
Minerais,Fonte de Cálcio,"Mínimo: 30 mg 

Máximo: 800 mg","Mínimo: 39 mg 

Máximo: 1.240 mg","Mínimo: 105 mg 

Máximo: 1.800 mg","Mínimo: 150 mg
 
Máximo: 1.500 mg","Mínimo: 195 mg 

Máximo: 2.516,59 mg","Mínimo: 180 mg 

Máximo: 1.534,67 mg","Mínimo: 195 mg 

Máximo: 2.082,58 mg","Mínimo: 195 mg 

Máximo: 2.015,51 mg","A razão mínima de cálcio/fósforo deve ser de 1:1 e a razão máxima de 2:1, quando os dois minerais estiverem presentes no produto."
Minerais,Fonte de Cálcio,"Mínimo: 30 mg 

Máximo: 800 mg","Mínimo: 39 mg 

Máximo: 1.240 mg","Mínimo: 105 mg 

Máximo: 1.800 mg","Mínimo: 150 mg
 
Máximo: 1.500 mg","Mínimo: 195 mg 

Máximo: 2.516,59 mg","Mínimo: 180 mg 

Máximo: 1.534,67mg","Mínimo: 195 mg 

Máximo: 2.082,58 mg","Mínimo: 195 mg 

Máximo: 2.015,51 mg","A razão mínima de cálcio/fósforo deve ser de 1:1 e a razão máxima de 2:1, quando os dois minerais estiverem presentes no produto."
Minerais,Fonte de Cálcio,"Mínimo: 30 mg 

Máximo: 800 mg","Mínimo: 39 mg
 
Máximo: 1.240 mg","Mínimo: 105 mg 

Máximo: 1.800 mg","Mínimo: 150 mg 

Máximo: 1.500 mg","Mínimo: 195 mg 

Máximo: 2.516,59 mg","Mínimo: 180 mg 

Máximo: 1.534,67 mg","Mínimo: 195 mg 

Máximo: 2.082,58 mg","Mínimo: 195 mg
 
Máximo: 2.015,51 mg","A razão mínima de cálcio/fósforo deve ser de 1:1 e a razão máxima de 2:1, quando os dois minerais estiverem presentes no produto."
Minerais,Fonte de Cálcio,"Mínimo: 30 mg
 
Máximo: 800 mg","Mínimo: 39 mg 

Máximo: 1.240 mg","Mínimo: 105 mg 

Máximo: 1.800 mg","Mínimo: 150 mg
 
Máximo: 1.500 mg","Mínimo: 195 mg 

Máximo: 2.516,59 mg","Mínimo: 180 mg 

Máximo: 1.534,67 mg","Mínimo: 195 mg 

Máximo: 2.082,58 mg","Mínimo: 195 mg 

Máximo: 2.015,51 mg","A razão mínima de cálcio/fósforo deve ser de 1:1 e a razão máxima de 2:1, quando os dois minerais estiverem presentes no produto."
Minerais,Fonte de Cálcio,"Mínimo: 30 mg
 
Máximo: 800 mg","Mínimo: 39 mg 

Máximo: 1.240mg","Mínimo: 105 mg 

Máximo: 1.800 mg","Mínimo: 150 mg 

Máximo: 1.500 mg","Mínimo: 195 mg 

Máximo: 2.516,59 mg","Mínimo: 180 mg
 
Máximo: 1.534,67 mg","Mínimo: 195 mg 

Máximo: 2.082,58 mg","Mínimo: 195 mg
 
Máximo: 2.015,51 mg","A razão mínima de cálcio/fósforo deve ser de 1:1 e a razão máxima de 2:1, quando os dois minerais estiverem presentes no produto."
Minerais,Fonte de Cálcio,"Mínimo: 30 mg

Máximo: 800 mg","Mínimo: 39 mg 

Máximo: 1.240 mg","Mínimo: 105 mg 

Máximo: 1.800 mg","Mínimo: 150 mg 

Máximo: 1.500 mg","Mínimo: 195 mg 

Máximo: 2.516,59 mg","Mínimo: 180mg 

Máximo: 1.534,67mg","Mínimo: 195 mg 

Máximo: 2.082,58 mg","Mínimo: 195 mg 

Máximo: 2.015,51 mg","A razão mínima de cálcio/fósforo deve ser de 1:1 e a razão máxima de 2:1, quando os dois minerais estiverem presentes no produto."
Minerais,Fonte de Cálcio,Não autorizado,Não autorizado,Não autorizado,"Mínimo: 150 mg 

Máximo: 1.500 mg","Mínimo: 195 mg 

Máximo: 2.516,59 mg","Mínimo: 180 mg  

Máximo: 1.534,67 mg","Mínimo: 195 mg 

Máximo: 2.082,58 mg","Mínimo: 195 mg 

Máximo: 2.015,51 mg","A razão mínima de cálcio/fósforo deve ser de 1:1 e a razão máxima de 2:1, quando os dois minerais estiverem presentes no produto."
Minerais,Fonte de Cálcio,Não autorizado,Não autorizado,Não autorizado,"Mínimo: 150 mg 

Máximo: 1.500 mg","Mínimo: 195 mg 

Máximo: 2.516,59 mg","Mínimo: 180 mg 

Máximo: 1.534,67 mg","Mínimo: 195 mg 

Máximo: 2.082,58 mg","Mínimo: 195 mg 

Máximo: 2.015,51 mg","A razão mínima de cálcio/fósforo deve ser de 1:1 e a razão máxima de 2:1, quando os dois minerais estiverem presentes no produto."
Minerais,Fonte de Cálcio,Não autorizado,Não autorizado,Não autorizado,"Mínimo: 150 mg 

Máximo: 1.500 mg","Mínimo: 195 mg 

Máximo: 2.516,59 mg","Mínimo: 180 mg 

Máximo: 1.534,67 mg","Mínimo: 195 mg 

Máximo: 2.082,58mg","Mínimo: 195 mg 

Máximo: 2.015,51mg","A razão mínima de cálcio/fósforo deve ser de 1:1 e a razão máxima de 2:1, quando os dois minerais estiverem presentes no produto."
Minerais,Fonte de Cálcio,Não autorizado,Não autorizado,Não autorizado,"Mínimo: 150 mg 

Máximo: 1.500 mg","Mínimo: 195 mg 

Máximo: 2.516,59 mg","Mínimo: 180mg 

Máximo: 1.534,67mg","Mínimo: 195 mg 

Máximo: 2.082,58 mg","Mínimo: 195 mg 

Máximo: 2,015,51 mg","A razão mínima de cálcio/fósforo deve ser de 1:1 e a razão máxima de 2:1, quando os dois minerais estiverem presentes no produto."
Minerais,Fonte de Cálcio,Não autorizado,Não autorizado,Não autorizado,"Mínimo: 150 mg 

Máximo: 1.500 mg","Mínimo: 195 mg
 
Máximo: 2.516,59 mg","Mínimo: 180 mg 

Máximo: 1.534,67 mg","Mínimo: 195 mg 

Máximo: 2.082,58 mg","Mínimo: 195 mg 

Máximo: 2.015,51 mg",
Minerais,Fonte de Cálcio,Não autorizado,Não autorizado,Não autorizado,"Mínimo: 150 mg
 
Máximo: 1.500 mg","Mínimo: 195 mg 

Máximo: 2.516,59 mg","Mínimo: 180 mg 

Máximo: 1.534,67 mg","Mínimo: 195 mg 

Máximo: 2.082,58 mg","Mínimo: 195 mg 

Máximo: 2,015,51 mg","A razão mínima de cálcio/fósforo deve ser de 1:1 e a razão máxima de 2:1, quando os dois minerais estiverem presentes no produto."
Minerais,Fonte de Cálcio,Não autorizado,Não autorizado,Não autorizado,"Mínimo: 150 mg
 
Máximo: 1.500 mg","Mínimo: 195 mg 

Máximo: 2.516,59 mg","Mínimo: 180 mg 

Máximo: 1.534,67 mg","Mínimo: 195 mg 

Máximo: 2.082,58 mg","Mínimo: 195 mg 

Máximo: 2.015,51 mg","A razão mínima de cálcio/fósforo deve ser de 1:1 e a razão máxima de 2:1, quando os dois minerais estiverem presentes no produto."
Minerais,Fonte de Cálcio,Não autorizado,Não autorizado,Não autorizado,"Mínimo: 150 mg
 
Máximo: 1.500 mg","Mínimo: 195 mg 

Máximo: 2.516,59 mg","Mínimo: 180 mg
 
Máximo: 1.534,67 mg","Mínimo: 195 mg 

Máximo: 2.082,58 mg","Mínimo: 195 mg
 
Máximo: 2.015,51 mg","A razão mínima de cálcio/fósforo deve ser de 1:1 e a razão máxima de 2:1, quando os dois minerais estiverem presentes no produto."
Minerais,Fonte de Cálcio,Não autorizado,Não autorizado,Não autorizado,"Mínimo: 150 mg
 
Máximo: 1.500 mg","Mínimo: 195 mg 

Máximo: 2.516,59 mg","Mínimo: 180mg 

Máximo: 1.534,67 mg","Mínimo: 195 mg 

Máximo: 2.082,58 mg","Mínimo: 195 mg 

Máximo: 2.015,51 mg","A razão mínima de cálcio/fósforo deve ser de 1:1 e a razão máxima de 2:1, quando os dois minerais estiverem presentes no produto."
Minerais,Fonte de Cálcio,Não autorizado,Não autorizado,Não autorizado,"Mínimo: 150 mg
 
Máximo: 1.500 mg","Mínimo: 195 mg
 
Máximo: 2.516,59 mg","Mínimo: 180 mg
 
Máximo: 1.534,67 mg","Mínimo: 195 mg 

Máximo: 2.082,58 mg","Mínimo: 195 mg 

Máximo: 2.015,51 mg","A razão mínima de cálcio/fósforo deve ser de 1:1 e a razão máxima de 2:1, quando os dois minerais estiverem presentes no produto."
Minerais,Fonte de Cobre,Não autorizado,Não autorizado,"Mínimo: 51 μg 

Máximo: 660 μg","Mínimo: 66 μg 

Máximo: 2.560 μg","Mínimo: 133,5 μg 

Máximo: 3.960,51 μg","Mínimo: 135 μg 

Máximo: 8.975,52 μg","Mínimo: 195 μg 

Máximo: 7.036,33 μg","Mínimo: 150 μg 

Máximo: 6.935,01 μg",
Minerais,Fonte de Cobre,Não autorizado,Não autorizado,"Mínimo: 51 μg
 
Máximo: 660 μg","Mínimo: 66 μg
 
Máximo: 2.560 μg","Mínimo: 133,5 μg 

Máximo: 3.960,51 μg","Mínimo: 135μg 
Máximo: 8.975,52μg","Mínimo: 195 μg 

Máximo: 7.036,33 μg","Mínimo: 150 μg 

Máximo: 6.935,01 μg",
Minerais,Fonte de Cobre,Não autorizado,Não autorizado,Não autorizado,"Mínimo: 66 μg 

Máximo: 2.560 μg","Mínimo: 133,5 μg 

Máximo: 3.960,51 μg","Mínimo: 135 μg 

Máximo: 8.975,52 μg","Mínimo: 195 μg 

Máximo: 7.036,33 μg","Mínimo: 150 μg 

Máximo: 6.935,01 μg",
Minerais,Fonte de Cobre,Não autorizado,Não autorizado,Não autorizado,"Mínimo: 66 μg 

Máximo: 2.560 μg","Mínimo: 133,5 μg 

Máximo: 3.960,51 μg","Mínimo: 135 μg 

Máximo: 8.975,52 μg","Mínimo: 195 μg 

Máximo: 7.036,33 μg","Mínimo: 150 μg
 
Máximo: 6.935,01 μg",
Minerais,Fonte de Cobre,Não autorizado,Não autorizado,Não autorizado,"Mínimo: 66 μg
 
Máximo: 2.560 μg","Mínimo: 133,5 μg 

Máximo: 3.960,51 μg","Mínimo: 135 μg 

Máximo: 8.975,52 μg","Mínimo: 195 μg 

Máximo: 7.036,33 μg","Mínimo: 150 μg 

Máximo: 6.935,01 μg",
Substâncias bioativas,Fonte de Colágeno,Não autorizado,Não autorizado,Não autorizado,Não autorizado,Não autorizado,"Mínimo: 11,5 mg/dia
 
Máximo: Não estabelecido",Não autorizado,Não autorizado,
Substâncias bioativas,Fonte de Colágeno,Não autorizado,Não autorizado,Não autorizado,Não autorizado,Não autorizado,"Mínimo: 11,5 mg/dia

Máximo: Não estabelecido",Não autorizado,Não autorizado,
Substâncias bioativas,Fonte de Colágeno tipo II não desnaturado,Não autorizado,Não autorizado,Não autorizado,Não autorizado,Não autorizado,"Mínimo: 1,2 mg/dia

Máximo: Não estabelecido",Não autorizado,Não autorizado,
Substâncias bioativas,Fonte de compostos fenólicos expressos em ácido rosmarínico,Não autorizado,Não autorizado,Não autorizado,Não autorizado,Não autorizado,"Mínimo: Não estabelecido

Máximo: 160 mg",Não autorizado,Não autorizado,
Substâncias bioativas,Fonte de Condroitina,Não autorizado,Não autorizado,Não autorizado,Não autorizado,Não autorizado,"Mínimo: Não estabelecido 

Máximo: 600 mg/dia",Não autorizado,Não autorizado,
Minerais,Fonte de Cromo,"Mínimo: 0,03 μg 

Máximo: 0,3 μg","Mínimo: 0,825 μg 

Máximo: 8,25 μg","Mínimo: 1,65μg 

Máximo: 16,5μg","Mínimo: 2,25 μg 

Máximo: 22,5 μg","Mínimo: 5,25 μg 

Máximo: 52,5 μg","Mínimo: 5,25 μg 

Máximo: 250 μg","Mínimo: 6,75 μg 

Máximo: 67,5 μg","Mínimo: 4,5 μg
 
Máximo: 45 μg",
Minerais,Fonte de Cromo,Não autorizado,Não autorizado,Não autorizado,"Mínimo: 2,25 μg 

Máximo: 22,5 μg","Mínimo: 5,25 μg 

Máximo: 52,5 μg","Mínimo: 5,25 μg 

Máximo: 250 μg","Mínimo: 6,75 μg 

Máximo: 67,5 μg","Mínimo: 4,5 μg 

Máximo: 45 μg",
Minerais,Fonte de Cromo,Não autorizado,Não autorizado,Não autorizado,"Mínimo: 2,25 μg
 
Máximo: 22,5 μg","Mínimo: 5,25 μg 

Máximo: 52,5 μg","Mínimo: 5,25 μg 

Máximo: 250 μg","Mínimo: 6,75 μg 

Máximo: 67,5 μg","Mínimo: 4,5 μg 

Máximo: 45 μg",
Minerais,Fonte de Cromo,Não autorizado,Não autorizado,Não autorizado,"Mínimo: 2,25 μg
 
Máximo: 22,5 μg","Mínimo: 5,25 μg
 
Máximo: 52,5 μg","Mínimo: 5,25 μg 

Máximo: 250 μg","Mínimo: 6,75 μg 

Máximo: 67,5 μg","Mínimo: 4,5 μg
 
Máximo: 45 μg",
Substâncias bioativas,Fonte de curcumina,Não autorizado,Não autorizado,Não autorizado,Não autorizado,Não autorizado,"Mínimo: 80 mg 
 
 Máximo: 130 mg",Não autorizado,Não autorizado,Não é permitida a associação dos constituintes extrato de rizomas de cúrcuma (Curcuma longa L.) e tetraidrocurcuminoides obtidos a partir de Curcuma longa.
Probióticos,Fonte de de Limosilactobacillus reuteri (Lactobacillus reuteri) (DSM 17938) e Limosilactobacillus reuteri (Lactobacillus reuteri) (ATCC PTA 6475),Não autorizado,Não autorizado,Não autorizado,Não autorizado,Não autorizado,"Mínimo: 2 x 10^8 UFC, sendo 1x10^8 de cada linhagem

Máximo: Não estabelecido",Não autorizado,Não autorizado,
Substâncias bioativas,Fonte de dihidrocapsiato,Não autorizado,Não autorizado,Não autorizado,Não autorizado,Não autorizado,"Mínimo: 3,0 mg

Máximo: 9,0 mg",Não autorizado,Não autorizado,
Substâncias bioativas,Fonte de d-limoneno,Não autorizado,Não autorizado,Não autorizado,Não autorizado,Não autorizado,"Mínimo: 100 mg/dia

 Máximo: 150 mg/dia",Não autorizado,Não autorizado,
Enzimas,Fonte de enzima Alfa-galactosidase de Aspergillus niger,Não autorizado,Não autorizado,Não autorizado,Não autorizado,Não autorizado,"Mínimo: 300 GaIU

 Máximo: 4800 GaIU",Não autorizado,Não autorizado,
Lipídeos,"Fonte de EPA
DHA",Não autorizado,Não autorizado,Não autorizado,"Lipídeos: Não autorizado

EPA e DHA:
Mínimo: 30 mg
Máximo: 200 mg","Lipídeos: Não autorizado

EPA e DHA:
Mínimo: 37,5 mg
Máximo: 250 mg","Lipídeos: 
Mínimo: 5g 

Máximo: Naõ estabelecido

EPA e DHA:
Mínimo: 37,5 mg
 
Máximo: 2.000 mg","Lipídeos: Não autorizado

EPA e DHA: 
Mínimo: 45 mg 

Máximo: 2.000 mg","Lipídeos: Não autorizado

EPA e DHA: 
Mínimo: 45 mg 

Máximo: 2.000 mg","Para Lactantes e Gestantes, quando utilizado EPA + DHA, da recomendação diária de 45 mg, no mínimo 30 mg devem ser de DHA."
Lipídeos,"Fonte de EPA
DHA",Não autorizado,Não autorizado,Não autorizado,"Lipídeos: Não autorizado

EPA e DHA:
Mínimo: 30 mg
Máximo: 200 mg","Lipídeos: Não autorizado

EPA e DHA:
Mínimo: 37,5 mg
Máximo: 250 mg","Lipídeos: 
Mínimo: 5g 
Máximo: Não estabelecido

EPA e DHA: 
Mínimo: 37,5 mg 
Máximo: 2.000 mg","Lipídeos: Não autorizado

EPA e DHA: 
Mínimo: 45 mg 
Máximo: 2.000 mg","Lipídeos: Não autorizado

EPA e DHA: 
Mínimo: 45 mg 
Máximo: 2.000 mg","Para Lactantes e Gestantes, quando utilizado EPA + DHA, da recomendação diária de 45 mg, no mínimo 30 mg devem ser de DHA."
Lipídeos,"Fonte de EPA
DHA",Não autorizado,Não autorizado,Não autorizado,"Lipídeos: Não autorizado

EPA e DHA:
Mínimo: 30 mg/dia
Máximo: 200 mg/dia","Lipídeos: Não autorizado

EPA e DHA:
Mínimo: 37,5 mg/dia
Máximo: 250 mg/dia","Lipídeos: 
Mínimo: 5g 
Máximo: Não estabelecido

EPA e DHA: 
Mínimo: 37,5 mg/dia
Máximo: 2.000 mg/dia","Lipídeos: Não autorizado

EPA e DHA: 
Mínimo: 45 mg/dia 
Máximo: 2.000 mg/dia","Lipídeos: Não autorizado

EPA e DHA: 
Mínimo: 45 mg/dia
Máximo: 2.000 mg/dia","Para Lactantes e Gestantes, quando utilizado EPA + DHA, da recomendação diária de 45 mg, no mínimo 30 mg devem ser de DHA."
Minerais,Fonte de Ferro,"Mínimo: 0,04 mg

Máximo: 39,73 mg","Mínimo: 1,65 mg 

Máximo: 29 mg","Mínimo: 1,05 mg 

Máximo: 33 mg","Mínimo: 1,5 mg 

Máximo: 30 mg","Mínimo: 2,25 mg 

Máximo: 29 mg","Mínimo: 2,7 mg 

Máximo: 34,31 mg","Mínimo: 1,5 mg 

Máximo: 34,96 mg","Mínimo: 4,05 mg 

Máximo: 34,71 mg",
Minerais,Fonte de Ferro,"Mínimo: 0,04 mg

Máximo: 39,73 mg","Mínimo: 1,65 mg 

Máximo: 29 mg","Mínimo: 1,05 mg 

Máximo: 33 mg","Mínimo: 1,5 mg 

Máximo: 30 mg","Mínimo: 2,25 mg 

Máximo: 29mg","Mínimo: 2,7 mg 

Máximo: 34,31 mg","Mínimo: 1,5 mg 

Máximo: 34,96 mg","Mínimo: 4,05 mg 

Máximo: 34,71 mg",
Minerais,Fonte de Ferro,"Mínimo: 0,04 mg

Máximo: 39,73 mg","Mínimo: 1,65 mg 

Máximo: 29 mg","Mínimo: 1,05 mg 

Máximo: 33 mg","Mínimo: 1,5 mg
 
Máximo: 30 mg","Mínimo: 2,25 mg 

Máximo: 29 mg","Mínimo: 2,7 mg 

Máximo: 34,31 mg","Mínimo: 1,5 mg 

Máximo: 34,96 mg","Mínimo: 4,05 mg 

Máximo: 34,71 mg",
Minerais,Fonte de Ferro,"Mínimo: 0,04 mg

Máximo: 39,73 mg","Mínimo: 1,65 mg 

Máximo: 29 mg","Mínimo: 1,05 mg
 
Máximo: 33 mg","Mínimo: 1,5 mg
 
Máximo: 30 mg","Mínimo: 2,25 mg 

Máximo: 29 mg","Mínimo: 2,7 mg 

Máximo: 34,31 mg","Mínimo: 1,5 mg 

Máximo: 34,96 mg","Mínimo: 4,05 mg
 
Máximo: 34,71 mg",
Minerais,Fonte de Ferro,Não autorizado,Não autorizado,Não autorizado,"Mínimo: 1,5 mg 

Máximo: 30 mg","Mínimo: 2,25 mg 

Máximo: 29 mg","Mínimo: 2,7 mg 

Máximo: 34,31 mg","Mínimo: 1,5 mg 

Máximo: 34,96 mg","Mínimo: 4,05 mg 

Máximo: 34,71 mg",
Minerais,Fonte de Ferro,Não autorizado,Não autorizado,Não autorizado,"Mínimo: 1,5 mg 

Máximo: 30 mg","Mínimo: 2,25 mg 

Máximo: 29 mg","Mínimo: 2,7 mg 

Máximo: 34,31 mg","Mínimo: 1,5 mg 

Máximo: 34,96mg","Mínimo: 4,05 mg 

Máximo: 34,71 mg",
Minerais,Fonte de Ferro,Não autorizado,Não autorizado,Não autorizado,"Mínimo: 1,5 mg 

Máximo: 30 mg","Mínimo: 2,25 mg 

Máximo: 29 mg","Mínimo: 2,7mg 
Máximo: 34,31mg","Mínimo: 1,5 mg 

Máximo: 34,96 mg","Mínimo: 4,05 mg 

Máximo: 34,71 mg",
Minerais,Fonte de Ferro,Não autorizado,Não autorizado,Não autorizado,"Mínimo: 1,5 mg
 
Máximo: 30 mg","Mínimo: 2,25 mg 

Máximo: 29 mg","Mínimo: 2,7 mg 

Máximo: 34,31 mg","Mínimo: 1,5 mg 

Máximo: 34,96 mg","Mínimo: 4,05 mg 

Máximo: 34,71 mg",
Minerais,Fonte de Fósforo,Não autorizado,Não autorizado,Não autorizado,"Mínimo: 75 mg 
 
Máximo: 2.500 mg","Mínimo: 187,5 mg 

Máximo: 3.077,54 mg","Mínimo: 105 mg 

Máximo: 2.083,89 mg","Mínimo: 187,5 mg 

Máximo: 3.123,51 mg","Mínimo: 187,5 mg 

Máximo: 2.533,15 mg","A razão mínima de cálcio/fósforo deve ser de 1:1 e a razão máxima de 2:1, quando os dois minerais estiverem presentes no produto."
Minerais,Fonte de Fósforo,Não autorizado,Não autorizado,Não autorizado,"Mínimo: 75 mg 

Máximo: 2.500 mg","Mínimo: 187,5 mg 

Máximo: 3.077,54 mg","Mínimo: 105 mg 

Máximo: 2.083,89 mg","Mínimo: 187,5 mg 

Máximo: 3.123,51 mg","Mínimo: 187,5 mg 

Máximo: 2.533,15 mg"," A razão mínima de cálcio/fósforo deve ser de 1:1 e a razão máxima de 2:1, quando os dois minerais estiverem presentes no produto.                            Constituintes permitidos apenas para suplementos líquidos de carboidratos e eletrólitos e suplementos líquidos de eletrólitos, desde que o teor de potássio não ultrapasse 700 miligramas por litro. Os suplementos líquidos de eletrólitos estão permitidos apenas para indivíduos acima de 19 anos de idade, exceto gestantes e lactantes, conforme alteração  nota V do Anexo I da IN 28/2018."
Minerais,Fonte de Fósforo,Não autorizado,Não autorizado,Não autorizado,"Mínimo: 75 mg 

Máximo: 2.500 mg","Mínimo: 187,5 mg 

Máximo: 3.077,54 mg","Mínimo: 105 mg 

Máximo: 2.083,89 mg","Mínimo: 187,5 mg 

Máximo: 3.123,51 mg","Mínimo: 187,5 mg 

Máximo: 2.533,15 mg"," A razão mínima de cálcio/fósforo deve ser de 1:1 e a razão máxima de 2:1, quando os dois minerais estiverem presentes no produto.                        Como Fonte de Potássio esse constituinte é permitido apenas para suplementos líquidos de carboidratos e eletrólitos e suplementos líquidos de eletrólitos, desde que o teor de potássio não ultrapasse 700 miligramas por litro. Os suplementos líquidos de eletrólitos estão permitidos apenas para indivíduos acima de 19 anos de idade, exceto gestantes e lactantes. conforme nota V do Anexo I da IN 28/2018."
Minerais,Fonte de Fósforo,Não autorizado,Não autorizado,Não autorizado,"Mínimo: 75 mg 

Máximo: 2.500 mg","Mínimo: 187,5 mg 

Máximo: 3.077,54 mg","Mínimo: 105 mg 

Máximo: 2.083,89 mg","Mínimo: 187,5 mg 

Máximo: 3.123,51 mg","Mínimo: 187,5 mg 

Máximo: 2.533,15 mg"," A razão mínima de cálcio/fósforo deve ser de 1:1 e a razão máxima de 2:1, quando os dois minerais estiverem presentes no produto. Constituintes permitidos apenas para suplementos líquidos de carboidratos e eletrólitos e suplementos líquidos de eletrólitos, desde que o produto contenha, no mínimo, 460 miligramas de sódio por litro e, no máximo, 1.150 miligramas de sódio por litro. Os suplementos líquidos de eletrólitos estão permitidos apenas para indivíduos acima de 19 anos de idade, exceto gestantes e lactantes, conforme nota VI do Anexo I da IN 28/2018."
Minerais,Fonte de Fósforo,Não autorizado,Não autorizado,Não autorizado,"Mínimo: 75 mg 

Máximo: 2.500 mg","Mínimo: 187,5 mg 

Máximo: 3.077,54 mg","Mínimo: 105 mg 

Máximo: 2.083,89 mg","Mínimo: 187,5 mg 

Máximo: 3.123,51 mg","Mínimo: 187,5 mg 

Máximo: 2.533,15 mg","A razão mínima de cálcio/fósforo deve ser de 1:1 e a razão máxima de 2:1, quando os dois minerais estiverem presentes no produto."
Minerais,Fonte de Fósforo,Não autorizado,Não autorizado,Não autorizado,"Mínimo: 75 mg
 
Máximo: 2.500 mg","Mínimo: 187,5 mg 

Máximo: 3.077,54 mg","Mínimo: 105 mg 

Máximo: 2.083,89 mg","Mínimo: 187,5 mg 

Máximo: 3.123,51 mg","Mínimo: 187,5 mg 

Máximo: 2.533,15 mg"," A razão mínima de cálcio/fósforo deve ser de 1:1 e a razão máxima de 2:1, quando os dois minerais estiverem presentes no produto.                            Como Fonte de Potássio esse constituinte é permitido apenas para suplementos líquidos de carboidratos e eletrólitos e suplementos líquidos de eletrólitos, desde que o teor de potássio não ultrapasse 700 miligramas por litro. Os suplementos líquidos de eletrólitos estão permitidos apenas para indivíduos acima de 19 anos de idade, exceto gestantes e lactantes. conforme nota V do Anexo I da IN 28/2018."
Minerais,Fonte de Fósforo,Não autorizado,Não autorizado,Não autorizado,"Mínimo: 75 mg
 
Máximo: 2.500 mg","Mínimo: 187,5 mg 

Máximo: 3.077,54 mg","Mínimo: 105 mg 

Máximo: 2.083,89 mg","Mínimo: 187,5 mg 

Máximo: 3.123,51 mg","Mínimo: 187,5 mg 

Máximo: 2.533,15 mg"," A razão mínima de cálcio/fósforo deve ser de 1:1 e a razão máxima de 2:1, quando os dois minerais estiverem presentes no produto. Constituintes permitidos apenas para suplementos líquidos de carboidratos e eletrólitos e suplementos líquidos de eletrólitos, desde que o produto contenha, no mínimo, 460 miligramas de sódio por litro e, no máximo, 1.150 miligramas de sódio por litro. Os suplementos líquidos de eletrólitos estão permitidos apenas para indivíduos acima de 19 anos de idade, exceto gestantes e lactantes, conforme nota VI do Anexo I da IN 28/2018."
Minerais,"Fonte de Fósforo
Sódio",Não autorizado,Não autorizado,Não autorizado,"Mínimo: 75 mg
 
Máximo: 2.500 mg","Mínimo: 187,5 mg 

Máximo: 3.077,54 mg","Mínimo: 105 mg 

Máximo: 2.083,89 mg","Mínimo: 187,5 mg 

Máximo: 3.123,51 mg","Mínimo: 187,5 mg 

Máximo: 2.533,15 mg","A razão mínima de cálcio/fósforo deve ser de 1:1 e a razão máxima de 2:1, quando os dois minerais estiverem presentes no produto. Constituintes permitidos apenas para suplementos líquidos de carboidratos e eletrólitos e suplementos líquidos de eletrólitos, desde que o produto contenha, no mínimo, 460 miligramas de sódio por litro e, no máximo, 1.150 miligramas de sódio por litro. Os suplementos líquidos de eletrólitos estão permitidos apenas para indivíduos acima de 19 anos de idade, exceto gestantes e lactantes, conforme nota VI do Anexo I da IN 28/2018."
Substâncias bioativas,Fonte de Glicosaminoglicanos,Não autorizado,Não autorizado,Não autorizado,Não autorizado,Não autorizado,"Mínimo: 2,5 mg 

Máximo: 19,2 mg",Não autorizado,Não autorizado,
Substâncias bioativas,Fonte de Glicosaminoglicanos,Não autorizado,Não autorizado,Não autorizado,Não autorizado,Não autorizado,"Mínimo: 2,5 mg

Máximo: 22,5 mg",Não autorizado,Não autorizado,
Substâncias bioativas,Fonte de glucosamina,Não autorizado,Não autorizado,Não autorizado,Não autorizado,Não autorizado,"Mínimo:  Não estabelecido 

Máximo: 750 mg/dia",Não autorizado,Não autorizado,
Substâncias bioativas,Fonte de glucosamina,Não autorizado,Não autorizado,Não autorizado,Não autorizado,Não autorizado,"Mínimo: Não estabelecido 

Máximo: 750 mg",Não autorizado,Não autorizado,
Substâncias bioativas,Fonte de glutationa,Não autorizado,Não autorizado,Não autorizado,Não autorizado,Não autorizado,"Mínimo: Não especificado   
         
Máximo: 500 mg",Não autorizado,Não autorizado,
Substâncias bioativas,Fonte de Hidroximetilbutirato,Não autorizado,Não autorizado,Não autorizado,Não autorizado,Não autorizado,"Mínimo: Não estabelecido

Máximo: 3 g",Não autorizado,Não autorizado,
Substâncias bioativas,Fonte de hidroxitirosol,Não autorizado,Não autorizado,Não autorizado,Não autorizado,Não autorizado,"""Mínimo: 5mg 

Máximo: 35mg""",Não autorizado,Não autorizado,
Substâncias bioativas,Fonte de hidroxitirosol,Não autorizado,Não autorizado,Não autorizado,Não autorizado,Não autorizado,"Mínimo: 5mg 

Máximo: 35mg",Não autorizado,Não autorizado,
Substâncias bioativas,Fonte de hidroxitirosol,Não autorizado,Não autorizado,Não autorizado,Não autorizado,Não autorizado,"Mínimo: 7,2 mg

 Máximo: 13,92 mg",Não autorizado,Não autorizado,
Outros Nutrientes,Fonte de Inositol,Não autorizado,Não autorizado,Não autorizado,Não autorizado,Não autorizado,"Mínimo: Não estabelecido 

Máximo: 2 g/dia",Não autorizado,Não autorizado,
Probióticos,Fonte de Lacticaseibacillus rhamnosus (Lactobacillus rhamnosus) GG (DSM 33156),"Mínimo: 1 x 10^10 UFC/dia

Máximo: Não estabelecido","Mínimo: 1 x 10^10 UFC/dia

Máximo: Não estabelecido","Mínimo: 1x10^9 UFC/dia 

Máximo: Não estabelecido","Mínimo: 1x10^9 UFC/dia

Máximo: não estabelecido","Mínimo: 1x10^9 UFC/dia

Máximo: não estabelecido","Mínimo: 2x10^9 UFC/dia

Máximo: não estabelecido","Mínimo: 2x10^9 UFC/dia 

  Máximo: Não estabelecido","Mínimo: 2x10^9 UFC/dia

Máximo: Não estabelecido","Os suplementos alimentares contendo probióticos têm obrigatoriedade de registro, conforme Resolução RDC Anvisa nº 240/2018."
Probióticos,Fonte de Lactiplantibacillus plantarum (Lactobacillus plantarum) 299V (DSM 9843),Não autorizado,Não autorizado,Não autorizado,Não autorizado,Não autorizado,"Mínimo: 1 x 10^10 UFC

Máximo: Não estabelecido",Não autorizado,Não autorizado,
Probióticos,"Fonte de Lactobacillus  
Plantarum 299V (DSM 9843)",Não autorizado,Não autorizado,Não autorizado,Não autorizado,Não autorizado,"Mínimo: 1,0 x 10 10 UFC/dia

Máximo: Não estabelecido",Não autorizado,Não autorizado,"Os suplementos alimentares contendo probióticos têm obrigatoriedade de registro, conforme Resolução RDC Anvisa nº 240/2018."
Probióticos,"Fonte de Lactobacillus acidophilus La-14 (ATCC SD5212), Lactobacillus rhamnosus HN001 (ATCC SD5675) e lactoferrina bovina",Não autorizado,Não autorizado,Não autorizado,Não autorizado,Não autorizado,"Mínimo: 1 x10^10, sendo: 8 x10^9 de L. acidophilus La-14 e 2 x10^9 de L. rhamnosus HN001, e 100 mg de lactoferrina

Máximo: Não estabelecido",Não autorizado,Não autorizado,
Probióticos,Fonte de Lactobacillus acidophilus NCFM (ATCCSD5221),Não autorizado,Não autorizado,Não autorizado,Não autorizado,Não autorizado,"Mínimo: 1 x 10^9UFC/dia
  Máximo: Não estabelecido",Não autorizado,Não autorizado,"Os suplementos alimentares contendo probióticos têm obrigatoriedade de registro, conforme Resolução RDC Anvisa nº 240/2018."
Probióticos,Fonte de Lactobacillus coryniformis CECT 5711,Não autorizado,Não autorizado,Não autorizado,Não autorizado,Não autorizado,"Somente para idosos acima de 65 anos Mínimo: 3x10^9 UFC/dia

 Máximo: Não estabelecido",Não autorizado,Não autorizado,"Os suplementos alimentares contendo probióticos têm obrigatoriedade de registro, conforme Resolução RDC Anvisa nº 240/2018."
Probióticos,Fonte de Lactobacillus fermentum (CECT 5716),Não autorizado,Não autorizado,Não autorizado,Não autorizado,Não autorizado,Não autorizado,"Mínimo: 3 x 10^9 UFC

Máximo: Não estabelecido",Não autorizado,
Probióticos,Fonte de Lactobacillus fermentum CECT 5716,Não autorizado,Não autorizado,Não autorizado,Não autorizado,Não autorizado,Não autorizado,"Mínimo: 3x10^9 UFC/dia

Máximo: Não estabelecido",Não autorizado,
Probióticos,Fonte de Lactobacillus gasseri BNR17 (KCTC 10902BP),Não autorizado,Não autorizado,Não autorizado,Não autorizado,Não autorizado,"Mínimo: 1 x 10^10 UFC/dia

Máximo: Não estabelecido",Não autorizado,Não autorizado,"Os suplementos alimentares contendo probióticos têm obrigatoriedade de registro, conforme Resolução RDC Anvisa nº 240/2018."
Probióticos,"Fonte de Lactobacillus helveticus - 52 (R0052), Bifidobacterium longum ssp. infantis - 33 (R0033) e Bifidobacterium
bifidum -71 (R0071)","Mínimo: 3 × 10^9 UFC/dia, sendo
0,6 x 10^9 UFC/dia de
Bifodobacterium
bifidum R0071; 0,6 x
10^9 UFC/dia de
Bifodobacterium
longum ssp. infantis
R0033; 1,8 x 10^9
UFC/dia de
Lactobacillus
helveticus R0052
(somente para
lactentes a partir de 3
meses)

Máximo: Nâo estabelecido","Mínimo: 3 × 10^9 UFC/dia, sendo
0,6 x 10^9 UFC/dia de
Bifodobacterium
bifidum R0071; 0,6 x
10^9 UFC/dia de
Bifodobacterium
longum ssp. infantis
R0033; 1,8 x 10^9
UFC/dia de
Lactobacillus
helveticus R0052

Máximo: Nâo estabelecido","Mínimo: 3 × 10^9 UFC/dia, sendo
0,6 x 10^9 UFC/dia de
Bifodobacterium
bifidum R0071; 0,6 x
10^9 UFC/dia de
Bifodobacterium
longum ssp. infantis
R0033; 1,8 x 10^9
UFC/dia de
Lactobacillus
helveticus R0052

Máximo: Nâo estabelecido",Não autorizado,Não autorizado,Não autorizado,Não autorizado,Não autorizado,
Probióticos,Fonte de Lactobacillus helveticus R0052 (CNCM I-1722) e de Bifidobacterium longum R0175 (CNCM I-3470),Não autorizado,Não autorizado,Não autorizado,Não autorizado,Não autorizado,"Mínimo: 3 x 10^9 UFC/dia (sendo 2,7 x 10^9 UFC de L. helveticus e 3 x 10^8 UFC de B. longum) 

 Máximo: Não estabelecido",Não autorizado,Não autorizado,"Os suplementos alimentares contendo probióticos têm obrigatoriedade de registro, conforme Resolução RDC Anvisa nº 240/2018."
Probióticos,"Fonte de LACTOBACILLUS PLANTARUM (CECT 7527), LACTOBACILLUS PLANTARUM (CECT 7528), LACTOBACILLUS PLANTARUM (CECT 7529)","Mínimo: 1,2 x 10^9 UFC/dia 
Máximo: Não estabelecido","Mínimo: 1,2 x 10^9 UFC/dia 
Máximo: Não estabelecido","Mínimo: 1,2 x 10^9 UFC/dia 
Máximo: Não estabelecido","Mínimo: 1,2 x 10^9 UFC/dia 
Máximo: Não estabelecido","Mínimo: 1,2 x 10^9 UFC/dia 
Máximo: Não estabelecido","Mínimo: 1,2 x 10^9 UFC/dia 
Máximo: Não estabelecido",Não autorizado,Não autorizado,"Os suplementos alimentares contendo probióticos têm obrigatoriedade de registro, conforme Resolução RDC Anvisa nº 240/2018."
Probióticos,Fonte de Lactobacillus plantarum DR7,Não autorizado,Não autorizado,Não autorizado,Não autorizado,Não autorizado,"Mínimo: 1 X 10^9

 Máximo : não estabelecido",Não autorizado,Não autorizado,"Os suplementos alimentares contendo probióticos têm obrigatoriedade de registro, conforme Resolução RDC Anvisa nº 240/2018."
Probióticos,Fonte de Lactobacillus reuteri/ Limosilactobacillus reuteri (DSM 17938),"Mínimo: 1 x 10^8 UFC/dia

 Máximo: não estabelecido","Mínimo: 1 x 10^8 UFC/dia

 Máximo: não estabelecido","Mínimo: 1 x 10^8 UFC/dia

 Máximo: não estabelecido","Mínimo: 1 x 10^8 UFC/dia

 Máximo: não estabelecido","Mínimo: 1 x 10^8 UFC/dia

 Máximo: não estabelecido","Mínimo: 1 x 10^8 UFC/dia

Máximo: Não estabelecido",Não autorizado,Não autorizado,"Os suplementos alimentares contendo probióticos têm obrigatoriedade de registro, conforme Resolução RDC Anvisa nº 240/2018."
Probióticos,Fonte de Lactobacillus rhamnosus 19070-2 (DSM 26357) e de Lactobacillus reuteri DSM 12246 (CBS 145621),"Mínimo: 2,5 x 10^8, sendo 1,25 x 108 UFC para cada linhagem

Máximo: Não especificado","Mínimo: 4 x 10^10, sendo 2 x 10^10 UFC para cada linhagem

Máximo: Não especificado","Mínimo: 4 x 10^10, sendo 2 x 10^10 UFC para cada linhagem

Máximo: Não especificado","Mínimo: 4 x 10^10, sendo 2 x 10^10 UFC para cada linhagem

Máximo: Não especificado","Mínimo: 4 x 10^10, sendo 2 x 10^10 UFC para cada linhagem

Máximo: Não especificado",Não autorizado,Não autorizado,Não autorizado,
Probióticos,Fonte de Lactobacillus rhamnosus GG/Lacticaseibacillus rhamnosus GG (ATCC 53103),"Mínimo: 1 x 10^10 UFC/dia

Máximo: Não estabelecido","Mínimo: 1 x 10^10 UFC/dia

 Máximo: Não estabelecido","Mínimo: 1 x 10^10 UFC/dia

Máximo: Não estabelecido","Mínimo: 1 x 10^10 UFC/dia

Máximo: não estabelecido","Mínimo: 1 x 10^10 UFC/dia

Máximo: Não estabelecido","Mínimo: 1 x 10^10 UFC/dia

 Máximo: Não estabelecido","Mínimo: 1 x 10^10 UFC/dia 

 Máximo: Não estabelecido","Mínimo: 1 x 10^10 UFC/dia

 Máximo: Não estabelecido","Os suplementos alimentares contendo probióticos têm obrigatoriedade de registro, conforme Resolução RDC Anvisa nº 240/2018."
Probióticos,Fonte de Lactobacillus rhamnosus HN001/ Lacticaseibacillus rhamnosus HN001  (ATCC SD 5675),"Mínimo: 6 x 10^9 UFC/dia

 Máximo: Não estabelecido","Mínimo: 6 x 10^9 UFC/dia

Máximo: Não estabelecido","Mínimo: 6 x 10^9 UFC/dia

 Máximo: Não estabelecido",Não autorizado,Não autorizado,Não autorizado,"Mínimo: 6 x 10^9 UFC/dia 

Máximo: Não estabelecido","Mínimo: 6 x 10^9 UFC/dia

Máximo: Não estabelecido","Os suplementos alimentares contendo probióticos têm obrigatoriedade de registro, conforme Resolução RDC Anvisa nº 240/2018."
Probióticos,Fonte de LACTOBACILLUS RHAMNOSUS NCC 4007 (CGMCC 13724),"Mínimo: 1x10^9 UFC/dia

Máximo: Não estabelecido","Mínimo: 1x10^9 UFC/dia

Máximo: Não estabelecido","Mínimo: 1x10^9 UFC/dia

Máximo: Não estabelecido","Mínimo: 1x10^9 UFC/dia

Máximo: não estabelecido","Mínimo: 1x10^9 UFC/dia

Máximo: não estabelecido","Mínimo: 1x10^9 UFC/dia

 Máximo: não estabelecido","Mínimo: 1x10^9 UFC/dia

Máximo: Não estabelecido","Mínimo: 1x10^9 UFC/dia

Máximo: Não estabelecido","Os suplementos alimentares contendo probióticos têm obrigatoriedade de registro, conforme Resolução RDC Anvisa nº 240/2018."
Probióticos,Fonte de Lactobacillus rhamnosus R0011 /Lacticaseibacillus rhamnosus R0011 (CNCM I-1720) e de Lactobacillus helveticus R0052 (CNCM I-1722),Não autorizado,Não autorizado,Não autorizado,"Mínimo: 4 x 10^9 UFC/dia (sendo 3,8 x 10^9 UFC de L. rhamnosus e 2 x 10^8 UFC de L. helveticus)/dia   

Máximo: Não estabelecido","Mínimo: 4 x 10^9 UFC/dia (sendo 3,8 x 10^9 UFC de L. rhamnosus e 2 x 10^8 UFC de L. helveticus)/dia

Máximo: Não estabelecido","Mínimo: 8 x 10^9 UFC/dia (sendo 7,6 x 10^9 UFC de L. rhamnosus e 4 x 10^8 UFC de L. helveticus)/dia

  Máximo: Não estabelecido",Não autorizado,Não autorizado,"Os suplementos alimentares contendo probióticos têm obrigatoriedade de registro, conforme Resolução RDC Anvisa nº 240/2018."
Probióticos,"Fonte de Lactobacillus rhamnosus s 19070-2 (DSM 26357) e Lactobacillus reuteri DSM 12246 (CBS
145621)","2,5 x 10 8 UFC/dia da associação de linhagens na proporção 1:1 (1,25 x 10 8 UFC/dia de cada linhagem)","4,0 x 10 10 UFC dia da associação de linhagens na proporção 1:1 (2 x 10 10 UFC/dia de cada linhagem)","4,0 x 10 10 UFC dia da associação de linhagens na proporção 1:1 (2 x 10 10 UFC/dia de cada linhagem);","4,0 x 10 10 UFC dia da associação de linhagens na proporção 1:1 (2 x 10 10 UFC/dia de cada linhagem)","4,0 x 10 10 UFC dia da associação de linhagens na proporção 1:1 (2 x 10 10 UFC/dia de cada linhagem)",Não autorizado,Não autorizado,Não autorizado,"Os suplementos alimentares contendo probióticos têm obrigatoriedade de registro, conforme Resolução RDC Anvisa nº 240/2018."
Substâncias bioativas,Fonte de Lactoferrina,"Mínimo: 48 mg

Máximo: 100 mg","Mínimo: 48 mg

Máximo: 100 mg","Mínimo: 48 mg

Máximo: 100 mg","Mínimo: 100 mg

Máximo: 200 mg","Mínimo: 100 mg

Máximo: 200 mg","Mínimo: 200 mg  

 Máximo: 1200 mg",Não autorizado,"Mínimo: 150 mg

Máximo: 300 mg",
Substâncias bioativas,Fonte de L-citrulinilarginina,Não autorizado,Não autorizado,Não autorizado,Não autorizado,Não autorizado,"Mínimo: Não estabelecido

 Máximo: 52,8 mg/dia",Não autorizado,Não autorizado,
Probióticos,Fonte de Limosilactobacillus reuteri (DSM 17938) ou Lactobacillus reuteri (DSM 17938),"Mínimo: 1 x 10^8 UFC/dia

 Máximo: não estabelecido","Mínimo: 1 x 10^8 UFC/dia 

Máximo: Não estabelecido","Mínimo: 1 x 10^8 UFC/dia 

 Máximo: Não estabelecido","Mínimo: 1 x 10^8 UFC/dia 

 Máximo: Não estabelecido","Mínimo: 1 x 10^8 UFC/dia

Máximo: Não estabelecido","Mínimo: 1 x 10^8 UFC/dia 

Máximo: Não estabelecido",Não autorizado,Não autorizado,"Os suplementos alimentares contendo probióticos têm obrigatoriedade de registro, conforme Resolução RDC Anvisa nº 240/2018."
Lipídeos,Fonte de lipídeos,Não autorizado,Não autorizado,Não autorizado,Não autorizado,Não autorizado,"Mínimo: 5 g 

Máximo: Não estabelecido",Não autorizado,Não autorizado,
Lipídeos,Fonte de lipídeos,Não autorizado,Não autorizado,Não autorizado,Não autorizado,Não autorizado,"Mínimo: 5 g

Máximo: Não estabelecido",Não autorizado,Não autorizado,
Lipídeos,Fonte de lipídeos,Não autorizado,Não autorizado,Não autorizado,Não autorizado,Não autorizado,"Mínimo: 5 g/dia

Máximo: Não estabelecido",Não autorizado,Não autorizado,
Lipídeos,Fonte de Lipídeos totais,Não autorizado,Não autorizado,Não autorizado,Não autorizado,Não autorizado,"Mínimo: 5 g/dia 

 Máximo: não estabelecido",Não autorizado,Não autorizado,
Lipídeos,"Fonte de lipídeos
DHA",Não autorizado,Não autorizado,Não autorizado,"Lipídeos: Não autorizado

EPA e DHA:
Mínimo: 30 mg
Máximo: 200 mg","Lipídeos: Não autorizado

EPA e DHA:
Mínimo: 37,5 mg
Máximo: 250 mg","Lipídeos:
Mínimo: 5 g/dia

 Máximo: não estabelecido

EPA e DHA: 
Mínimo: 37,5 g/dia

 Máximo: 2000 mg/dia","Lipídeos
Não autorizado 

EPA e DHA:                        Mínimo: 45 mg/dia     
                 Máximo: 2000 mg/dia","Lipídeos:
Não autorizado 
                            EPA e DHA:                        Mínimo: 45 mg/dia       
               Máximo: 2000 mg/dia","Para Lactantes e Gestantes, quando utilizado EPA + DHA, da recomendação diária de 45 mg, no mínimo 30 mg devem ser de DHA."
Lipídeos,"Fonte de Lipídeos
Fonte de Ácido linoleico n-6",Não autorizado,Não autorizado,Não autorizado,"Lipídeos: Não autorizado

Ácido Linoleico n-6: 
Mínimo: 1,5 g 

Máximo: 15 g","Lipídeos: 
Mínimo: Não autorizado

Ácido Linoleico n-6: 
Mínimo: 2,4g 

Máximo: 24g","Lipídeos: 
Mínimo: 5 g 

Máximo: Não estabelecido

Ácido Linoleico n-6: 
Mínimo: 2,55 g 

Máximo: 25,5 g","Lipídeos: Não autorizado

Ácido Linoleico n-6: 
Mínimo: 1,95 g 

Máximo: 19,5 g","Lipídeos: Não autorizado

Ácido Linoleico n-6: 
Mínimo: 1,95 g 

Máximo: 19,5 g",
Lipídeos,"Fonte de Lipídeos
Fonte de Ácido linoleico n-6",Não autorizado,Não autorizado,Não autorizado,"Lipídeos: Não autorizado

Ácido Linoleico n-6: 
Mínimo: 1,5 g 
Máximo: 15 g","Lipídeos: Não autorizado

Ácido Linoleico n-6: 
Mínimo: 2,4 g 
Máximo: 24 g","Lipídeos: 
Mínimo: 5 g 
Máximo: Não estabelecido

Ácido Linoleico n-6: 
Mínimo: 2,55 g 
Máximo: 25,5 g","Lipídeos: Não autorizado

Ácido Linoleico n-6: 
Mínimo: 1,95 g 
Máximo: 19,5 g","Lipídeos: Não autorizado

Ácido Linoleico n-6: 
Mínimo: 1,95 g 
Máximo: 19,5 g",
Aminoácidos,Fonte de L-teanina,Não autorizado,Não autorizado,Não autorizado,Não autorizado,Não autorizado,"Mínimo: 50 mg/dia

 Máximo: 250 mg/dia",Não autorizado,Não autorizado,
Aminoácidos,Fonte de L-Treonina,Não autorizado,Não autorizado,Não autorizado,Não autorizado,Não autorizado,"Mínimo: 157,5 mg

Máximo: 2.720 mg",Não autorizado,Não autorizado,
Substâncias bioativas,fonte de luteína e zeaxantina,Não autorizado,Não autorizado,Não autorizado,Não autorizado,Não autorizado,"Mínimo: Não estabelecido

Máximo: 20 mg de Luteína e 3 mg de Zeaxantina",Não autorizado,Não autorizado,
Minerais,Fonte de magnésio,Não autorizado,Não autorizado,Não autorizado,"Mínimo: 19,5 mg
 
Máximo: 110 mg","Mínimo: 61,5 mg 

Máximo: 350 mg","Mínimo: 63 mg 

Máximo: 350 mg","Mínimo: 54 mg 

Máximo: 350 mg","Mínimo: 60 mg 

Máximo: 350 mg",
Substâncias bioativas,Fonte de Melatonina,Não autorizado,Não autorizado,Não autorizado,Não autorizado,Não autorizado,"Mínimo: Não estabelecido 

Máximo: 0,21 mg",Não autorizado,Não autorizado,
Substâncias bioativas,Fonte de Oleuropeína,Não autorizado,Não autorizado,Não autorizado,Não autorizado,Não autorizado,"Mínimo: 150 mg/dia

Máximo: 161 mg/dia",Não autorizado,Não autorizado,
Substâncias bioativas,Fonte de oligopeptídeos de colágeno,Não autorizado,Não autorizado,Não autorizado,Não autorizado,Não autorizado,"Mínimo: 1,5 g/dia

Máximo: Não especificado",Não autorizado,Não autorizado,
Substâncias bioativas,Fonte de Palmitoiletanolamida,Não autorizado,Não autorizado,Não autorizado,Não autorizado,Não autorizado,"Mínimo: 150 mg/dia
 
Máximo: 600 mg/dia",Não autorizado,Não autorizado,
Probióticos,"Fonte de Pediococcus acidilactici CECT7483, Lactobacillus plantarum CECT7484 e Lactobacillus plantarum CECT7485",Não autorizado,Não autorizado,Não autorizado,Não autorizado,Não autorizado,"Mínimo: 3 x 10ꝰ UFC/dia (1 x 10ꝰ UFC/dia para cada cepa do produto)

Máximo: Não estabelecido",Não autorizado,Não autorizado,"Os suplementos alimentares contendo probióticos têm obrigatoriedade de registro, conforme Resolução RDC Anvisa nº 240/2018."
Substâncias bioativas,Fonte de peptídeos bioativos,Não autorizado,Não autorizado,Não autorizado,Não autorizado,Não autorizado," Mínimo: Não estabelecido 

Máximo: 4 g",Não autorizado,Não autorizado,"A Agência Mundial de Antidopagem (WADA) desaconselha o uso do colostro bovino por atletas, por conter quantidades de IGF-1 e de outros fatores de crescimento que são proibidos e que podem influenciar o resultado de testes de anti-doping (https://www.wadaama.org/en/questions-answers/prohibited-list-qa).  O limite máximo do ingrediente Colostro bovino integral em pó para consumo é de 4 g / dia."
Substâncias bioativas,Fonte de peptídeos bioativos,Não autorizado,Não autorizado,Não autorizado,Não autorizado,Não autorizado,"Mínimo: Não estabelecido           
                                              Máximo: Não estabelecido",Não autorizado,Não autorizado,
Substâncias bioativas,Fonte de peptídeos bioativos,Não autorizado,Não autorizado,Não autorizado,Não autorizado,Não autorizado,"Mínimo: Não estabelecido 

Máximo: 4 g",Não autorizado,Não autorizado,"A Agência Mundial de Antidopagem (WADA) desaconselha o uso do colostro bovino por atletas, por conter quantidades de IGF-1 e de outros fatores de crescimento que são proibidos e que podem influenciar o resultado de testes de anti-doping (https://www.wadaama.org/en/questions-answers/prohibited-list-qa). O limite máximo do ingrediente Colostro bovino desnatado em pó para consumo é de 4 g / dia."
Substâncias bioativas,Fonte de peptídeos bioativos de colágeno,Não autorizado,Não autorizado,Não autorizado,Não autorizado,Não autorizado,"Mínimo: 2,5 g

 Máximo: Não estabelecido",Não autorizado,Não autorizado,
Substâncias bioativas,Fonte de peptídeos bioativos de colágeno hidrolisado com peso molecular médio 3kDa,Não autorizado,Não autorizado,Não autorizado,Não autorizado,Não autorizado,"Mínimo: 5g            
                                             Máximo: não estabelecido",Não autorizado,Não autorizado,
Substâncias bioativas,Fonte de polifenóis,Não autorizado,Não autorizado,Não autorizado,Não autorizado,Não autorizado,"Mínimo:
Polifenóis do açaí: 200 mg 

Antocianinas do açaí: 36 mg 

Máximo:
Polifenóis do açaí: 825 mg 

Antocianinas do açaí: 150 mg",Não autorizado,Não autorizado,
Substâncias bioativas,Fonte de Proantocianidinas de cranberry,Não autorizado,Não autorizado,Não autorizado,Não autorizado,Não autorizado,"Mínimo: Não estabelecido

Máximo: 39 mg (por BL-DMAC)",Não autorizado,Não autorizado,
Substâncias bioativas,Fonte de proantocianidinas de semente de uva,Não autorizado,Não autorizado,Não autorizado,Não autorizado,Não autorizado,"Mínimo: Não estabelecido

 Máximo: 116 mg",Não autorizado,Não autorizado,
Substâncias bioativas,Fonte de proantocianidinas do tipo A,Não autorizado,Não autorizado,Não autorizado,Não autorizado,Não autorizado,"Mínimo: 15 mg

Máximo: 25 mg",Não autorizado,Não autorizado,
Probióticos,Fonte de probiótico,"Mínimo: 1 x 10^9 UFC/dia

Máximo: Não especificado","Mínimo: 1 x 10^9 UFC/dia

Máximo: Não especificado","Mínimo: 1 x 10^9 UFC/dia

Máximo: Não especificado",Não autorizado,Não autorizado,"Mínimo: 1 x 10^9 UFC/dia

Máximo: Não especificado",Não autorizado,"Mínimo: 1 x 10^9 UFC/dia

Máximo: Não especificado",
Probióticos,Fonte de probiótico,Não autorizado,Não autorizado,Não autorizado,Não autorizado,Não autorizado,"Mínimo: 1 x 10^9 UFC/dia

Máximo: Não especificado",Não autorizado,Não autorizado,
Probióticos,fonte de probiótico em suplementos alimentares,Não autorizado,Não autorizado,Não autorizado,"Mínimo: 1 × 10⁸ Esporos/ porção


Máximo: Não estabelecido","Mínimo: 1 × 10⁸ Esporos/ porção


Máximo: Não estabelecido","Mínimo: 2 × 10⁹ Esporos/ porção


Máximo: Não estabelecido",Não autorizado,Não autorizado,
Probióticos,fonte de probiótico em suplementos alimentares,Não autorizado,Não autorizado,Não autorizado,Não autorizado,Não autorizado,"Mínimo: 1 × 10¹⁰ UFC

Máximo: Não estabelecido",Não autorizado,Não autorizado,
Probióticos,fonte de probiótico em suplementos alimentares,Não autorizado,Não autorizado,Não autorizado,Não autorizado,Não autorizado,"Mínimo: 2x10^9 UFC, sendo: 1x10^9 UFC de L. rhamnosus (DSM33426) e 1x10^9 UFC de L. reuteri RC-14
Máximo: Não estabelecido",Não autorizado,Não autorizado,
Probióticos,fonte de probiótico em suplementos alimentares,Não autorizado,Não autorizado,Não autorizado,Não autorizado,Não autorizado,"Mínimo: 3 × 10⁹ UFC (1 × 10⁹ UFC por linhagem)


Máximo: Não estabelecido",Não autorizado,Não autorizado,
Substâncias bioativas,Fonte de procianidinas,Não autorizado,Não autorizado,Não autorizado,Não autorizado,Não autorizado,"Mínimo: 32,5 mg 

Máximo: 262,5 mg",Não autorizado,Não autorizado,
Enzimas,Fonte de Protease de Aspergillus niger expressa em Aspergillus niger,Não autorizado,Não autorizado,Não autorizado,Não autorizado,Não autorizado,"Mínimo: 333.334 PPI

  Máximo: 2.000.000 PPI",Não autorizado,Não autorizado,
Substâncias bioativas,Fonte de quercetina,Não autorizado,Não autorizado,Não autorizado,Não autorizado,Não autorizado,"Mínimo: Não estabelecido

Máximo: 280 mg/dia",Não autorizado,Não autorizado,
Substâncias bioativas,Fonte de Ramnogalacturonano,Não autorizado,Não autorizado,Não autorizado,Não autorizado,Não autorizado,"Mínimo: 300 mg/dia

Máximo: 4140 mg/dia",Não autorizado,Não autorizado,
Substâncias bioativas,Fonte de saponinas (glicosídeos de furostanol),Não autorizado,Não autorizado,Não autorizado,Não autorizado,Não autorizado,"Mínimo: NE
Máximo: 450 mg",Não autorizado,Não autorizado,
Probióticos,Fonte de Streptococcus salivarius K12,Não autorizado,Não autorizado,Não autorizado,"Mínimo: 1 x 10^9 UFC/dia

Máximo: não estabelecido","Mínimo: 1 x 10^9 UFC/dia

Máximo: não estabelecido","Mínimo: 1 x 10^9 UFC/dia

Máximo: Não estabelecido",Não autorizado,Não autorizado,
Substâncias bioativas,Fonte de tetraidrocurcuminoides,Não autorizado,Não autorizado,Não autorizado,Não autorizado,Não autorizado,"Mínimo: Não estabelecido

Máximo: 120 mg/dia",Não autorizado,Não autorizado,Não é permitida a associação dos constituintes extrato de rizomas de cúrcuma (Curcuma longa L.) e tetraidrocurcuminoides obtidos a partir de Curcuma longa.
Substâncias bioativas,Fonte de Trans-Resveratrol,Não autorizado,Não autorizado,Não autorizado,Não autorizado,Não autorizado,"Mínimo: Não estabelecido
 
Máximo: 165 mg",Não autorizado,Não autorizado,
Substâncias bioativas,Fonte de transresveratrol de Saccharomyces cerevisiae,Não autorizado,Não autorizado,Não autorizado,Não autorizado,Não autorizado,"Mínimo: Não estabelecido
 
Máximo: 165mg",Não autorizado,Não autorizado,
Substâncias bioativas,Fonte de verbascosídeo,Não autorizado,Não autorizado,Não autorizado,Não autorizado,Não autorizado,"Mínimo: 3.2 mg 

Máximo: 7,68 mg",Não autorizado,Não autorizado,
Vitaminas,Fonte de Vitamina B 12,Não autorizado,Não autorizado,Não autorizado,Não autorizado,Não autorizado,"Mínimo: 180 mg/dia (equivalente a 0,36 μg de vitamina B12)

Máximo: 2,485 g/dia (equivalente a 9,94 μg de vitamina B12)",Não autorizado,Não autorizado,
Vitaminas,Fonte de vitamina D 2 (ergocalciferol),Não autorizado,Não autorizado,"Mínimo: 2,25 μg

Máximo: 31,5 μg","Mínimo: 2,25 μg

Máximo: 37,5 μg","Mínimo: 2,25 μg

Máximo: 50 μg","Mínimo: 3 μg

Máximo: 50 μg","Mínimo: 2,25 μg

Máximo: 50,0 μg","Mínimo: 2,25 μg

Máximo: 50,0 μg",
Substâncias bioativas,Fonte de Xilo-oligossacarídeos,Não autorizado,Não autorizado,Não autorizado,Não autorizado,Não autorizado,"Mínimo: Não estabelecido

Máximo: 2 g",Não autorizado,Não autorizado,
Substâncias bioativas,Fonte de α-glucana,Não autorizado,Não autorizado,Não autorizado,Não autorizado,Não autorizado,"Mínimo: 600 mg/dia

 Máximo: 1800 mg/dia",Não autorizado,Não autorizado,
Substâncias bioativas,"Fonte de
hidroximetilbutirato",Não autorizado,Não autorizado,Não autorizado,Não autorizado,Não autorizado,"Mínimo: Não estabelecido

 Máximo: 3 g/ dia",Não autorizado,Não autorizado,
Aminoácidos,Fonte do aminoácido Ácido L-Glutâmico,Não autorizado,Não autorizado,Não autorizado,Não autorizado,Não autorizado,"Mínimo: Não estabelecido

Máximo: 15.880 mg",Não autorizado,Não autorizado,
Aminoácidos,Fonte do aminoácido Aspartato,Não autorizado,Não autorizado,Não autorizado,Não autorizado,Não autorizado,"Mínimo: Não estabelecido

Máximo: 5.320 mg",Não autorizado,Não autorizado,
Aminoácidos,Fonte do aminoácido Beta-alanina,Não autorizado,Não autorizado,Não autorizado,Não autorizado,Não autorizado,"Mínimo: Não estabelecido

Máximo: 2 g (em doses de no máximo 300 mg com intervalo de 2 horas entre as doses)",Não autorizado,Não autorizado,
Aminoácidos,Fonte do aminoácido L-Alanina,Não autorizado,Não autorizado,Não autorizado,Não autorizado,Não autorizado,"Mínimo: Não estabelecido

Máximo: 3.320 mg",Não autorizado,Não autorizado,
Aminoácidos,Fonte do aminoácido L-Cisteína,Não autorizado,Não autorizado,Não autorizado,Não autorizado,Não autorizado,"Mínimo: 42 mg

Máximo: 830 mg",Não autorizado,Não autorizado,"A soma da quantidade de metionina e cisteína deve ser de, no mínimo, 157,5 miligramas."
Aminoácidos,Fonte do aminoácido L-Fenilalanina,Não autorizado,Não autorizado,Não autorizado,Não autorizado,Não autorizado,"Mínimo: 262,5 mg

Máximo: 2.820 mg",Não autorizado,Não autorizado,"A soma da quantidade de fenilalanina e tirosina deve ser de, no mínimo, 262,5 miligramas."
Aminoácidos,Fonte do aminoácido L-Glutamina,Não autorizado,Não autorizado,Não autorizado,Não autorizado,Não autorizado,"Mínimo: Não estabelecido

Máximo: 5.000 mg",Não autorizado,Não autorizado,
Aminoácidos,Fonte do aminoácido L-Histidina,Não autorizado,Não autorizado,Não autorizado,Não autorizado,Não autorizado,,Não autorizado,Não autorizado,
Aminoácidos,Fonte do aminoácido L-Histidina,Não autorizado,Não autorizado,Não autorizado,Não autorizado,Não autorizado,"Mínimo: 105 mg

Máximo: 2.120 mg",Não autorizado,Não autorizado,
Aminoácidos,Fonte do aminoácido L-Isoleucina,Não autorizado,Não autorizado,Não autorizado,Não autorizado,Não autorizado,"Mínimo: 210 mg

Máximo: 3.240 mg",Não autorizado,Não autorizado,
Aminoácidos,Fonte do aminoácido L-Leucina,Não autorizado,Não autorizado,Não autorizado,Não autorizado,Não autorizado,"Mínimo: 409,5 mg

Máximo: 5.660 mg",Não autorizado,Não autorizado,
Aminoácidos,Fonte do aminoácido L-Metionina,Não autorizado,Não autorizado,Não autorizado,Não autorizado,Não autorizado,"Mínimo: 105 mg

Máximo: 1.530 mg",Não autorizado,Não autorizado,"A soma da quantidade de metionina e cisteína deve ser de, no mínimo, 157,5 miligramas."
Aminoácidos,Fonte do aminoácido L-Prolina,Não autorizado,Não autorizado,Não autorizado,Não autorizado,Não autorizado,"Mínimo: Não estabelecido

Máximo: 5.360 mg",Não autorizado,Não autorizado,
Aminoácidos,Fonte do aminoácido L-Serina,Não autorizado,Não autorizado,Não autorizado,Não autorizado,Não autorizado,"Mínimo: Não estabelicido

Máximo: 3.151 mg",Não autorizado,Não autorizado,
Aminoácidos,Fonte do aminoácido L-Tirosina,Não autorizado,Não autorizado,Não autorizado,Não autorizado,Não autorizado,"Mínimo: 262,5 mg

Máximo: 2.750 mg",Não autorizado,Não autorizado,"A soma da quantidade de fenilalanina e tirosina deve ser de, no mínimo, 262,5 miligramas."
Aminoácidos,Fonte do aminoácido L-Valina,Não autorizado,Não autorizado,Não autorizado,Não autorizado,Não autorizado,"Mínimo: 273 mg

Máximo: 3.600 mg",Não autorizado,Não autorizado,
Proteínas,"Fonte do
aminoácido cisteína",Não autorizado,Não autorizado,Não autorizado,Não autorizado,Não autorizado,"Mínimo: 41,65 mg/dia

Máximo: 823,08 mg/dia",Não autorizado,Não autorizado,
Substâncias bioativas,Fosfatidilserina,Não autorizado,Não autorizado,Não autorizado,Não autorizado,Não autorizado,"Mínimo: Não estabelecido 

Máximo: 400 mg",Não autorizado,Não autorizado,
Substâncias bioativas,Fosfatidilserina,Não autorizado,Não autorizado,Não autorizado,Não autorizado,Não autorizado,"Mínimo: Não estabelecido

Máximo: 400 mg",Não autorizado,Não autorizado,
Minerais,Iodo,Não autorizado,Não autorizado,"Mínimo: 13,5 μg
 
Máximo: 110 μg","Mínimo: 13,5 μg
 
Máximo: 210 μg","Mínimo: 22,5 μg
 
Máximo: 429,07 μg","Mínimo: 22,5μg
 
Máximo: 919,02μg","Mínimo: 43,5μg
 
Máximo: 724,36μg","Mínimo: 33μg
 
Máximo: 717,56μg",
Minerais,Iodo,Não autorizado,Não autorizado,"Mínimo: 13,5 μg
 
Máximo: 110 μg","Mínimo: 13,5 μg
 
Máximo: 210 μg","Mínimo: 22,5 μg
 
Máximo: 429,07μg","Mínimo: 22,5μg
 
Máximo: 919,02μg","Mínimo: 43,5μg
 
Máximo: 724,36μg","Mínimo: 33μg
 
Máximo: 717,56μg",
Substâncias bioativas,Licopeno,Não autorizado,Não autorizado,Não autorizado,Não autorizado,Não autorizado,"Mínimo: Não estabelecido

Máximo: 8 mg",Não autorizado,Não autorizado,
Minerais,Magnésio,Não autorizado,Não autorizado,"Mínimo: 12 mg 

Máximo: 65 mg","Mínimo: 19,5 mg 

Máximo: 110 mg","Mínimo: 61,5 mg 

Máximo: 350 mg","Mínimo: 63 mg 

Máximo: 350 mg","Mínimo: 54 mg 

Máximo: 350 mg","Mínimo: 60 mg 

Máximo: 350 mg",
Minerais,Magnésio,Não autorizado,Não autorizado,"Mínimo: 12 mg 

Máximo: 65 mg","Mínimo: 19,5 mg 

Máximo: 110 mg","Mínimo: 61,5 mg 

Máximo: 350 mg","Mínimo: 63 mg 

Máximo: 350 mg","Mínimo: 54 mg 

Máximo: 350 mg","Mínimo: 60 mg
 
Máximo: 350 mg",
Minerais,Magnésio,Não autorizado,Não autorizado,"Mínimo: 12 mg 

Máximo: 65 mg","Mínimo: 19,5 mg 

Máximo: 110 mg","Mínimo: 61,5 mg 

Máximo: 350 mg","Mínimo: 63 mg
 
Máximo: 350 mg","Mínimo: 54 mg 

Máximo: 350 mg","Mínimo: 60 mg
 
Máximo: 350 mg",
Minerais,Magnésio,Não autorizado,Não autorizado,"Mínimo: 12 mg 

Máximo: 65 mg","Mínimo: 19,5 mg 

Máximo: 110 mg","Mínimo: 61,5 mg
 
Máximo: 350 mg","Mínimo: 63 mg 

Máximo: 350 mg","Mínimo: 54 mg 

Máximo: 350 mg","Mínimo: 60 mg 

Máximo: 350 mg",
Minerais,Magnésio,Não autorizado,Não autorizado,"Mínimo: 12 mg 

Máximo: 65 mg","Mínimo: 19,5 mg
 
Máximo: 110 mg","Mínimo: 61,5 mg 

Máximo: 350 mg","Mínimo: 63 mg 

Máximo: 350 mg","Mínimo: 54 mg 

Máximo: 350 mg","Mínimo: 60 mg 

Máximo: 350 mg",
Minerais,Magnésio,Não autorizado,Não autorizado,"Mínimo: 12 mg
 
Máximo: 65 mg","Mínimo: 19,5 mg 

Máximo: 110 mg","Mínimo: 61,5 mg 

Máximo: 350 mg","Mínimo: 63 mg 

Máximo: 350 mg","Mínimo: 54 mg 

Máximo: 350 mg","Mínimo: 60 mg
 
Máximo: 350 mg",
Minerais,Magnésio,Não autorizado,Não autorizado,"Mínimo: 12 mg
 
Máximo: 65 mg","Mínimo: 19,5 mg 

Máximo: 110 mg","Mínimo: 61,5 mg 

Máximo: 350 mg","Mínimo: 63 mg 

Máximo: 350 mg","Mínimo: 54 mg
 
Máximo: 350 mg","Mínimo: 60 mg
 
Máximo: 350 mg",
Minerais,Magnésio,Não autorizado,Não autorizado,"Mínimo: 12 mg
 
Máximo: 65 mg","Mínimo: 19,5 mg 

Máximo: 110 mg","Mínimo: 61,5 mg
 
Máximo: 350 mg","Mínimo: 63 mg 

Máximo: 350 mg","Mínimo: 54 mg 

Máximo: 350 mg","Mínimo: 60 mg
 
Máximo: 350 mg",
Minerais,Magnésio,Não autorizado,Não autorizado,"Mínimo: 12 mg
 
Máximo: 65 mg","Mínimo: 19,5 mg
 
Máximo: 110 mg","Mínimo: 61,5 mg 

Máximo: 350 mg","Mínimo: 63 mg  

Máximo: 350 mg","Mínimo: 54 mg 

Máximo: 350 mg","Mínimo: 60 mg
 
Máximo: 350 mg",
Minerais,Magnésio,Não autorizado,Não autorizado,"Mínimo: 12mg 
Máximo: 65mg","Mínimo: 19,5 mg
 
Máximo: 110 mg","Mínimo: 61,5 mg 

Máximo: 350 mg","Mínimo: 63 mg 

Máximo: 350 mg","Mínimo: 54 mg 

Máximo: 350 mg","Mínimo: 60 mg 

Máximo: 350 mg",
Minerais,Magnésio,Não autorizado,Não autorizado,Não autorizado,"Mínimo: 19,5 mg 

Máximo: 110 mg","Mínimo: 61,5 mg 

Máximo: 350 mg","Mínimo: 63 mg 
 
Máximo: 350 mg","Mínimo: 54 mg 

Máximo: 350 mg","Mínimo: 60 mg 

Máximo: 350 mg",
Minerais,Magnésio,Não autorizado,Não autorizado,Não autorizado,"Mínimo: 19,5 mg 

Máximo: 110 mg","Mínimo: 61,5 mg 

Máximo: 350 mg","Mínimo: 63 mg 

Máximo: 350 mg","Mínimo: 54 mg 

Máximo: 350 mg","Mínimo: 60 mg 
 
Máximo: 350 mg",
Minerais,Magnésio,Não autorizado,Não autorizado,Não autorizado,"Mínimo: 19,5 mg 

Máximo: 110 mg","Mínimo: 61,5 mg 

Máximo: 350 mg","Mínimo: 63 mg 

Máximo: 350 mg","Mínimo: 54 mg 

Máximo: 350 mg","Mínimo: 60 mg 

Máximo: 350 mg",
Minerais,Magnésio,Não autorizado,Não autorizado,Não autorizado,"Mínimo: 19,5 mg 

Máximo: 110 mg","Mínimo: 61,5 mg 

Máximo: 350 mg","Mínimo: 63 mg 

Máximo: 350 mg","Mínimo: 54 mg 

Máximo: 350 mg","Mínimo: 60 mg
 
Máximo: 350 mg",
Minerais,Magnésio,Não autorizado,Não autorizado,Não autorizado,"Mínimo: 19,5 mg 

Máximo: 110 mg","Mínimo: 61,5 mg 

Máximo: 350 mg","Mínimo: 63 mg
 
Máximo: 350 mg","Mínimo: 54 mg 

Máximo: 350 mg","Mínimo: 60 mg 

Máximo: 350 mg",
Minerais,Magnésio,Não autorizado,Não autorizado,Não autorizado,"Mínimo: 19,5 mg 

Máximo: 110 mg","Mínimo: 61,5 mg
 
Máximo: 350 mg","Mínimo: 63 mg 

Máximo: 350 mg","Mínimo: 54 mg 

Máximo: 350 mg","Mínimo: 60 mg 

Máximo: 350 mg",
Minerais,Magnésio,Não autorizado,Não autorizado,Não autorizado,"Mínimo: 19,5 mg
 
Máximo: 110 mg","Mínimo: 61,5 mg 

Máximo: 350 mg","Mínimo: 63 mg 

Máximo: 350 mg","Mínimo: 54 mg 

Máximo: 350 mg","Mínimo: 60 mg 

Máximo: 350 mg",
Minerais,Magnésio,Não autorizado,Não autorizado,Não autorizado,"Mínimo: 19,5 mg
 
Máximo: 110 mg","Mínimo: 61,5 mg 

Máximo: 350 mg","Mínimo: 63 mg 

Máximo: 350 mg","Mínimo: 54 mg 

Máximo: 350 mg","Mínimo: 60 mg
 
Máximo: 350 mg",
Minerais,Magnésio,Não autorizado,Não autorizado,Não autorizado,"Mínimo: 19,5 mg
 
Máximo: 110 mg","Mínimo: 61,5 mg 

Máximo: 350 mg","Mínimo: 63 mg 

Máximo: 350 mg","Mínimo: 54 mg
 
Máximo: 350 mg","Mínimo: 60 mg 

Máximo: 350 mg",
Minerais,Magnésio,Não autorizado,Não autorizado,Não autorizado,"Mínimo: 19,5 mg
 
Máximo: 110 mg","Mínimo: 61,5 mg 

Máximo: 350 mg","Mínimo: 63 mg
 
Máximo: 350 mg","Mínimo: 54 mg 

Máximo: 350 mg","Mínimo: 60 mg 

Máximo: 350 mg",
Minerais,Manganês,Não autorizado,Não autorizado,Não autorizado,Não autorizado,Não autorizado,"Mínimo: 0,35 mg 

Máximo: 1,66 mg",Não autorizado,Não autorizado,
Substâncias bioativas,Metilsulfonilmetano,Não autorizado,Não autorizado,Não autorizado,Não autorizado,Não autorizado,"Mínimo: Não estabelecido

Máximo: 900 mg/dia.",Não autorizado,Não autorizado,
Minerais,Molibdênio,Não autorizado,Não autorizado,"Mínimo: 2,55 μg

Máximo: 283 μg","Mínimo: 3,3 μg

Máximo: 578 μg","Mínimo:  6,45 μg 

Máximo: 1.057 μg","Mínimo: 6,75 μg 

Máximo: 1.955 μg","Mínimo: 7,5 μg

Máximo: 1.650 μg","Mínimo: 7,5 μg

Máximo: 1.650 μg",
Minerais,Molibdênio,Não autorizado,Não autorizado,"Mínimo: 2,55 μg

Máximo: 283 μg","Mínimo: 3,3 μg

Máximo: 578 μg","Mínimo:  6,45 μg

Máximo: 1.057 μg","Mínimo: 6,75 μg

Máximo: 1.955 μg","Mínimo: 7,5 μg

Máximo: 1.650 μg","Mínimo: 7,5 μg

Máximo: 1.650 μg",
Minerais,Molibdênio,Não autorizado,Não autorizado,Não autorizado,"Mínimo: 3,3 μg

Máximo: 578 μg","Mínimo:  6,45 μg

Máximo: 1.057 μg","Mínimo: 6,75 μg

Máximo: 1.955 μg","Mínimo: 7,5 μg

Máximo: 1.650 μg","Mínimo: 7,5 μg

Máximo: 1.650 μg",
Vitaminas,Niacina,Não autorizado,Não autorizado,"Mínimo: 0,9 mg
 
Máximo: 10 mg","Mínimo: 1,2 mg 

Máximo: 15 mg","Mínimo: 2,4 mg
 
Máximo: 20 mg","Mínimo: 2,4 mg 

Máximo: 35 mg","Mínimo: 2,55 mg 

Máximo: 30 mg","Mínimo: 2,7 mg
 
Máximo: 30 mg","Como niacina equivalente (NE). Niacina equivalente refere-se ao teor de ácido nicotínico e nicotinamida somado ao teor de niacina
proveniente da eventual presença de triptofano. 60 mg de triptofano = 1 mg de niacina = 1 mg de niacina equivalente."
Vitaminas,Niacina,Não autorizado,Não autorizado,"Mínimo: 0,9 mg
 
Máximo: 10 mg","Mínimo: 1,2 mg
 
Máximo: 15 mg","Mínimo: 2,4 mg
 
Máximo: 20 mg","Mínimo: 2,4 mg 

Máximo: 35 mg","Mínimo: 2,55 mg 

Máximo: 30 mg","Mínimo: 2,7 mg
 
Máximo: 30mg","Como niacina equivalente (NE). Niacina equivalente refere-se ao teor de ácido nicotínico e nicotinamida somado ao teor de niacina
proveniente da eventual presença de triptofano. 60 mg de triptofano = 1 mg de niacina = 1 mg de niacina equivalente."
Vitaminas,Niacina,Não autorizado,Não autorizado,"Mínimo: 0,9 mg/dia
 
Máximo: 10 mg/dia","Mínimo: 1,2 mg/dia 

Máximo: 15 mg/dia","Mínimo: 2,4 mg/dia
 
Máximo: 20 mg/dia","Mínimo: 2,4 mg/dia 

Máximo: 35 mg/dia","Mínimo: 2,55 mg/dia 

Máximo: 30 mg/dia","Mínimo: 2,7 mg/dia
 
Máximo: 30 mg/dia","Como niacina equivalente (NE). 1 mg de NE = 1 mg de niacina = 2,71 mg de mononucleotídeo de beta-nicotinamida = 60 mg de triptofano."
Minerais,Potássio,-,-,-,-,-,-,-,-,"""Constituintes permitidos apenas para suplementos líquidos de carboidratos e eletrólitos e suplementos líquidos de eletrólitos, desde que o teor de potássio não ultrapasse 700 miligramas por litro. Os suplementos líquidos de eletrólitos estão permitidos apenas para crianças a partir de 9 anos de idade e indivíduos acima de 19 anos de idade, exceto gestantes e lactantes."""
Minerais,Potássio,-,-,-,-,-,-,-,-,"""Constituintes permitidos apenas para suplementos líquidos de carboidratos e eletrólitos e suplementos líquidos de eletrólitos, desde que o teor de potássio não ultrapasse 700 miligramas por litro. Os suplementos líquidos de eletrólitos estão permitidos apenas para crianças a partir de 9 anos de idade e indivíduos com idade igual ou acima de 19 anos de idade, exceto gestantes e lactantes."""
Proteínas,Proteína,Não autorizado,Não autorizado,Não autorizado,"Mínimo: 2,85 g 

Máximo: Não estabelecido","Mínimo: 7,8 g 

Máximo: Não estabelecido","Mínimo: 8,4 g 

Máximo: Não estabelecido","Mínimo: 10,65 g 

Máximo: Não estabelecido","Mínimo: 10,65 g 

Máximo: Não estabelecido",
Proteínas,Proteína,Não autorizado,Não autorizado,Não autorizado,"Mínimo: 2,85 g 

Máximo: Não estabelecido","Mínimo: 7,8 g 

Máximo: Não estabelecido","Mínimo: 8,4 g 

Máximo: Não estabelecido","Mínimo: 10,65 g 

Máximo: Não estabelecido","Mínimo: 10,65 g
 
Máximo: Não estabelecido",
Proteínas,Proteína,Não autorizado,Não autorizado,Não autorizado,"Mínimo: 2,85 g 

Máximo: Não estabelecido","Mínimo: 7,8 g 

Máximo: Não estabelecido","Mínimo: 8,4 g 

Máximo: Não estabelecido","Mínimo: 10,65 g
 
Máximo: Não estabelecido","Mínimo: 10,65 g 

Máximo: Não estabelecido",
Proteínas,Proteína,Não autorizado,Não autorizado,Não autorizado,"Mínimo: 2,85 g 

Máximo: Não estabelecido","Mínimo: 7,8 g 

Máximo: Não estabelecido","Mínimo: 8,4 g 

Máximo: Não estabelecido","Mínimo: 10,65 g
 
Máximo: Não estabelecido","Mínimo: 10,65 g
 
Máximo: Não estabelecido",
Proteínas,Proteína,Não autorizado,Não autorizado,Não autorizado,"Mínimo: 2,85 g 

Máximo: Não estabelecido","Mínimo: 7,8 g 

Máximo: Não estabelecido","Mínimo: 8,4 g
 
Máximo: Não estabelecido","Mínimo: 10,65 g 

Máximo: Não estabelecido","Mínimo: 10,65 g 

Máximo: Não estabelecido",
Proteínas,Proteína,Não autorizado,Não autorizado,Não autorizado,"Mínimo: 2,85 g
 
Máximo: Não estabelecido","Mínimo: 7,8 g 

Máximo: Não estabelecido","Mínimo: 8,4 g 

Máximo: Não estabelecido","Mínimo: 10,65 g 

Máximo: Não estabelecido","Mínimo: 10,65 g 

Máximo: Não estabelecido",
Proteínas,Proteína,Não autorizado,Não autorizado,Não autorizado,"Mínimo: 2,85 g
 
Máximo: Não estabelecido","Mínimo: 7,8 g 

Máximo: Não estabelecido","Mínimo: 8,4 g 

Máximo: Não estabelecido","Mínimo: 10,65 g 

Máximo: Não estabelecido","Mínimo: 10,65 g
 
Máximo: Não estabelecido",
Proteínas,Proteína,Não autorizado,Não autorizado,Não autorizado,Não autorizado,Não autorizado,"Mínimo: 8,4 g 

Máximo: Não estabelecido",Não autorizado,Não autorizado,
Substâncias bioativas,Rutina,Não autorizado,Não autorizado,Não autorizado,Não autorizado,Não autorizado,"Mínimo: Não estabelecido

Máximo: 0,6 mg",Não autorizado,Não autorizado,
Minerais,Selênio,"Mínimo: 2,25 μg

Máximo: 30 μg","Mínimo: 3 μg

Máximo: 40 μg","Mínimo: 3 μg

Máximo: 70 μg","Mínimo: 4,5 μg

Máximo: 120 μg","Mínimo: 8,25 μg

Máximo: 202,46 μg","Mínimo: 8,25 μg

Máximo: 319,75 μg","Mínimo: 10,5 μg

Máximo: 320,20 μg","Mínimo: 9 μg

Máximo: 309,65 μg",
Minerais,Selênio,Não autorizado,Não autorizado,Não autorizado,"Mínimo: 4,5 μg

Máximo: 120 μg","Mínimo: 8,25 μg

Máximo: 202,46 μg","Mínimo: 8,25 μg

Máximo: 319,75 μg","Mínimo: 10,5 μg

Máximo: 320,20 μg","Mínimo: 9 μg

Máximo: 309,65 μg",
Substâncias bioativas,Silício,Não autorizado,Não autorizado,Não autorizado,Não autorizado,Não autorizado,"Mínimo: Não estabelecido 

  Máximo: 15,67 mg",Não autorizado,Não autorizado,
Substâncias bioativas,Silício,Não autorizado,Não autorizado,Não autorizado,Não autorizado,Não autorizado,"Mínimo: Não estabelecido 

 Máximo: 15,67 mg",Não autorizado,Não autorizado,
Substâncias bioativas,Silício,Não autorizado,Não autorizado,Não autorizado,Não autorizado,Não autorizado,"Mínimo: Não estabelecido

 Máximo: 15,67 mg",Não autorizado,Não autorizado,
Minerais,Sódio,-,-,-,-,-,-,-,-,"Constituintes permitidos apenas para suplementos líquidos de carboidratos e eletrólitos e suplementos líquidos de eletrólitos, desde que o produto contenha, no mínimo, 460 miligramas de sódio por litro e, no máximo, 1.150 miligramas de sódio por litro. Os suplementos líquidos de eletrólitos estão permitidos apenas para indivíduos acima de 19 anos de idade, exceto gestantes e lactantes, conforme nota VI do Anexo I da IN 28/2018."
Outros Nutrientes,Taurina,Não autorizado,Não autorizado,Não autorizado,Não autorizado,Não autorizado,"Mínimo: Não estabelecido

Máximo: 2.000 mg",Não autorizado,Não autorizado,
Vitaminas,Vitamina A,"Mínimo: 60 μg

Máximo: 200 μg","Mínimo: 75 μg

Máximo: 100 μg","Mínimo:45 μg

Máximo: 300 μg","Mínimo: 60 μg

Máximo: 500 μg","Mínimo: 135 μg

Máximo: 1.350,96 μg","Mínimo: 135 μg

Máximo: 2.623,61 μg","Mínimo: 195 μg

Máximo: 2.434,07 μg","Mínimo: 115,5 μg

Máximo: 2.414,35 μg","
Como equivalente de atividade de retinol (RAE). 1 RAE = 3,33 UI de vitamina A (atividade de retinol) = 1 mcg retinol, 12 mcg b-caroteno, 24 mcg a-caroteno ou 24 mcg b-criptoxantina"
Vitaminas,Vitamina A,"Mínimo: 60 μg

Máximo: 200 μg","Mínimo: 75 μg

Máximo: 100 μg","Mínimo:45 μg

Máximo: 300 μg","Mínimo: 60 μg

Máximo: 500 μg","Mínimo: 135 μg

Máximo: 1.350,96 μg","Mínimo: 135 μg

Máximo: 2.623,61 μg","Mínimo: 195 μg

Máximo: 2.434,07 μg","Mínimo: 115,5 μg

Máximo: 2.414,35 μg","Como equivalente de atividade de retinol (RAE). 1 RAE = 3,33 UI de vitamina A (atividade de retinol) = 1 mcg retinol, 12 mcg b-caroteno, 24 mcg a-caroteno ou 24 mcg b-criptoxantina"
Vitaminas,Vitamina A,Não autorizado,Não autorizado,Não autorizado,Não autorizado,Não autorizado,"Mínimo: 135 µg

Máximo: 2.623,61 µg",Não autorizado,Não autorizado,
Vitaminas,Vitamina B1,"Mínimo: 0,03 mg 

Máximo: 0,3 mg","Mínimo: 0,045 mg
 
Máximo: 0,45 mg","Mínimo: 0,075 mg 

Máximo: 0,75 mg","Mínimo: 0,09 mg 

Máximo: 0,9 mg","Mínimo: 0,18 mg 

Máximo:  2,14 mg","Mínimo: 0,18 mg 

Máximo: 2,02 mg","Mínimo: 0,21 mg 

Máximo: 1,93 mg","Mínimo: 0,21 mg 

Máximo: 2,11 mg",
Vitaminas,Vitamina B1,"Mínimo: 0,03 mg 

Máximo: 0,3 mg","Mínimo: 0,045 mg
 
Máximo: 0,45 mg","Mínimo: 0,075 mg 

Máximo: 0,75 mg","Mínimo: 0,09 mg
 
Máximo: 0,9 mg","Mínimo: 0,18 mg 

Máximo:  2,14 mg","Mínimo: 0,18 mg
 
Máximo: 2,02 mg","Mínimo: 0,21 mg 

Máximo: 1,93 mg","Mínimo: 0,21 mg 

Máximo: 2,11 mg",
Vitaminas,Vitamina B12,"Mínimo: 0,06 μg

Máximo: 0,6 μg","Mínimo: 0,075 μg

Máximo: 0,75 μg","Mínimo: 0,135 μg

Máximo: 1,35 μg","Mínimo: 0,18 μg

Máximo: 1,8 μg","Mínimo: 0,36 μg

Máximo: 9,64 μg","Mínimo: 0,36 μg 

Máximo: 9,94 μg","Mínimo: 0,42 μg

Máximo: 10,07 μg","Mínimo: 0,39 μg

Máximo: 10,46 μg",
Vitaminas,Vitamina B12,"Mínimo: 0,06 μg

Máximo: 0,6 μg","Mínimo: 0,075 μg

Máximo: 0,75 μg","Mínimo: 0,135 μg

Máximo: 1,35 μg","Mínimo: 0,18 μg

Máximo: 1,8 μg","Mínimo: 0,36 μg

Máximo: 9,64 μg","Mínimo: 0,36 μg

Máximo: 9,94 μg","Mínimo: 0,42 μg

Máximo: 10,07 μg","Mínimo: 0,39 μg

Máximo: 10,46 μg",
Vitaminas,Vitamina B12,Não autorizado,Não autorizado,Não autorizado,"Mínimo: 0,18 μg

Máximo: 1,8 μg","Mínimo: 0,36 μg

Máximo: 9,64 μg","Mínimo: 0,36 μg

Máximo: 9,94 μg","Mínimo: 0,42 μg

Máximo: 10,07 μg","Mínimo: 0,39 μg

Máximo: 10,46 μg",
Vitaminas,Vitamina B6,Não autorizado,Não autorizado,"Mínimo: 0,075 mg 

Máximo: 29,5 mg","Mínimo: 0,09 mg
 
Máximo: 39,4 mg","Mínimo: 0,195 mg 

Máximo: 58,63 mg","Mínimo: 0,26 mg 

Máximo: 98,60 mg","Mínimo: 0,3 mg 
 
Máximo: 78,68 mg","Mínimo: 0,285 mg 

Máximo: 78,59 mg",
Vitaminas,Vitamina B6,Não autorizado,Não autorizado,Não autorizado,"Mínimo: 0,09 mg
 
Máximo: 39,4 mg","Mínimo: 0,195 mg 

Máximo: 58,63 mg","Mínimo: 0,26 mg 

Máximo: 98,60 mg","Mínimo: 0,3 mg 

Máximo: 78,68 mg","Mínimo: 0,285 mg 

Máximo: 78,59 mg",
Vitaminas,Vitamina C,Não autorizado,Não autorizado,"Mínimo: 2,25 mg 

Máximo: 385 mg","Mínimo: 3,75 mg 

Máximo: 625 mg","Mínimo: 11,25 mg 

Máximo: 1.125,65 mg","Mínimo: 13,5 mg 

Máximo: 1.916,02 mg","Mínimo: 18 mg 

Máximo: 1.726,73 mg","Mínimo: 12,75 mg 

Máximo: 1.723,43 mg",
Vitaminas,Vitamina C,Não autorizado,Não autorizado,"Mínimo: 2,25 mg 

Máximo: 385 mg","Mínimo: 3,75 mg 

Máximo: 625 mg","Mínimo: 11,25 mg 

Máximo: 1.125,65 mg","Mínimo: 13,5 mg
 
Máximo: 1.916,02 mg","Mínimo: 18 mg 

Máximo: 1.726,73 mg","Mínimo: 12,75 mg 

Máximo: 1.723,43 mg",
Vitaminas,Vitamina C,Não autorizado,Não autorizado,"Mínimo: 2,25 mg 

Máximo: 385 mg","Mínimo: 3,75 mg
 
Máximo: 625 mg","Mínimo: 11,25 mg 

Máximo: 1.125,65 mg","Mínimo: 13,5 mg 

Máximo: 1.916,02 mg","Mínimo: 18 mg 

Máximo: 1.726,73 mg","Mínimo: 12,75 mg 

Máximo: 1.723,43 mg",
Vitaminas,Vitamina C,Não autorizado,Não autorizado,"Mínimo: 2,25 mg 

Máximo: 385 mg","Mínimo: 3,75 mg
 
Máximo: 625 mg","Mínimo: 11,25mg 

Máximo: 1.125,65mg","Mínimo: 13,5 mg 

Máximo: 1.916,02 mg","Mínimo: 18 mg 

Máximo: 1.726,73 mg","Mínimo: 12,75 mg 

Máximo: 1.723,43 mg",
Vitaminas,Vitamina D,"Mínimo: 1,5 μg

Máximo: 12,5 μg","Mínimo: 1,5 μg

Máximo: 19,0 μg","Mínimo: 2,25 μg

Máximo: 31,5 μg","Mínimo: 2,25 μg

Máximo: 37,5 μg","Mínimo: 2,25 μg
 
Máximo: 50,0 μg","Mínimo: 3 μg

Máximo: 50,0 μg","Mínimo: 2,25 μg

Máximo: 50,0 μg","Mínimo: 2,25 μg

Máximo: 50,0 μg",Como Colecalciferol. 1 μg colecalciferol = 40 UI vitamina D.
Vitaminas,Vitamina D,"Mínimo: 1,5 μg

Máximo: 12,5 μg","Mínimo: 1,5 μg

Máximo: 19,0 μg","Mínimo: 2,25 μg

Máximo: 31,5 μg","Mínimo: 2,25 μg

Máximo: 37,5 μg","Mínimo: 2,25 μg

Máximo: 50,0 μg","Mínimo: 3 μg

Máximo: 50,0 μg","Mínimo: 2,25 μg

Máximo: 50,0 μg","Mínimo: 2,25 μg

Máximo: 50,0 μg",Como Colecalciferol. 1 μg colecalciferol = 40 UI vitamina D.
Vitaminas,Vitamina D,Não autorizado,Não autorizado,Não autorizado,Não autorizado,"A partir de 11 anos                                       Mínimo: 1 μg   
                                                               Máximo: 16,67 μg","Mínimo: 1 μg

Máximo: 16,67 μg","Mínimo: 1 μg

Máximo: 16,67 μg","Mínimo: 1 μg

Máximo: 16,67 μg",Como Calcidiol. 1 μg calcidiol = 120 UI vitamina D.
Vitaminas,Vitamina E,Não autorizado,Não autorizado,"Mínimo: 0,9 mg 

Máximo: 200 mg","Mínimo: 1,05 mg 

Máximo: 300 mg","Mínimo: 2,25 mg 
 
Máximo: 600 mg","Mínimo: 2,25 mg 

Máximo: 1000 mg","Mínimo: 2,85 mg 

Máximo: 800 mg","Mínimo: 2,25 mg
  
Máximo: 800 mg","Como α-tocoferol. α-Tocoferol inclui RRR-α-tocoferol, a única forma de α-tocoferol que ocorre naturalmente em alimentos, e as formas 2R-estereoisoméricas de α-tocoferol (RRR-, RSR-, RRS- e RSS-α-tocoferol), que ocorrem em alimentos fortificados e suplementos. Considerando a forma sintética disponível comercialmente (rac-α-tocoferil), com atividade de 0,67 x RRR-α-tocoferol, considera-se 1 UI de vitamina E como 1 mg de acetato de rac-α-tocoferil."
Vitaminas,Vitamina E,Não autorizado,Não autorizado,"Mínimo: 0,9 mg 

Máximo: 200 mg","Mínimo: 1,05 mg 

Máximo: 300 mg","Mínimo: 2,25 mg 

Máximo: 600 mg","Mínimo: 2,25 mg 

Máximo: 1000 mg","Mínimo: 2,85 mg 

Máximo: 800 mg","Mínimo: 2,25 mg 

Máximo: 800 mg","Como α-tocoferol. α-Tocoferol inclui RRR-α-tocoferol, a única forma de α-tocoferol que ocorre naturalmente em alimentos, e as formas 2R-estereoisoméricas de α-tocoferol (RRR-, RSR-, RRS- e RSS-α-tocoferol), que ocorrem em alimentos fortificados e suplementos. Considerando a forma sintética disponível comercialmente (rac-α-tocoferil), com atividade de 0,67 x RRR-α-tocoferol, considera-se 1 UI de vitamina E como 1 mg de acetato de rac-α-tocoferil."
Vitaminas,Vitamina E,Não autorizado,Não autorizado,"Mínimo: 0,9 mg 

Máximo: 200 mg","Mínimo: 1,05 mg 

Máximo: 300 mg","Mínimo: 2,25 mg 

Máximo: 600 mg","Mínimo: 2,25 mg 

Máximo: 1000 mg","Mínimo: 2,85 mg 

Máximo: 800 mg","Mínimo: 2,25 mg
 
Máximo: 800 mg","Como α-tocoferol. α-Tocoferol inclui RRR-α-tocoferol, a única forma de α-tocoferol que ocorre naturalmente em alimentos, e as formas 2R-estereoisoméricas de α-tocoferol (RRR-, RSR-, RRS- e RSS-α-tocoferol), que ocorrem em alimentos fortificados e suplementos. Considerando a forma sintética disponível comercialmente (rac-α-tocoferil), com atividade de 0,67 x RRR-α-tocoferol, considera-se 1 UI de vitamina E como 1 mg de acetato de rac-α-tocoferil."
Vitaminas,Vitamina E,Não autorizado,Não autorizado,"Mínimo: 0,9 mg 

Máximo: 200 mg","Mínimo: 1,05 mg
 
Máximo: 300 mg","Mínimo: 2,25 mg 

Máximo: 600 mg","Mínimo: 2,25 mg 

Máximo: 1000 mg","Mínimo: 2,85 mg 

Máximo: 800 mg","Mínimo: 2,25 mg 

Máximo: 800 mg","Como α-tocoferol. α-Tocoferol inclui RRR-α-tocoferol, a única forma de α-tocoferol que ocorre naturalmente em alimentos, e as formas 2R-estereoisoméricas de α-tocoferol (RRR-, RSR-, RRS- e RSS-α-tocoferol), que ocorrem em alimentos fortificados e suplementos. Considerando a forma sintética disponível comercialmente (rac-α-tocoferil), com atividade de 0,67 x RRR-α-tocoferol, considera-se 1 UI de vitamina E como 1 mg de acetato de rac-α-tocoferil."
Vitaminas,Vitamina E,Não autorizado,Não autorizado,"Mínimo: 0,9 mg 

Máximo: 200 mg","Mínimo: 1,05 mg
 
Máximo: 300 mg","Mínimo: 2,25 mg 

Máximo: 600 mg","Mínimo: 2,25 mg 

Máximo: 1000 mg","Mínimo: 2,85 mg 

Máximo: 800 mg","Mínimo: 2,25 mg
 
Máximo: 800 mg","Como α-tocoferol. α-Tocoferol inclui RRR-α-tocoferol, a única forma de α-tocoferol que ocorre naturalmente em alimentos, e as formas 2R-estereoisoméricas de α-tocoferol (RRR-, RSR-, RRS- e RSS-α-tocoferol), que ocorrem em alimentos fortificados e suplementos. Considerando a forma sintética disponível comercialmente (rac-α-tocoferil), com atividade de 0,67 x RRR-α-tocoferol, considera-se 1 UI de vitamina E como 1 mg de acetato de rac-α-tocoferil."
Vitaminas,Vitamina E,Não autorizado,Não autorizado,"Mínimo: 0,9 mg 

Máximo: 200 mg","Mínimo: 1,05 mg
 
Máximo: 300 mg","Mínimo: 2,25 mg 

Máximo: 600 mg","Mínimo: 2,25 mg
 
Máximo: 1000 mg","Mínimo: 2,85 mg
 
Máximo: 800 mg","Mínimo: 2,25 mg 

Máximo: 800 mg","Como α-tocoferol. α-Tocoferol inclui RRR-α-tocoferol, a única forma de α-tocoferol que ocorre naturalmente em alimentos, e as formas 2R-estereoisoméricas de α-tocoferol (RRR-, RSR-, RRS- e RSS-α-tocoferol), que ocorrem em alimentos fortificados e suplementos. Considerando a forma sintética disponível comercialmente (rac-α-tocoferil), com atividade de 0,67 x RRR-α-tocoferol, considera-se 1 UI de vitamina E como 1 mg de acetato de rac-α-tocoferil."
Vitaminas,Vitamina E,Não autorizado,Não autorizado,"Mínimo: 0,9 mg
 
Máximo: 200 mg","Mínimo: 1,05 mg
 
Máximo: 300 mg","Mínimo: 2,25 mg 

Máximo: 600 mg","Mínimo: 2,25 mg 

Máximo: 1000 mg","Mínimo: 2,85 mg 

Máximo: 800 mg","Mínimo: 2,25 mg 

Máximo: 800 mg","Como α-tocoferol. α-Tocoferol inclui RRR-α-tocoferol, a única forma de α-tocoferol que ocorre naturalmente em alimentos, e as formas 2R-estereoisoméricas de α-tocoferol (RRR-, RSR-, RRS- e RSS-α-tocoferol), que ocorrem em alimentos fortificados e suplementos. Considerando a forma sintética disponível comercialmente (rac-α-tocoferil), com atividade de 0,67 x RRR-α-tocoferol, considera-se 1 UI de vitamina E como 1 mg de acetato de rac-α-tocoferil."
Vitaminas,Vitamina E,Não autorizado,Não autorizado,Não autorizado,"Mínimo: 1,05 mg
 
Máximo: 300 mg","Mínimo: 2,25 mg 

Máximo: 600 mg","Mínimo: 2,25 mg 

Máximo: 1000 mg","Mínimo: 2,85 mg 

Máximo: 800 mg","Mínimo: 2,25 mg 

Máximo: 800 mg","Como α-tocoferol. α-Tocoferol inclui RRR-α-tocoferol, a única forma de α-tocoferol que ocorre naturalmente em alimentos, e as formas 2R-estereoisoméricas de α-tocoferol (RRR-, RSR-, RRS- e RSS-α-tocoferol), que ocorrem em alimentos fortificados e suplementos. Considerando a forma sintética disponível comercialmente (rac-α-tocoferil), com atividade de 0,67 x RRR-α-tocoferol, considera-se 1 UI de vitamina E como 1 mg de acetato de rac-α-tocoferil."
Vitaminas,Vitamina K,"Mínimo: 0,3 μg

Máximo: 3 μg","Mínimo: 0,375 μg

Máximo: 3,75 μg","Mínimo: 4,5 μg

Máximo: 45 μg","Mínimo: 8,25 μg

Máximo: 82,5 μg","Mínimo: 11,25 μg 

Máximo: 129,56 μg","Mínimo: 18 μg

Máximo: 149,06 μg","Mínimo: 13,5 μg

Máximo: 126,02 μg","Mínimo: 13,5 μg

Máximo: 132,31 μg",
Vitaminas,Vitamina K,"Mínimo: 0,3 μg

Máximo: 3 μg","Mínimo: 0,375 μg

Máximo: 3,75 μg","Mínimo: 4,5 μg

Máximo: 45 μg","Mínimo: 8,25 μg

Máximo: 82,5 μg","Mínimo: 11,25 μg

Máximo: 129,56 μg","Mínimo: 18 μg

Máximo: 149,06 μg","Mínimo: 13,5 μg

Máximo: 126,02 μg","Mínimo: 13,5 μg

Máximo: 132,31 μg",
Vitaminas,Vitamina K,Não autorizado,Não autorizado,Não autorizado,"Mínimo: 8,25 μg

Máximo: 82,5 μg","Mínimo: 11,25 μg

Máximo: 129,56 μg","Mínimo: 18 μg

Máximo: 149,06 μg","Mínimo: 13,5 μg

Máximo: 126,02 μg","Mínimo: 13,5 μg

Máximo: 132,31 μg",
Substâncias bioativas,Zeaxantina,Não autorizado,Não autorizado,Não autorizado,Não autorizado,Não autorizado,"Mínimo: Não estabelecido

Máximo: 3 mg",Não autorizado,Não autorizado,
Minerais,Zinco,"Mínimo: 0,3 mg 

Máximo: 2 mg","Mínimo: 0,45 mg 

Máximo: 2 mg","Mínimo: 0,45 mg 

Máximo: 4 mg","Mínimo: 0,75 mg
 
Máximo: 7 mg","Mínimo: 1,65 mg 

Máximo: 12,77 mg","Mínimo: 1,65 mg
 
Máximo: 29,59 mg","Mínimo: 1,95 mg 

Máximo: 24,45 mg","Mínimo: 1,8 mg 

Máximo: 23,50 mg",
Minerais,Zinco,"Mínimo: 0,3 mg 

Máximo: 2 mg","Mínimo: 0,45 mg 

Máximo: 2 mg","Mínimo: 0,45 mg 

Máximo: 4 mg","Mínimo: 0,75 mg
 
Máximo: 7 mg","Mínimo: 1,65mg 

Máximo: 12,77mg","Mínimo: 1,65 mg 

Máximo: 29,59 mg","Mínimo: 1,95 mg 

Máximo: 24,45 mg","Mínimo: 1,8 mg 

Máximo: 23,50 mg",
Minerais,Zinco,"Mínimo: 0,3 mg 

Máximo: 2 mg","Mínimo: 0,45 mg
 
Máximo: 2 mg","Mínimo: 0,45 mg 

Máximo: 4 mg","Mínimo: 0,75 mg 

Máximo: 7 mg","Mínimo: 1,65 mg 
 
Máximo: 12,77 mg","Mínimo: 1,65 mg 

Máximo: 29,59 mg","Mínimo: 1,95 mg 

Máximo: 24,45 mg","Mínimo: 1,8 mg 

Máximo: 23,50 mg",
Minerais,Zinco,"Mínimo: 0,3 mg 

Máximo: 2 mg","Mínimo: 0,45 mg
 
Máximo: 2 mg","Mínimo: 0,45 mg 

Máximo: 4 mg","Mínimo: 0,75 mg 

Máximo: 7 mg","Mínimo: 1,65 mg 

Máximo: 12,77 mg","Mínimo: 1,65 mg  

Máximo: 29,59 mg","Mínimo: 1,95 mg 

Máximo: 24,45 mg","Mínimo: 1,8 mg 

Máximo: 23,50 mg",
Minerais,Zinco,"Mínimo: 0,3 mg 

Máximo: 2 mg","Mínimo: 0,45 mg
 
Máximo: 2 mg","Mínimo: 0,45 mg 

Máximo: 4 mg","Mínimo: 0,75 mg 

Máximo: 7 mg","Mínimo: 1,65 mg 

Máximo: 12,77 mg","Mínimo: 1,65 mg 

Máximo: 29,59 mg","Mínimo: 1,95 mg 

Máximo: 24,45 mg","Mínimo: 1,8 mg 

Máximo: 23,50 mg",
Minerais,Zinco,"Mínimo: 0,3 mg 

Máximo: 2 mg","Mínimo: 0,45 mg
 
Máximo: 2 mg","Mínimo: 0,45 mg 

Máximo: 4 mg","Mínimo: 0,75 mg
 
Máximo: 7 mg","Mínimo: 1,65 mg 

Máximo: 12,77 mg","Mínimo: 1,65 mg 

Máximo: 29,59 mg","Mínimo: 1,95 mg 

Máximo: 24,45 mg","Mínimo: 1,8 mg 

Máximo: 23,50 mg",
Minerais,Zinco,"Mínimo: 0,3 mg
 
Máximo: 2 mg","Mínimo: 0,45 mg 

Máximo: 2 mg","Mínimo: 0,45 mg 

Máximo: 4 mg","Mínimo: 0,75 mg
 
Máximo: 7 mg","Mínimo: 1,65 mg
 
Máximo: 12,77mg","Mínimo: 1,65 mg
 
Máximo: 29,59 mg","Mínimo: 1,95 mg 

Máximo: 24,45 mg","Mínimo: 1,8 mg 

Máximo: 23,50 mg",
Minerais,Zinco,Não autorizado,Não autorizado,Não autorizado,"Mínimo: 0,75 mg 

Máximo: 7 mg","Mínimo: 1,65 mg 

Máximo: 12,77 mg","Mínimo: 1,65 mg 

Máximo: 29,59 mg","Mínimo: 1,95 mg 

Máximo: 24,45 mg","Mínimo: 1,8 mg 

Máximo: 23,50 mg",
Minerais,Zinco,Não autorizado,Não autorizado,Não autorizado,"Mínimo: 0,75 mg 

Máximo: 7 mg","Mínimo: 1,65 mg 

Máximo: 12,77 mg","Mínimo: 1,65 mg 

Máximo: 29,59 mg","Mínimo: 1,95 mg
 
Máximo: 24,45 mg","Mínimo: 1,8 mg 

Máximo: 23,50 mg",
Minerais,Zinco,Não autorizado,Não autorizado,Não autorizado,"Mínimo: 0,75 mg 

Máximo: 7 mg","Mínimo: 1,65 mg 

Máximo: 12,77 mg","Mínimo: 1,65 mg
 
Máximo: 29,59 mg","Mínimo: 1,95 mg 

Máximo: 24,45 mg","Mínimo: 1,8 mg 

Máximo: 23,50 mg",
Minerais,Zinco,Não autorizado,Não autorizado,Não autorizado,"Mínimo: 0,75 mg
 
Máximo: 7 mg","Mínimo: 1,65 mg 

Máximo: 12,77 mg","Mínimo: 1,65 mg 

Máximo: 29,59 mg","Mínimo: 1,95 mg 

Máximo: 24,45 mg","Mínimo: 1,8 mg 

Máximo: 23,50 mg",
Minerais,Zinco,Não autorizado,Não autorizado,Não autorizado,"Mínimo: 0,75 mg
 
Máximo: 7 mg","Mínimo: 1,65 mg 

Máximo: 12,77 mg","Mínimo: 1,65 mg 

Máximo: 29,59 mg","Mínimo: 1,95 mg 

Máximo: 24,45 mg","Mínimo: 1,8 mg 

Máximo: 23,50 mg","Para suplementos alimentares, deve atender os limites mínimos e máximos por grupo populacional definidos na IN nº 28/2018."
Vitaminas,Zinco,"Mínimo: 0,3 mg 

Máximo: 2 mg","Mínimo: 0,45 mg 

Máximo: 2 mg","Mínimo: 0,45 mg 

Máximo: 4 mg","Mínimo: 0,75 mg
 
Máximo: 7 mg","Mínimo: 1,65 mg 

Máximo: 12,77 mg","Mínimo: 1,65 mg 

Máximo: 29,59 mg","Mínimo: 1,95 mg 

Máximo: 24,45 mg","Mínimo: 1,8 mg 

Máximo: 23,50 mg",
